Afghanistan,CR1,13
Afghanistan,F11,3
Afghanistan,F21,8
Afghanistan,F31,1
Afghanistan,F32,1
Afghanistan,F33,3
Afghanistan,F42,1
Afghanistan,F43,3
Afghanistan,FX1,18
Afghanistan,FX2,3
Afghanistan,FX3,6
Afghanistan,IR1,8
Afghanistan,IR2,1
Afghanistan,IR5,31
Afghanistan,SB1,5
Afghanistan,SQ1,46
Afghanistan,SQ2,51
Afghanistan,SQ3,152
Albania,CR1,13
Albania,CR2,1
Albania,DV1,116
Albania,DV2,75
Albania,DV3,60
Albania,E32,1
Albania,F11,4
Albania,F12,3
Albania,F21,11
Albania,F22,1
Albania,F24,6
Albania,F31,1
Albania,F32,1
Albania,F33,1
Albania,F41,21
Albania,F42,18
Albania,F43,21
Albania,FX1,11
Albania,FX2,2
Albania,IH3,1
Albania,IR1,2
Albania,IR2,1
Albania,IR5,76
Albania,SB1,1
Albania,SE1,1
Albania,SE2,2
Albania,SE3,4
Algeria,CR1,12
Algeria,DV1,79
Algeria,DV2,26
Algeria,DV3,25
Algeria,F11,1
Algeria,F21,13
Algeria,F41,1
Algeria,FX2,1
Algeria,IR1,6
Algeria,IR2,2
Algeria,IR5,13
Angola,F21,1
Angola,IR1,2
Angola,IR2,4
Angola,IR5,1
Antigua and Barbuda,CR1,1
Antigua and Barbuda,E31,1
Antigua and Barbuda,F11,2
Antigua and Barbuda,F12,2
Antigua and Barbuda,FX2,1
Antigua and Barbuda,IR2,1
Antigua and Barbuda,IR5,3
Argentina,CR1,9
Argentina,CR2,2
Argentina,DV1,1
Argentina,E11,2
Argentina,E14,2
Argentina,E15,1
Argentina,E21,1
Argentina,E31,1
Argentina,E34,1
Argentina,E35,1
Argentina,F11,4
Argentina,F12,2
Argentina,F24,1
Argentina,F41,2
Argentina,F42,1
Argentina,F43,4
Argentina,FX1,1
Argentina,FX2,6
Argentina,I51,1
Argentina,I52,1
Argentina,IR1,3
Argentina,IR2,7
Argentina,IR5,10
Armenia,CR1,7
Armenia,CR2,4
Armenia,DV1,46
Armenia,DV2,32
Armenia,DV3,49
Armenia,E11,1
Armenia,E14,1
Armenia,E15,3
Armenia,F11,5
Armenia,F12,4
Armenia,F21,1
Armenia,F22,1
Armenia,F24,1
Armenia,F31,2
Armenia,F32,2
Armenia,F33,6
Armenia,F43,1
Armenia,FX1,3
Armenia,IH3,1
Armenia,IR1,1
Armenia,IR2,3
Armenia,IR5,47
Aruba,CR1,1
Aruba,IR2,2
Australia,CR1,15
Australia,DV1,32
Australia,DV2,7
Australia,DV3,6
Australia,E11,1
Australia,E21,1
Australia,E32,1
Australia,E34,1
Australia,E35,1
Australia,FX1,1
Australia,IR1,12
Australia,IR2,1
Australia,IR5,1
Austria,CR1,3
Austria,DV1,1
Austria,E15,1
Austria,F12,1
Austria,FX2,1
Austria,IR1,1
Azerbaijan,CR1,1
Azerbaijan,DV1,22
Azerbaijan,DV2,15
Azerbaijan,DV3,11
Azerbaijan,E21,1
Azerbaijan,F21,1
Azerbaijan,F23,3
Azerbaijan,F41,1
Azerbaijan,F42,1
Azerbaijan,F43,2
Azerbaijan,FX1,1
Azerbaijan,IR1,1
Azerbaijan,IR5,13
"Bahamas, The",CR1,2
"Bahamas, The",CR2,1
"Bahamas, The",E31,1
"Bahamas, The",FX2,5
"Bahamas, The",IR1,4
"Bahamas, The",IR2,2
Bahrain,CR1,1
Bahrain,F11,1
Bahrain,IR2,1
Bangladesh,CR1,92
Bangladesh,CR2,5
Bangladesh,E22,1
Bangladesh,E31,1
Bangladesh,E34,1
Bangladesh,E35,1
Bangladesh,F11,6
Bangladesh,F12,1
Bangladesh,F21,11
Bangladesh,F22,7
Bangladesh,F23,4
Bangladesh,F24,10
Bangladesh,F31,5
Bangladesh,F32,5
Bangladesh,F33,10
Bangladesh,F41,118
Bangladesh,F42,102
Bangladesh,F43,192
Bangladesh,FX1,58
Bangladesh,FX2,25
Bangladesh,FX3,22
Bangladesh,I51,1
Bangladesh,IR1,74
Bangladesh,IR2,25
Bangladesh,IR4,5
Bangladesh,IR5,322
Bangladesh,SB1,1
Barbados,CR1,1
Barbados,F11,3
Barbados,F41,1
Barbados,F42,1
Barbados,IR1,1
Barbados,IR2,3
Barbados,IR5,3
Belarus,CR1,2
Belarus,DV1,33
Belarus,DV2,26
Belarus,DV3,24
Belarus,E11,1
Belarus,E14,2
Belarus,E23,1
Belarus,E32,2
Belarus,E34,1
Belarus,F11,1
Belarus,F21,3
Belarus,F23,3
Belarus,F31,2
Belarus,F32,2
Belarus,F33,1
Belarus,FX1,1
Belarus,FX2,1
Belarus,IR1,2
Belarus,IR2,2
Belarus,IR5,15
Belarus,SE1,1
Belarus,SE2,1
Belarus,SE3,1
Belgium,DV2,1
Belgium,DV3,2
Belgium,F22,2
Belgium,IR1,1
Belize,CR1,2
Belize,CR2,3
Belize,F11,1
Belize,F12,1
Belize,IR1,3
Belize,IR2,3
Belize,IR5,5
Belize,SE1,1
Belize,SE2,1
Belize,SE3,1
Benin,DV1,11
Benin,DV2,5
Benin,DV3,2
Benin,F21,3
Benin,F22,1
Benin,FX1,1
Benin,FX2,3
Benin,IR1,2
Benin,IR2,9
Benin,IR5,3
Bermuda,IR1,1
Bolivia,CR1,3
Bolivia,CR2,3
Bolivia,DV1,1
Bolivia,DV2,1
Bolivia,DV3,3
Bolivia,EW4,1
Bolivia,EW5,1
Bolivia,F11,2
Bolivia,F33,2
Bolivia,F41,2
Bolivia,F42,2
Bolivia,F43,2
Bolivia,FX2,5
Bolivia,IR1,5
Bolivia,IR2,1
Bolivia,IR5,12
Bosnia and Herzegovina,CR1,2
Bosnia and Herzegovina,DV1,1
Bosnia and Herzegovina,DV2,1
Bosnia and Herzegovina,F31,2
Bosnia and Herzegovina,F41,1
Bosnia and Herzegovina,F42,1
Bosnia and Herzegovina,F43,2
Bosnia and Herzegovina,FX1,1
Bosnia and Herzegovina,IR1,4
Bosnia and Herzegovina,IR2,3
Bosnia and Herzegovina,IR5,9
Bosnia and Herzegovina,SE1,1
Botswana,IR2,1
Brazil,CR1,32
Brazil,CR2,6
Brazil,E11,3
Brazil,E14,3
Brazil,E15,1
Brazil,E21,4
Brazil,E22,3
Brazil,E23,3
Brazil,E31,8
Brazil,E34,4
Brazil,E35,4
Brazil,F11,8
Brazil,F12,9
Brazil,F21,3
Brazil,F22,2
Brazil,F24,4
Brazil,F31,2
Brazil,F32,3
Brazil,F33,4
Brazil,F41,11
Brazil,F42,5
Brazil,F43,14
Brazil,FX1,2
Brazil,FX2,4
Brazil,FX3,4
Brazil,I51,1
Brazil,IB3,3
Brazil,IR1,116
Brazil,IR2,55
Brazil,IR5,89
Brazil,T51,1
Brazil,T52,1
Brazil,T53,1
British Virgin Islands,F12,1
British Virgin Islands,F43,1
British Virgin Islands,FX1,1
British Virgin Islands,IR2,1
Brunei,E35,1
Bulgaria,CR1,3
Bulgaria,DV1,14
Bulgaria,DV2,11
Bulgaria,DV3,10
Bulgaria,E31,1
Bulgaria,EW3,1
Bulgaria,EW4,1
Bulgaria,F11,4
Bulgaria,F21,1
Bulgaria,F41,3
Bulgaria,F42,3
Bulgaria,F43,3
Bulgaria,FX1,1
Bulgaria,FX2,1
Bulgaria,FX3,2
Bulgaria,IH3,5
Bulgaria,IR1,3
Bulgaria,IR2,1
Bulgaria,IR5,10
Burkina Faso,CR1,3
Burkina Faso,CR2,1
Burkina Faso,DV1,9
Burkina Faso,DV2,2
Burkina Faso,IR2,2
Burkina Faso,IR5,1
Burma,CR1,14
Burma,DV1,1
Burma,DV2,1
Burma,F11,2
Burma,F21,3
Burma,F22,3
Burma,F24,4
Burma,F31,4
Burma,F32,2
Burma,F33,2
Burma,F41,5
Burma,F42,4
Burma,F43,9
Burma,FX1,1
Burma,FX2,1
Burma,IR1,4
Burma,IR2,4
Burma,IR5,20
Burundi,CR1,2
Burundi,DV1,3
Burundi,DV2,1
Burundi,DV3,2
Burundi,IR5,3
Cabo Verde,CR1,2
Cabo Verde,CR2,6
Cabo Verde,F11,17
Cabo Verde,F12,20
Cabo Verde,F21,3
Cabo Verde,F22,6
Cabo Verde,F23,1
Cabo Verde,F24,6
Cabo Verde,F25,11
Cabo Verde,F31,2
Cabo Verde,F32,2
Cabo Verde,F33,4
Cabo Verde,FX1,5
Cabo Verde,FX2,7
Cabo Verde,FX3,6
Cabo Verde,IR1,2
Cabo Verde,IR2,12
Cabo Verde,IR5,24
Cambodia,CR1,12
Cambodia,CR2,3
Cambodia,DV1,6
Cambodia,DV2,2
Cambodia,DV3,4
Cambodia,E21,1
Cambodia,E23,1
Cambodia,E31,1
Cambodia,F11,12
Cambodia,F12,4
Cambodia,F21,3
Cambodia,F24,9
Cambodia,F41,7
Cambodia,F42,5
Cambodia,F43,9
Cambodia,FX1,8
Cambodia,FX2,9
Cambodia,FX3,11
Cambodia,IR1,18
Cambodia,IR2,5
Cambodia,IR5,74
Cambodia,SD1,5
Cambodia,SE1,1
Cambodia,SE2,1
Cambodia,SE3,1
Cambodia,SR1,1
Cameroon,CR1,11
Cameroon,DV1,83
Cameroon,DV2,23
Cameroon,DV3,52
Cameroon,F11,1
Cameroon,F21,9
Cameroon,F22,2
Cameroon,F23,3
Cameroon,F24,6
Cameroon,F25,2
Cameroon,F41,1
Cameroon,FX1,14
Cameroon,FX2,8
Cameroon,FX3,8
Cameroon,IR1,10
Cameroon,IR2,21
Cameroon,IR5,58
Cameroon,SB1,2
Canada,CR1,27
Canada,CR2,1
Canada,E11,4
Canada,E13,2
Canada,E14,2
Canada,E15,3
Canada,E21,1
Canada,E32,1
Canada,E35,4
Canada,F11,4
Canada,F12,1
Canada,F21,2
Canada,F22,4
Canada,F41,1
Canada,F43,3
Canada,FX1,4
Canada,FX2,9
Canada,FX3,5
Canada,I51,2
Canada,I52,1
Canada,I53,4
Canada,IR1,28
Canada,IR2,8
Canada,IR5,5
Canada,SD1,1
Canada,SD2,1
Central African Republic,CR1,1
Central African Republic,IR3,1
Chad,CR1,2
Chad,IR1,1
Chad,IR5,1
Chile,E22,1
Chile,E32,1
Chile,F11,1
Chile,F41,1
Chile,F43,1
Chile,FX1,1
Chile,IR1,5
Chile,IR2,3
Chile,IR5,10
China - mainland born,C51,1
China - mainland born,C52,1
China - mainland born,C53,1
China - mainland born,CR1,107
China - mainland born,CR2,23
China - mainland born,E21,1
China - mainland born,E31,31
China - mainland born,E32,1
China - mainland born,E34,26
China - mainland born,E35,32
China - mainland born,EW3,3
China - mainland born,EW4,1
China - mainland born,EW5,6
China - mainland born,F11,38
China - mainland born,F12,12
China - mainland born,F21,136
China - mainland born,F22,49
China - mainland born,F23,11
China - mainland born,F24,60
China - mainland born,F25,19
China - mainland born,F31,21
China - mainland born,F32,20
China - mainland born,F33,26
China - mainland born,F41,216
China - mainland born,F42,168
China - mainland born,F43,151
China - mainland born,FX1,122
China - mainland born,FX2,61
China - mainland born,FX3,8
China - mainland born,I51,19
China - mainland born,I52,12
China - mainland born,I53,36
China - mainland born,IB1,1
China - mainland born,IH3,119
China - mainland born,IR1,115
China - mainland born,IR2,36
China - mainland born,IR5,314
China - mainland born,SB1,3
China - mainland born,SE1,2
China - mainland born,SE2,2
China - mainland born,SE3,1
China - Taiwan born,CR1,5
China - Taiwan born,DV1,4
China - Taiwan born,DV2,1
China - Taiwan born,DV3,2
China - Taiwan born,E13,1
China - Taiwan born,E21,2
China - Taiwan born,E22,2
China - Taiwan born,E23,1
China - Taiwan born,E31,1
China - Taiwan born,E32,1
China - Taiwan born,E34,1
China - Taiwan born,E35,2
China - Taiwan born,EW3,1
China - Taiwan born,EW4,1
China - Taiwan born,F11,3
China - Taiwan born,F12,2
China - Taiwan born,F24,3
China - Taiwan born,F25,2
China - Taiwan born,F31,4
China - Taiwan born,F32,5
China - Taiwan born,F33,6
China - Taiwan born,F41,20
China - Taiwan born,F42,10
China - Taiwan born,F43,28
China - Taiwan born,FX1,3
China - Taiwan born,I51,12
China - Taiwan born,I52,9
China - Taiwan born,I53,20
China - Taiwan born,IR1,14
China - Taiwan born,IR2,1
China - Taiwan born,IR3,1
China - Taiwan born,IR5,15
China - Taiwan born,T51,1
China - Taiwan born,T52,1
China - Taiwan born,T53,2
Colombia,CR1,54
Colombia,CR2,18
Colombia,E11,3
Colombia,E14,3
Colombia,E15,3
Colombia,E21,1
Colombia,E22,1
Colombia,E23,1
Colombia,E31,1
Colombia,E34,1
Colombia,E35,1
Colombia,F11,43
Colombia,F12,23
Colombia,F21,29
Colombia,F22,9
Colombia,F23,20
Colombia,F24,29
Colombia,F25,5
Colombia,F31,6
Colombia,F32,7
Colombia,F33,10
Colombia,F41,33
Colombia,F42,20
Colombia,F43,37
Colombia,FX1,33
Colombia,FX2,11
Colombia,FX3,27
Colombia,IB2,1
Colombia,IH3,9
Colombia,IR1,69
Colombia,IR2,61
Colombia,IR5,109
Colombia,IW1,1
Colombia,SB1,1
Colombia,T51,1
Colombia,T52,1
"Congo, Democratic Republic of the",CR1,4
"Congo, Democratic Republic of the",DV1,127
"Congo, Democratic Republic of the",DV2,49
"Congo, Democratic Republic of the",DV3,82
"Congo, Democratic Republic of the",F11,1
"Congo, Democratic Republic of the",F21,10
"Congo, Democratic Republic of the",F22,8
"Congo, Democratic Republic of the",FX1,7
"Congo, Democratic Republic of the",FX2,10
"Congo, Democratic Republic of the",IR1,4
"Congo, Democratic Republic of the",IR2,4
"Congo, Democratic Republic of the",IR5,14
"Congo, Republic of the",DV1,4
"Congo, Republic of the",DV3,1
"Congo, Republic of the",F11,1
"Congo, Republic of the",IR2,1
"Congo, Republic of the",IR5,3
Costa Rica,CR1,11
Costa Rica,CR2,4
Costa Rica,DV1,1
Costa Rica,DV2,1
Costa Rica,DV3,1
Costa Rica,EW3,1
Costa Rica,F11,1
Costa Rica,F22,2
Costa Rica,F24,1
Costa Rica,F41,2
Costa Rica,F42,1
Costa Rica,F43,1
Costa Rica,FX1,2
Costa Rica,IR1,17
Costa Rica,IR2,12
Costa Rica,IR5,8
Costa Rica,IW1,1
Costa Rica,IW2,1
Cote d'Ivoire,CR1,3
Cote d'Ivoire,DV1,20
Cote d'Ivoire,DV2,2
Cote d'Ivoire,DV3,2
Cote d'Ivoire,F11,5
Cote d'Ivoire,F12,5
Cote d'Ivoire,F21,1
Cote d'Ivoire,F22,3
Cote d'Ivoire,F23,1
Cote d'Ivoire,FX1,2
Cote d'Ivoire,FX2,1
Cote d'Ivoire,IH3,2
Cote d'Ivoire,IR1,5
Cote d'Ivoire,IR2,17
Cote d'Ivoire,IR5,14
Croatia,DV1,3
Croatia,DV2,1
Croatia,DV3,2
Croatia,FX2,2
Croatia,IR1,1
Croatia,IR5,1
Cuba,CR1,6
Cuba,DV1,5
Cuba,DV2,5
Cuba,DV3,8
Cuba,F21,4
Cuba,F24,1
Cuba,F25,1
Cuba,FX1,23
Cuba,FX2,10
Cuba,FX3,19
Cuba,IR1,3
Cuba,IR2,6
Cuba,IR5,14
Curacao,IR1,2
Cyprus,DV1,1
Czech Republic,CR2,1
Czech Republic,DV1,3
Czech Republic,DV2,1
Czech Republic,E11,1
Czech Republic,E14,1
Czech Republic,E15,2
Czech Republic,E21,1
Czech Republic,IR1,4
Czech Republic,IR2,1
Denmark,CR1,2
Denmark,E11,1
Djibouti,DV1,2
Djibouti,DV3,2
Djibouti,FX1,1
Djibouti,IR1,2
Djibouti,IR2,2
Djibouti,IR5,2
Dominica,F11,7
Dominica,F12,7
Dominica,F21,1
Dominica,F24,1
Dominica,F25,1
Dominica,F31,1
Dominica,F32,1
Dominica,F33,1
Dominica,FX1,2
Dominica,FX2,2
Dominica,FX3,3
Dominica,IR2,2
Dominica,IR5,4
Dominican Republic,BX3,2
Dominican Republic,CR1,479
Dominican Republic,CR2,170
Dominican Republic,F11,165
Dominican Republic,F12,209
Dominican Republic,F21,263
Dominican Republic,F22,126
Dominican Republic,F23,137
Dominican Republic,F24,467
Dominican Republic,F25,596
Dominican Republic,F31,4
Dominican Republic,F32,5
Dominican Republic,F33,8
Dominican Republic,F41,56
Dominican Republic,F42,29
Dominican Republic,F43,70
Dominican Republic,FX1,279
Dominican Republic,FX2,146
Dominican Republic,FX3,208
Dominican Republic,IB3,6
Dominican Republic,IR1,421
Dominican Republic,IR2,475
Dominican Republic,IR5,547
Dominican Republic,IW1,2
Dominican Republic,IW2,3
Dominican Republic,SB1,4
Dominican Republic,SE1,1
Ecuador,CR1,30
Ecuador,CR2,11
Ecuador,DV1,10
Ecuador,DV2,4
Ecuador,DV3,9
Ecuador,E31,1
Ecuador,E34,1
Ecuador,E35,7
Ecuador,EW5,1
Ecuador,F11,32
Ecuador,F12,13
Ecuador,F21,19
Ecuador,F22,11
Ecuador,F23,7
Ecuador,F24,34
Ecuador,F25,13
Ecuador,F31,13
Ecuador,F32,12
Ecuador,F33,24
Ecuador,F41,21
Ecuador,F42,15
Ecuador,F43,26
Ecuador,FX1,19
Ecuador,FX2,7
Ecuador,FX3,6
Ecuador,IR1,117
Ecuador,IR2,46
Ecuador,IR5,82
Ecuador,IW1,1
Ecuador,SB1,1
Egypt,CR1,27
Egypt,DV1,119
Egypt,DV2,87
Egypt,DV3,132
Egypt,E11,1
Egypt,E13,1
Egypt,E14,1
Egypt,E21,2
Egypt,E22,2
Egypt,E23,8
Egypt,E31,1
Egypt,E34,1
Egypt,E35,4
Egypt,F11,2
Egypt,F21,11
Egypt,F22,5
Egypt,F24,1
Egypt,F31,2
Egypt,F32,3
Egypt,F33,4
Egypt,F41,10
Egypt,F42,7
Egypt,F43,10
Egypt,FX1,12
Egypt,FX2,16
Egypt,I51,2
Egypt,I52,2
Egypt,I53,3
Egypt,IR1,54
Egypt,IR2,38
Egypt,IR5,78
Egypt,SB1,3
Egypt,SE1,4
Egypt,SE2,4
Egypt,SE3,8
El Salvador,CR1,74
El Salvador,CR2,31
El Salvador,E35,2
El Salvador,EW4,1
El Salvador,EW5,2
El Salvador,F11,72
El Salvador,F12,62
El Salvador,F21,67
El Salvador,F22,33
El Salvador,F23,39
El Salvador,F24,73
El Salvador,F25,48
El Salvador,F31,9
El Salvador,F32,8
El Salvador,F33,23
El Salvador,F41,26
El Salvador,F42,19
El Salvador,F43,33
El Salvador,FX1,112
El Salvador,FX2,68
El Salvador,FX3,47
El Salvador,IB3,2
El Salvador,IR1,461
El Salvador,IR2,198
El Salvador,IR5,149
El Salvador,IW1,2
El Salvador,SB1,1
Eritrea,CR1,15
Eritrea,CR2,1
Eritrea,DV1,6
Eritrea,DV3,3
Eritrea,F11,1
Eritrea,F21,4
Eritrea,F22,1
Eritrea,F24,1
Eritrea,F41,1
Eritrea,F42,1
Eritrea,FX1,14
Eritrea,FX2,7
Eritrea,FX3,3
Eritrea,IR1,7
Eritrea,IR2,7
Eritrea,IR5,10
Eritrea,SE1,7
Eritrea,SE2,2
Eritrea,SE3,3
Estonia,FX1,1
Estonia,IR1,1
Ethiopia,CR1,58
Ethiopia,CR2,2
Ethiopia,DV1,200
Ethiopia,DV2,44
Ethiopia,DV3,56
Ethiopia,E11,1
Ethiopia,E15,2
Ethiopia,E21,1
Ethiopia,F11,13
Ethiopia,F12,5
Ethiopia,F21,35
Ethiopia,F22,57
Ethiopia,F23,1
Ethiopia,F24,19
Ethiopia,F25,4
Ethiopia,F41,2
Ethiopia,F42,1
Ethiopia,F43,1
Ethiopia,FX1,28
Ethiopia,FX2,65
Ethiopia,FX3,1
Ethiopia,IR1,48
Ethiopia,IR2,48
Ethiopia,IR3,26
Ethiopia,IR5,127
Ethiopia,SB1,1
Ethiopia,SE2,1
Fiji,CR1,2
Fiji,DV1,3
Fiji,DV2,3
Fiji,DV3,5
Fiji,F41,3
Fiji,F42,3
Fiji,F43,7
Fiji,FX2,1
Fiji,IR5,8
Finland,CR1,3
Finland,IR1,2
Finland,SQ3,1
France,CR1,10
France,CR2,2
France,DV1,13
France,DV2,5
France,DV3,4
France,E21,1
France,E31,1
France,E34,1
France,E35,1
France,F12,1
France,F41,1
France,F43,2
France,FX3,3
France,I51,1
France,I52,1
France,IR1,12
France,IR5,5
France,SB1,1
French Polynesia,IR5,1
Gabon,DV1,1
Gabon,F11,1
Gabon,FX2,2
Gabon,IR1,1
"Gambia, The",CR1,3
"Gambia, The",DV1,1
"Gambia, The",F11,4
"Gambia, The",F12,1
"Gambia, The",F22,4
"Gambia, The",F24,1
"Gambia, The",FX1,3
"Gambia, The",FX2,7
"Gambia, The",IR1,3
"Gambia, The",IR2,8
"Gambia, The",IR5,9
Georgia,CR1,5
Georgia,CR2,2
Georgia,DV1,23
Georgia,DV2,17
Georgia,DV3,26
Georgia,E21,1
Georgia,E23,1
Georgia,EW4,1
Georgia,F11,2
Georgia,F12,1
Georgia,F21,2
Georgia,F22,4
Georgia,F24,1
Georgia,FX1,1
Georgia,FX2,1
Georgia,IR1,2
Georgia,IR2,7
Georgia,IR5,20
Georgia,SE1,2
Georgia,SE2,2
Georgia,SE3,5
Germany,CR1,22
Germany,CR2,1
Germany,DV1,14
Germany,DV2,3
Germany,DV3,8
Germany,E11,2
Germany,E14,2
Germany,E15,1
Germany,E21,2
Germany,E22,1
Germany,F24,1
Germany,F32,2
Germany,F33,13
Germany,F41,1
Germany,F43,3
Germany,FX1,3
Germany,FX2,3
Germany,FX3,3
Germany,IR1,25
Germany,IR2,6
Germany,IR5,6
Germany,SB1,2
Germany,SD1,1
Ghana,CR1,36
Ghana,CR2,1
Ghana,DV1,46
Ghana,DV2,7
Ghana,DV3,8
Ghana,E31,1
Ghana,E34,1
Ghana,E35,1
Ghana,F11,12
Ghana,F12,1
Ghana,F21,32
Ghana,F22,13
Ghana,F23,13
Ghana,F24,4
Ghana,F31,2
Ghana,F32,2
Ghana,F33,4
Ghana,F41,8
Ghana,F42,4
Ghana,F43,4
Ghana,FX1,21
Ghana,FX2,27
Ghana,FX3,5
Ghana,IR1,56
Ghana,IR2,71
Ghana,IR5,68
Ghana,SB1,1
Great Britain and Northern Ireland,CR1,42
Great Britain and Northern Ireland,CR2,1
Great Britain and Northern Ireland,E11,4
Great Britain and Northern Ireland,E14,4
Great Britain and Northern Ireland,E15,3
Great Britain and Northern Ireland,E21,1
Great Britain and Northern Ireland,E22,1
Great Britain and Northern Ireland,E23,1
Great Britain and Northern Ireland,E31,1
Great Britain and Northern Ireland,E35,14
Great Britain and Northern Ireland,F11,3
Great Britain and Northern Ireland,F12,5
Great Britain and Northern Ireland,F21,3
Great Britain and Northern Ireland,F22,1
Great Britain and Northern Ireland,F24,1
Great Britain and Northern Ireland,F25,2
Great Britain and Northern Ireland,F31,1
Great Britain and Northern Ireland,F32,2
Great Britain and Northern Ireland,F33,2
Great Britain and Northern Ireland,F41,4
Great Britain and Northern Ireland,F42,1
Great Britain and Northern Ireland,F43,4
Great Britain and Northern Ireland,FX1,1
Great Britain and Northern Ireland,FX2,3
Great Britain and Northern Ireland,FX3,2
Great Britain and Northern Ireland,I53,1
Great Britain and Northern Ireland,IR1,42
Great Britain and Northern Ireland,IR2,11
Great Britain and Northern Ireland,IR5,23
Great Britain and Northern Ireland,T51,1
Great Britain and Northern Ireland,T52,1
Greece,CR1,3
Greece,DV1,5
Greece,DV2,3
Greece,DV3,5
Greece,F43,3
Greece,FX1,1
Greece,IR1,8
Greece,IR2,7
Greece,IR5,4
Grenada,CR1,2
Grenada,F11,3
Grenada,F21,1
Grenada,F33,1
Grenada,FX2,1
Grenada,IR1,3
Grenada,IR2,3
Grenada,IR3,2
Grenada,IR5,9
Guatemala,CR1,38
Guatemala,CR2,3
Guatemala,DV1,1
Guatemala,DV2,1
Guatemala,DV3,2
Guatemala,EW3,1
Guatemala,F11,27
Guatemala,F12,18
Guatemala,F21,18
Guatemala,F22,10
Guatemala,F23,14
Guatemala,F24,22
Guatemala,F25,17
Guatemala,F31,3
Guatemala,F32,2
Guatemala,F33,6
Guatemala,F41,15
Guatemala,F42,6
Guatemala,F43,14
Guatemala,FX1,53
Guatemala,FX2,31
Guatemala,FX3,32
Guatemala,IB3,4
Guatemala,IR1,418
Guatemala,IR2,78
Guatemala,IR5,61
Guatemala,SB1,1
Guinea,CR1,3
Guinea,DV1,2
Guinea,DV2,1
Guinea,F11,1
Guinea,F22,6
Guinea,F24,1
Guinea,F25,4
Guinea,FX2,3
Guinea,IR1,9
Guinea,IR2,28
Guinea,IR5,13
Guinea-Bissau,IR1,1
Guyana,CR1,9
Guyana,CR2,5
Guyana,F11,47
Guyana,F12,33
Guyana,F21,18
Guyana,F22,6
Guyana,F23,7
Guyana,F24,6
Guyana,F25,8
Guyana,F31,13
Guyana,F32,11
Guyana,F33,11
Guyana,F41,14
Guyana,F42,9
Guyana,F43,8
Guyana,FX1,19
Guyana,FX2,7
Guyana,FX3,8
Guyana,IR1,23
Guyana,IR2,16
Guyana,IR3,2
Guyana,IR5,36
Haiti,CR1,50
Haiti,CR2,29
Haiti,F11,68
Haiti,F12,60
Haiti,F21,19
Haiti,F22,28
Haiti,F23,3
Haiti,F24,81
Haiti,F25,76
Haiti,F31,5
Haiti,F32,5
Haiti,F33,9
Haiti,F41,40
Haiti,F42,21
Haiti,F43,51
Haiti,FX1,79
Haiti,FX2,101
Haiti,FX3,59
Haiti,IB3,3
Haiti,IH3,17
Haiti,IR1,126
Haiti,IR2,173
Haiti,IR3,11
Haiti,IR5,200
Haiti,IW1,1
Haiti,IW2,1
Haiti,SB1,3
Haiti,SE1,2
Haiti,SE2,2
Haiti,SE3,8
Honduras,CR1,15
Honduras,CR2,4
Honduras,DV1,2
Honduras,DV2,1
Honduras,DV3,2
Honduras,F11,23
Honduras,F12,22
Honduras,F21,3
Honduras,F22,3
Honduras,F23,3
Honduras,F24,14
Honduras,F25,16
Honduras,F31,4
Honduras,F32,3
Honduras,F33,4
Honduras,F41,12
Honduras,F42,6
Honduras,F43,12
Honduras,FX1,19
Honduras,FX2,16
Honduras,FX3,11
Honduras,I51,1
Honduras,I52,1
Honduras,I53,2
Honduras,IB3,8
Honduras,IR1,193
Honduras,IR2,65
Honduras,IR3,2
Honduras,IR5,35
Honduras,SU3,1
Hong Kong S.A.R.,CR1,3
Hong Kong S.A.R.,DV1,1
Hong Kong S.A.R.,E32,2
Hong Kong S.A.R.,E34,2
Hong Kong S.A.R.,E35,1
Hong Kong S.A.R.,EW3,2
Hong Kong S.A.R.,EW4,2
Hong Kong S.A.R.,F11,2
Hong Kong S.A.R.,F21,2
Hong Kong S.A.R.,F24,1
Hong Kong S.A.R.,F32,1
Hong Kong S.A.R.,F33,2
Hong Kong S.A.R.,F41,18
Hong Kong S.A.R.,F42,14
Hong Kong S.A.R.,F43,33
Hong Kong S.A.R.,FX2,2
Hong Kong S.A.R.,FX3,1
Hong Kong S.A.R.,I51,3
Hong Kong S.A.R.,I52,3
Hong Kong S.A.R.,I53,6
Hong Kong S.A.R.,IR1,3
Hong Kong S.A.R.,IR2,3
Hong Kong S.A.R.,IR5,9
Hong Kong S.A.R.,T53,1
Hungary,CR1,4
Hungary,DV1,4
Hungary,DV2,1
Hungary,E31,1
Hungary,E34,1
Hungary,E35,2
Hungary,F21,2
Hungary,IH3,1
Hungary,IR1,3
Hungary,IR5,2
Iceland,CR1,1
Iceland,E11,1
India,CR1,302
India,CR2,6
India,E21,1
India,E22,2
India,E23,2
India,E31,24
India,E32,2
India,E34,30
India,E35,38
India,EW3,1
India,EW4,1
India,EW5,2
India,F11,15
India,F12,6
India,F21,113
India,F22,6
India,F23,10
India,F24,17
India,F31,63
India,F32,65
India,F33,90
India,F41,270
India,F42,254
India,F43,345
India,FX1,108
India,FX2,18
India,FX3,13
India,I51,13
India,I52,7
India,I53,14
India,IB1,1
India,IH3,28
India,IR1,97
India,IR2,39
India,IR5,649
India,IW1,1
India,SB1,7
India,SD2,2
India,SD3,4
India,SE1,4
India,SE2,4
India,SE3,7
India,SR1,1
India,SR2,1
India,SR3,1
India,T52,1
India,T53,1
Indonesia,CR1,9
Indonesia,CR2,2
Indonesia,DV1,1
Indonesia,DV2,1
Indonesia,DV3,4
Indonesia,E21,1
Indonesia,E22,1
Indonesia,E31,1
Indonesia,E34,1
Indonesia,E35,2
Indonesia,F11,3
Indonesia,F12,1
Indonesia,F21,1
Indonesia,F23,2
Indonesia,F24,1
Indonesia,F31,2
Indonesia,F32,2
Indonesia,F33,5
Indonesia,F41,1
Indonesia,F42,1
Indonesia,FX1,2
Indonesia,FX2,1
Indonesia,FX3,1
Indonesia,IR1,8
Indonesia,IR2,7
Indonesia,IR5,7
Iran,CR1,4
Iran,DV1,2
Iran,DV2,1
Iran,DV3,1
Iran,E21,2
Iran,E22,2
Iran,F11,6
Iran,F24,3
Iran,F33,1
Iran,F41,3
Iran,F42,2
Iran,IR1,3
Iran,IR5,16
Iran,SB1,2
Iraq,CR1,25
Iraq,CR2,1
Iraq,DV1,5
Iraq,DV2,2
Iraq,DV3,1
Iraq,E11,1
Iraq,E14,1
Iraq,E15,1
Iraq,F11,4
Iraq,F21,6
Iraq,F22,1
Iraq,F23,2
Iraq,F31,3
Iraq,F32,3
Iraq,F33,3
Iraq,F42,1
Iraq,FX1,8
Iraq,FX2,5
Iraq,FX3,2
Iraq,IR1,12
Iraq,IR2,5
Iraq,IR5,30
Iraq,SQ1,10
Iraq,SQ2,9
Iraq,SQ3,15
Ireland,CR1,2
Ireland,DV1,3
Ireland,DV3,1
Ireland,E12,1
Ireland,E14,1
Ireland,E15,3
Ireland,E21,1
Ireland,E35,1
Ireland,IR1,6
Israel,CR1,3
Israel,DV3,1
Israel,E31,1
Israel,EW3,1
Israel,F11,1
Israel,F41,1
Israel,F42,1
Israel,FX2,2
Israel,IR1,6
Israel,IR2,4
Israel,IR5,4
Israel,IW1,1
Italy,CR1,17
Italy,CR2,1
Italy,DV1,9
Italy,DV2,3
Italy,DV3,2
Italy,E11,3
Italy,E14,1
Italy,E15,1
Italy,E31,2
Italy,E34,1
Italy,EW5,3
Italy,F11,1
Italy,F24,1
Italy,F43,1
Italy,FX1,2
Italy,FX3,1
Italy,I51,2
Italy,I52,3
Italy,IR1,18
Italy,IR2,2
Italy,IR5,7
Jamaica,B22,1
Jamaica,CR1,64
Jamaica,CR2,36
Jamaica,E21,1
Jamaica,E22,2
Jamaica,E23,3
Jamaica,E31,16
Jamaica,E34,10
Jamaica,E35,14
Jamaica,F11,114
Jamaica,F12,107
Jamaica,F21,15
Jamaica,F22,48
Jamaica,F23,1
Jamaica,F24,29
Jamaica,F25,25
Jamaica,F31,17
Jamaica,F32,13
Jamaica,F33,20
Jamaica,F41,23
Jamaica,F42,6
Jamaica,F43,16
Jamaica,FX1,21
Jamaica,FX2,45
Jamaica,FX3,17
Jamaica,I53,2
Jamaica,IB1,1
Jamaica,IB3,2
Jamaica,IR1,87
Jamaica,IR2,201
Jamaica,IR4,3
Jamaica,IR5,140
Jamaica,IW2,3
Jamaica,SB1,3
Jamaica,SE1,1
Japan,CR1,40
Japan,CR2,1
Japan,DV1,6
Japan,DV2,3
Japan,DV3,2
Japan,E11,1
Japan,E31,3
Japan,E34,1
Japan,EW3,1
Japan,EW4,1
Japan,EW5,1
Japan,F21,3
Japan,F31,1
Japan,F32,1
Japan,F33,2
Japan,FX3,1
Japan,I51,2
Japan,I52,2
Japan,I53,2
Japan,IR1,41
Japan,IR2,9
Japan,IR5,1
Japan,SB1,2
Jordan,CR1,58
Jordan,DV1,9
Jordan,DV2,4
Jordan,DV3,6
Jordan,E14,1
Jordan,E15,3
Jordan,E31,1
Jordan,E35,2
Jordan,EW3,1
Jordan,EW5,5
Jordan,F11,7
Jordan,F12,2
Jordan,F21,2
Jordan,F22,8
Jordan,F23,1
Jordan,F24,3
Jordan,F31,3
Jordan,F32,2
Jordan,F33,13
Jordan,F41,9
Jordan,F42,5
Jordan,F43,26
Jordan,FX1,5
Jordan,FX2,5
Jordan,FX3,4
Jordan,I51,1
Jordan,I52,1
Jordan,I53,3
Jordan,IR1,39
Jordan,IR2,22
Jordan,IR5,45
Kazakhstan,CR1,3
Kazakhstan,CR2,1
Kazakhstan,DV1,19
Kazakhstan,DV2,13
Kazakhstan,DV3,12
Kazakhstan,F21,1
Kazakhstan,F31,1
Kazakhstan,FX1,3
Kazakhstan,IR1,3
Kazakhstan,IR5,13
Kenya,CR1,24
Kenya,CR2,6
Kenya,DV1,47
Kenya,DV2,8
Kenya,DV3,13
Kenya,E31,10
Kenya,E34,4
Kenya,E35,8
Kenya,F11,6
Kenya,F21,4
Kenya,F22,5
Kenya,F23,2
Kenya,F24,2
Kenya,F31,1
Kenya,F32,1
Kenya,F33,4
Kenya,F41,2
Kenya,FX1,10
Kenya,FX2,20
Kenya,FX3,1
Kenya,IB2,1
Kenya,IR1,26
Kenya,IR2,26
Kenya,IR5,62
Kenya,SB1,1
"Korea, South",C51,1
"Korea, South",C52,1
"Korea, South",CR1,39
"Korea, South",CR2,2
"Korea, South",E11,11
"Korea, South",E14,8
"Korea, South",E15,10
"Korea, South",E21,37
"Korea, South",E22,35
"Korea, South",E23,45
"Korea, South",E31,9
"Korea, South",E32,1
"Korea, South",E34,8
"Korea, South",E35,9
"Korea, South",EW3,4
"Korea, South",EW4,5
"Korea, South",EW5,3
"Korea, South",F11,14
"Korea, South",F12,1
"Korea, South",F21,1
"Korea, South",F24,3
"Korea, South",F31,7
"Korea, South",F32,5
"Korea, South",F33,8
"Korea, South",F41,13
"Korea, South",F42,9
"Korea, South",F43,11
"Korea, South",FX1,10
"Korea, South",FX2,2
"Korea, South",FX3,3
"Korea, South",I51,10
"Korea, South",I52,5
"Korea, South",I53,12
"Korea, South",IR1,49
"Korea, South",IR2,6
"Korea, South",IR3,23
"Korea, South",IR5,38
"Korea, South",IW1,1
"Korea, South",SB1,1
"Korea, South",SR1,1
"Korea, South",SR2,1
Kosovo,CR1,10
Kosovo,DV1,4
Kosovo,DV2,2
Kosovo,DV3,3
Kosovo,F11,2
Kosovo,F21,2
Kosovo,F24,1
Kosovo,F31,1
Kosovo,F41,2
Kosovo,F42,1
Kosovo,F43,1
Kosovo,FX1,4
Kosovo,FX2,1
Kosovo,IR1,2
Kosovo,IR2,3
Kosovo,IR5,12
Kosovo,SE1,1
Kuwait,CR1,2
Kuwait,DV1,2
Kuwait,DV2,1
Kuwait,DV3,1
Kuwait,E35,1
Kuwait,F11,2
Kuwait,F21,1
Kuwait,F24,1
Kuwait,F31,1
Kuwait,F32,2
Kuwait,F33,3
Kuwait,F41,2
Kuwait,F42,1
Kuwait,F43,5
Kuwait,FX1,1
Kuwait,FX2,3
Kuwait,I51,1
Kuwait,I52,1
Kuwait,I53,2
Kuwait,IR1,8
Kuwait,IR5,3
Kuwait,SE1,1
Kyrgyzstan,CR1,1
Kyrgyzstan,DV1,16
Kyrgyzstan,DV2,13
Kyrgyzstan,DV3,23
Kyrgyzstan,F11,1
Kyrgyzstan,F12,1
Kyrgyzstan,F22,2
Kyrgyzstan,FX1,1
Kyrgyzstan,IR1,3
Kyrgyzstan,IR2,2
Kyrgyzstan,IR3,1
Kyrgyzstan,IR5,8
Kyrgyzstan,SE2,1
Kyrgyzstan,SE3,1
Laos,F22,2
Laos,F41,2
Laos,F42,1
Laos,F43,7
Laos,FX2,3
Laos,IR1,3
Laos,IR2,8
Laos,IR5,6
Latvia,CR1,2
Latvia,DV1,3
Latvia,DV2,2
Latvia,FX1,1
Latvia,IR2,1
Lebanon,CR1,18
Lebanon,DV1,2
Lebanon,E11,2
Lebanon,E14,1
Lebanon,E15,3
Lebanon,F11,4
Lebanon,F12,4
Lebanon,F21,1
Lebanon,F22,1
Lebanon,F24,4
Lebanon,F31,3
Lebanon,F32,3
Lebanon,F33,7
Lebanon,F41,10
Lebanon,F42,6
Lebanon,F43,19
Lebanon,FX1,2
Lebanon,FX2,2
Lebanon,FX3,4
Lebanon,IR1,16
Lebanon,IR2,7
Lebanon,IR5,34
Lebanon,SB1,2
Liberia,CR1,11
Liberia,DV1,45
Liberia,DV2,16
Liberia,DV3,20
Liberia,F11,5
Liberia,F12,4
Liberia,F21,1
Liberia,F22,1
Liberia,F24,1
Liberia,F43,1
Liberia,FX1,1
Liberia,FX2,15
Liberia,FX3,1
Liberia,IR1,5
Liberia,IR2,36
Liberia,IR3,4
Liberia,IR5,37
Liberia,SE2,1
Liberia,SE3,1
Libya,F32,1
Lithuania,DV1,6
Lithuania,DV2,4
Lithuania,DV3,1
Lithuania,F11,1
Lithuania,F21,1
Lithuania,F41,1
Lithuania,IB3,1
Lithuania,IR1,1
Lithuania,IR2,1
Lithuania,IR5,5
Macau,F31,1
Macau,F32,1
Macau,F33,1
Macau,FX2,1
Macedonia,CR1,5
Macedonia,CR2,1
Macedonia,DV1,8
Macedonia,DV2,6
Macedonia,DV3,6
Macedonia,F21,4
Macedonia,F24,1
Macedonia,F31,1
Macedonia,F32,1
Macedonia,F33,3
Macedonia,F41,5
Macedonia,F42,4
Macedonia,F43,6
Macedonia,FX1,4
Macedonia,FX3,1
Macedonia,IR1,8
Macedonia,IR5,6
Madagascar,IR2,1
Madagascar,SB1,2
Malawi,IR3,1
Malawi,SB1,1
Malaysia,CR1,1
Malaysia,E14,1
Malaysia,E15,1
Malaysia,E21,1
Malaysia,E23,2
Malaysia,E32,1
Malaysia,E34,1
Malaysia,E35,1
Malaysia,F11,1
Malaysia,F21,1
Malaysia,F41,3
Malaysia,F42,1
Malaysia,F43,6
Malaysia,FX2,4
Malaysia,I51,1
Malaysia,IR1,2
Malaysia,IR2,1
Malaysia,IR5,6
Malaysia,SD1,1
Mali,CR1,1
Mali,DV1,3
Mali,DV2,1
Mali,F22,1
Mali,FX2,2
Mali,I51,1
Mali,I52,1
Mali,I53,2
Mali,IR1,3
Mali,IR2,7
Mali,IR5,4
Mauritania,DV1,1
Mauritania,IR2,3
Mauritania,IR5,1
Mauritius,IR5,1
Mexico,CR1,323
Mexico,CR2,41
Mexico,E31,3
Mexico,E34,3
Mexico,E35,4
Mexico,EW3,2
Mexico,EW4,2
Mexico,EW5,1
Mexico,F11,76
Mexico,F12,47
Mexico,F24,55
Mexico,F25,38
Mexico,F31,24
Mexico,F32,21
Mexico,F33,54
Mexico,F41,172
Mexico,F42,90
Mexico,F43,143
Mexico,FX1,795
Mexico,FX2,"1,003"
Mexico,FX3,16
Mexico,I51,4
Mexico,I52,3
Mexico,I53,7
Mexico,IB3,1
Mexico,IH3,2
Mexico,IR1,"2,597"
Mexico,IR2,560
Mexico,IR5,747
Mexico,IW1,13
Mexico,IW2,4
Mexico,R51,1
Mexico,SB1,3
Mexico,SR1,1
Mexico,SU3,1
Moldova,CR1,2
Moldova,DV1,25
Moldova,DV2,16
Moldova,DV3,21
Moldova,F21,2
Moldova,FX1,2
Moldova,FX2,1
Moldova,IH3,1
Moldova,IR5,11
Mongolia,CR2,2
Mongolia,DV1,2
Mongolia,DV2,2
Mongolia,DV3,3
Mongolia,F21,1
Mongolia,IR1,2
Mongolia,IR5,4
Mongolia,SB1,2
Mongolia,SE1,3
Mongolia,SE2,3
Mongolia,SE3,5
Montenegro,CR1,2
Montenegro,DV1,2
Montenegro,F31,1
Montenegro,F32,2
Montenegro,F33,6
Montenegro,F41,1
Montenegro,F42,1
Montenegro,F43,2
Montenegro,FX1,1
Montenegro,IR1,1
Montenegro,IR5,6
Morocco,CR1,38
Morocco,DV1,70
Morocco,DV2,9
Morocco,DV3,5
Morocco,F11,2
Morocco,F21,4
Morocco,F22,3
Morocco,F24,2
Morocco,F41,4
Morocco,F43,1
Morocco,FX1,4
Morocco,FX2,9
Morocco,IR1,23
Morocco,IR2,7
Morocco,IR4,2
Morocco,IR5,28
Morocco,SB1,3
Mozambique,F41,1
Mozambique,F42,1
Mozambique,F43,4
Nepal,CR1,49
Nepal,DV1,144
Nepal,DV2,85
Nepal,DV3,56
Nepal,E11,2
Nepal,E14,4
Nepal,E15,7
Nepal,E31,2
Nepal,E34,1
Nepal,EW3,2
Nepal,EW4,2
Nepal,EW5,4
Nepal,F11,2
Nepal,F21,42
Nepal,F22,6
Nepal,F24,6
Nepal,F31,1
Nepal,F32,1
Nepal,F41,11
Nepal,F42,7
Nepal,F43,13
Nepal,FX1,26
Nepal,FX2,15
Nepal,IR1,14
Nepal,IR2,8
Nepal,IR5,62
Nepal,SE1,2
Nepal,SE2,2
Nepal,SE3,1
Netherlands,CR1,5
Netherlands,DV2,1
Netherlands,DV3,1
Netherlands,E11,1
Netherlands,E21,1
Netherlands,E31,1
Netherlands,E34,1
Netherlands,E35,2
Netherlands,IR1,6
Netherlands,IR2,1
Netherlands,IR5,1
New Zealand,CR1,8
New Zealand,DV1,3
New Zealand,E11,1
New Zealand,I51,1
New Zealand,I52,1
New Zealand,I53,1
New Zealand,IR1,7
New Zealand,IR5,1
Nicaragua,CR1,18
Nicaragua,CR2,4
Nicaragua,DV1,1
Nicaragua,F11,13
Nicaragua,F12,5
Nicaragua,F21,3
Nicaragua,F24,3
Nicaragua,F25,1
Nicaragua,F41,4
Nicaragua,F42,3
Nicaragua,F43,2
Nicaragua,FX1,12
Nicaragua,FX2,8
Nicaragua,FX3,9
Nicaragua,IR1,49
Nicaragua,IR2,23
Nicaragua,IR5,9
Nicaragua,IW1,1
Nicaragua,IW2,1
Niger,IR1,2
Niger,IR2,1
Niger,IR5,2
Nigeria,CR1,58
Nigeria,CR2,10
Nigeria,E11,2
Nigeria,E14,2
Nigeria,E15,2
Nigeria,E21,1
Nigeria,E22,2
Nigeria,E23,2
Nigeria,E31,6
Nigeria,E34,7
Nigeria,E35,8
Nigeria,F11,27
Nigeria,F12,15
Nigeria,F21,14
Nigeria,F22,18
Nigeria,F23,7
Nigeria,F24,14
Nigeria,F31,4
Nigeria,F32,4
Nigeria,F33,19
Nigeria,F41,34
Nigeria,F42,18
Nigeria,F43,41
Nigeria,FX1,23
Nigeria,FX2,17
Nigeria,FX3,19
Nigeria,IB3,6
Nigeria,IR1,60
Nigeria,IR2,134
Nigeria,IR3,20
Nigeria,IR5,98
Nigeria,SB1,3
Nigeria,SD1,1
Nigeria,SD3,3
Norway,F43,1
Norway,FX1,1
Norway,IR1,4
Oman,CR1,1
Pakistan,CR1,151
Pakistan,E21,1
Pakistan,E31,1
Pakistan,E34,4
Pakistan,E35,6
Pakistan,F11,12
Pakistan,F12,9
Pakistan,F21,29
Pakistan,F22,12
Pakistan,F23,5
Pakistan,F24,28
Pakistan,F31,9
Pakistan,F32,8
Pakistan,F33,24
Pakistan,F41,69
Pakistan,F42,62
Pakistan,F43,145
Pakistan,FX1,37
Pakistan,FX2,9
Pakistan,FX3,22
Pakistan,IR1,72
Pakistan,IR2,25
Pakistan,IR4,1
Pakistan,IR5,217
Pakistan,SB1,7
Pakistan,SE1,5
Pakistan,SE2,6
Pakistan,SE3,20
Panama,CR1,2
Panama,F11,3
Panama,F12,3
Panama,F22,3
Panama,F33,2
Panama,F41,1
Panama,F43,3
Panama,FX1,1
Panama,FX2,2
Panama,FX3,2
Panama,IR1,5
Panama,IR2,6
Panama,IR5,6
Paraguay,CR1,1
Paraguay,IR5,1
Peru,CR1,25
Peru,CR2,9
Peru,E22,1
Peru,E35,1
Peru,F11,35
Peru,F12,19
Peru,F21,9
Peru,F22,5
Peru,F23,3
Peru,F24,29
Peru,F25,18
Peru,F31,6
Peru,F32,4
Peru,F33,6
Peru,F41,21
Peru,F42,10
Peru,F43,14
Peru,FX1,14
Peru,FX2,11
Peru,FX3,1
Peru,IB3,2
Peru,IH3,1
Peru,IR1,64
Peru,IR2,37
Peru,IR5,76
Peru,SB1,7
Philippines,CR1,104
Philippines,CR2,37
Philippines,E14,2
Philippines,E15,3
Philippines,E21,7
Philippines,E22,3
Philippines,E23,15
Philippines,E31,142
Philippines,E32,75
Philippines,E34,134
Philippines,E35,147
Philippines,EW3,32
Philippines,EW4,11
Philippines,EW5,17
Philippines,F11,55
Philippines,F12,49
Philippines,F21,87
Philippines,F22,47
Philippines,F23,52
Philippines,F24,155
Philippines,F25,135
Philippines,F31,26
Philippines,F32,30
Philippines,F33,44
Philippines,F41,187
Philippines,F42,104
Philippines,F43,131
Philippines,FX1,116
Philippines,FX2,90
Philippines,FX3,91
Philippines,IB3,7
Philippines,IH4,16
Philippines,IR1,156
Philippines,IR2,223
Philippines,IR5,451
Philippines,IW1,2
Philippines,SB1,11
Philippines,SD1,1
Philippines,SD2,1
Philippines,SD3,3
Philippines,SE1,1
Philippines,SE2,1
Philippines,SE3,1
Poland,CR1,13
Poland,DV1,10
Poland,DV2,4
Poland,DV3,5
Poland,E21,1
Poland,E22,1
Poland,E23,2
Poland,EW3,3
Poland,EW4,2
Poland,F11,8
Poland,F12,1
Poland,F21,1
Poland,F24,3
Poland,F31,6
Poland,F32,4
Poland,F33,4
Poland,F41,18
Poland,F42,8
Poland,F43,12
Poland,FX1,4
Poland,FX3,1
Poland,I51,1
Poland,IH3,1
Poland,IR1,15
Poland,IR2,2
Poland,IR5,32
Poland,SB1,3
Portugal,CR1,4
Portugal,E14,1
Portugal,F24,2
Portugal,F32,1
Portugal,FX2,1
Portugal,IR2,1
Portugal,IR5,3
Qatar,CR1,1
Qatar,DV3,1
Qatar,IR2,5
Romania,CR1,5
Romania,CR2,1
Romania,DV1,13
Romania,DV2,6
Romania,DV3,6
Romania,E14,1
Romania,E21,1
Romania,E22,2
Romania,E23,1
Romania,F11,4
Romania,F41,3
Romania,F42,2
Romania,F43,2
Romania,FX1,2
Romania,FX2,1
Romania,IH3,1
Romania,IR1,9
Romania,IR2,3
Romania,IR5,9
Romania,SB1,3
Russia,CR1,14
Russia,CR2,10
Russia,DV1,89
Russia,DV2,67
Russia,DV3,77
Russia,E11,1
Russia,E13,1
Russia,E14,3
Russia,E15,3
Russia,E21,2
Russia,E22,1
Russia,E34,1
Russia,E35,1
Russia,F11,7
Russia,F12,1
Russia,F21,3
Russia,F22,2
Russia,F24,1
Russia,F31,3
Russia,F32,4
Russia,F33,3
Russia,F41,4
Russia,F42,2
Russia,F43,3
Russia,FX1,8
Russia,FX2,10
Russia,I51,1
Russia,I52,1
Russia,I53,3
Russia,IR1,11
Russia,IR2,6
Russia,IR5,87
Russia,IW1,1
Russia,IW2,1
Russia,SB1,2
Russia,SE1,3
Russia,SE2,2
Russia,SE3,2
Rwanda,CR1,1
Rwanda,DV1,12
Rwanda,DV2,2
Rwanda,DV3,3
Rwanda,F21,1
Rwanda,F22,1
Rwanda,FX1,1
Rwanda,FX2,1
Rwanda,IR5,3
Rwanda,SE1,1
Rwanda,SE2,1
Rwanda,SE3,4
Saint Kitts and Nevis,CR1,1
Saint Kitts and Nevis,F11,5
Saint Kitts and Nevis,F12,6
Saint Kitts and Nevis,F24,5
Saint Kitts and Nevis,F25,2
Saint Kitts and Nevis,F41,1
Saint Kitts and Nevis,F42,1
Saint Kitts and Nevis,F43,2
Saint Kitts and Nevis,FX1,1
Saint Kitts and Nevis,IR1,1
Saint Kitts and Nevis,IR2,4
Saint Kitts and Nevis,IR5,4
Saint Lucia,CR1,1
Saint Lucia,F11,1
Saint Lucia,F31,2
Saint Lucia,F32,2
Saint Lucia,F33,2
Saint Lucia,F41,3
Saint Lucia,F42,2
Saint Lucia,FX2,1
Saint Lucia,FX3,1
Saint Lucia,IR1,2
Saint Lucia,IR2,4
Saint Lucia,IR5,7
Saint Vincent and the Grenadines,CR1,3
Saint Vincent and the Grenadines,CR2,1
Saint Vincent and the Grenadines,F11,1
Saint Vincent and the Grenadines,F24,2
Saint Vincent and the Grenadines,F31,1
Saint Vincent and the Grenadines,F32,1
Saint Vincent and the Grenadines,F33,4
Saint Vincent and the Grenadines,FX1,1
Saint Vincent and the Grenadines,IR1,3
Saint Vincent and the Grenadines,IR2,2
Saint Vincent and the Grenadines,IR5,3
Samoa,DV1,1
Samoa,DV2,1
Samoa,DV3,1
Samoa,IR1,1
Samoa,IR2,1
Samoa,IR5,1
Sao Tome and Principe,FX1,1
Saudi Arabia,CR1,7
Saudi Arabia,DV1,1
Saudi Arabia,DV3,1
Saudi Arabia,E11,1
Saudi Arabia,E35,2
Saudi Arabia,F11,1
Saudi Arabia,F21,1
Saudi Arabia,F24,1
Saudi Arabia,F25,1
Saudi Arabia,F33,3
Saudi Arabia,F43,4
Saudi Arabia,FX1,1
Saudi Arabia,FX2,1
Saudi Arabia,IR1,7
Saudi Arabia,IR2,4
Saudi Arabia,IR5,3
Saudi Arabia,SB1,2
Senegal,CR1,4
Senegal,DV1,3
Senegal,F24,2
Senegal,F41,3
Senegal,FX1,1
Senegal,FX2,2
Senegal,IR1,10
Senegal,IR2,15
Senegal,IR5,5
Senegal,SB1,1
Senegal,SE3,2
Serbia,CR1,5
Serbia,CR2,1
Serbia,DV1,11
Serbia,DV2,11
Serbia,DV3,9
Serbia,E14,1
Serbia,E15,1
Serbia,E31,1
Serbia,E32,1
Serbia,E34,2
Serbia,E35,1
Serbia,F11,1
Serbia,F24,1
Serbia,F31,2
Serbia,F32,2
Serbia,F33,4
Serbia,FX2,1
Serbia,IR1,3
Serbia,IR2,2
Serbia,IR5,7
Serbia,SE2,1
Serbia,SE3,1
Sierra Leone,CR1,9
Sierra Leone,CR2,2
Sierra Leone,DV1,6
Sierra Leone,F11,7
Sierra Leone,F12,5
Sierra Leone,F22,6
Sierra Leone,F41,4
Sierra Leone,F42,1
Sierra Leone,F43,3
Sierra Leone,FX1,1
Sierra Leone,FX2,3
Sierra Leone,IR1,6
Sierra Leone,IR2,25
Sierra Leone,IR3,1
Sierra Leone,IR5,32
Singapore,CR1,2
Singapore,E14,1
Singapore,E15,2
Singapore,E21,1
Singapore,E34,2
Singapore,E35,1
Singapore,F12,1
Singapore,F22,1
Singapore,F41,1
Singapore,F43,3
Singapore,FX2,1
Singapore,I52,1
Singapore,I53,1
Singapore,IR1,4
Sint Maarten,IR2,1
Slovakia,CR1,1
Slovakia,FX1,1
Slovakia,IR5,4
Slovenia,CR1,1
Slovenia,IR1,1
Slovenia,IR5,1
Somalia,CR1,2
Somalia,F11,3
Somalia,F21,1
Somalia,FX1,1
Somalia,IR1,3
Somalia,IR2,10
Somalia,IR5,2
South Africa,C51,1
South Africa,C52,1
South Africa,C53,2
South Africa,CR1,9
South Africa,CR2,1
South Africa,DV1,3
South Africa,DV2,2
South Africa,DV3,4
South Africa,E11,1
South Africa,E14,1
South Africa,E21,1
South Africa,E23,1
South Africa,EW3,1
South Africa,EW4,1
South Africa,F11,2
South Africa,F41,3
South Africa,F42,1
South Africa,F43,4
South Africa,FX2,1
South Africa,I51,1
South Africa,I52,1
South Africa,I53,3
South Africa,IR1,9
South Africa,IR2,3
South Africa,IR5,11
South Sudan,CR1,1
South Sudan,DV1,1
South Sudan,F22,1
South Sudan,FX2,2
South Sudan,IR1,4
South Sudan,IR2,3
South Sudan,IR5,1
Spain,CR1,2
Spain,DV1,2
Spain,DV2,2
Spain,DV3,2
Spain,E31,1
Spain,E34,2
Spain,F11,1
Spain,F21,1
Spain,F23,2
Spain,F24,1
Spain,F25,1
Spain,F43,1
Spain,FX1,2
Spain,FX2,2
Spain,FX3,1
Spain,IR1,6
Spain,IR2,2
Spain,IR5,7
Sri Lanka,CR1,6
Sri Lanka,DV1,8
Sri Lanka,DV2,4
Sri Lanka,DV3,7
Sri Lanka,E21,1
Sri Lanka,F24,2
Sri Lanka,F41,1
Sri Lanka,F42,1
Sri Lanka,FX1,1
Sri Lanka,FX2,1
Sri Lanka,IR1,3
Sri Lanka,IR2,2
Sri Lanka,IR5,10
Sri Lanka,SB1,2
Sudan,CR1,6
Sudan,DV1,37
Sudan,DV2,17
Sudan,DV3,25
Sudan,E11,1
Sudan,F21,1
Sudan,FX1,1
Sudan,IR1,17
Sudan,IR2,13
Sudan,IR5,27
Suriname,F11,3
Suriname,F12,2
Suriname,F32,1
Suriname,F33,1
Suriname,IR1,1
Suriname,IR5,1
Swaziland,IR1,1
Sweden,CR1,4
Sweden,DV1,2
Sweden,DV2,1
Sweden,DV3,2
Sweden,E21,1
Sweden,E22,1
Sweden,FX1,1
Sweden,FX2,2
Sweden,IR1,8
Switzerland,CR1,2
Switzerland,DV1,1
Switzerland,E11,1
Switzerland,F22,1
Switzerland,FX3,2
Switzerland,IR1,4
Switzerland,IR5,2
Syria,CR1,3
Syria,DV1,1
Syria,DV2,1
Syria,DV3,2
Syria,E31,1
Syria,E34,1
Syria,E35,1
Syria,F11,3
Syria,F41,2
Syria,F42,1
Syria,F43,1
Syria,FX1,3
Syria,FX2,3
Syria,IR1,2
Syria,IR2,2
Syria,IR5,17
Tajikistan,B21,1
Tajikistan,CR1,2
Tajikistan,DV1,32
Tajikistan,DV2,23
Tajikistan,DV3,30
Tajikistan,FX1,1
Tajikistan,FX2,2
Tajikistan,IR5,4
Tajikistan,SE1,1
Tanzania,CR1,1
Tanzania,F24,1
Tanzania,F25,2
Tanzania,FX2,1
Tanzania,IR1,1
Tanzania,IR2,2
Tanzania,IR5,8
Tanzania,IW2,1
Tanzania,SB1,1
Thailand,CR1,25
Thailand,CR2,13
Thailand,DV1,1
Thailand,E31,1
Thailand,E35,2
Thailand,F11,2
Thailand,F22,2
Thailand,F41,3
Thailand,F42,3
Thailand,F43,3
Thailand,FX2,1
Thailand,FX3,1
Thailand,IH4,3
Thailand,IR1,16
Thailand,IR2,10
Thailand,IR5,18
Thailand,SB1,1
Thailand,T51,1
Timor-Leste,IR5,1
Togo,CR1,9
Togo,DV1,54
Togo,DV2,9
Togo,DV3,5
Togo,F11,4
Togo,F12,1
Togo,F21,5
Togo,F22,4
Togo,F23,1
Togo,F24,2
Togo,FX1,3
Togo,FX2,7
Togo,IR1,11
Togo,IR2,20
Togo,IR5,19
Tonga,F11,1
Tonga,F41,1
Tonga,F42,1
Tonga,F43,4
Tonga,IR1,2
Tonga,IR5,1
Trinidad and Tobago,CR1,2
Trinidad and Tobago,CR2,2
Trinidad and Tobago,DV1,1
Trinidad and Tobago,DV2,1
Trinidad and Tobago,DV3,1
Trinidad and Tobago,E31,1
Trinidad and Tobago,E34,1
Trinidad and Tobago,E35,2
Trinidad and Tobago,F11,15
Trinidad and Tobago,F12,5
Trinidad and Tobago,F22,1
Trinidad and Tobago,F24,1
Trinidad and Tobago,F33,1
Trinidad and Tobago,F41,5
Trinidad and Tobago,F42,3
Trinidad and Tobago,F43,5
Trinidad and Tobago,FX1,2
Trinidad and Tobago,FX2,2
Trinidad and Tobago,IR1,6
Trinidad and Tobago,IR2,5
Trinidad and Tobago,IR5,17
Trinidad and Tobago,SB1,1
Tunisia,CR1,4
Tunisia,DV1,2
Tunisia,IR1,5
Tunisia,IR5,3
Turkey,CR1,8
Turkey,CR2,2
Turkey,DV1,67
Turkey,DV2,36
Turkey,DV3,45
Turkey,E11,1
Turkey,E12,1
Turkey,E14,2
Turkey,E15,2
Turkey,E21,3
Turkey,E22,2
Turkey,E23,4
Turkey,E31,2
Turkey,E34,2
Turkey,E35,1
Turkey,EW3,1
Turkey,EW4,1
Turkey,EW5,1
Turkey,F11,1
Turkey,F21,1
Turkey,F31,1
Turkey,F33,2
Turkey,F42,1
Turkey,F43,1
Turkey,FX1,4
Turkey,FX3,1
Turkey,I51,1
Turkey,I52,1
Turkey,I53,2
Turkey,IR1,10
Turkey,IR2,8
Turkey,IR5,26
Turkey,SB1,2
Turkmenistan,CR1,2
Turkmenistan,DV1,7
Turkmenistan,DV2,4
Turkmenistan,DV3,8
Turkmenistan,E21,1
Turkmenistan,IR2,2
Turkmenistan,IR5,1
Uganda,CR1,2
Uganda,DV1,6
Uganda,DV2,3
Uganda,DV3,9
Uganda,EW3,1
Uganda,F11,2
Uganda,F12,1
Uganda,F22,2
Uganda,F24,3
Uganda,F41,2
Uganda,F42,1
Uganda,FX2,1
Uganda,IR1,6
Uganda,IR2,7
Uganda,IR3,1
Uganda,IR5,9
Ukraine,CR1,15
Ukraine,CR2,2
Ukraine,DV1,118
Ukraine,DV2,81
Ukraine,DV3,113
Ukraine,E11,4
Ukraine,E14,4
Ukraine,E15,3
Ukraine,E22,1
Ukraine,E31,1
Ukraine,E34,1
Ukraine,E35,2
Ukraine,F11,8
Ukraine,F12,6
Ukraine,F21,10
Ukraine,F22,9
Ukraine,F24,4
Ukraine,F25,1
Ukraine,F31,3
Ukraine,F32,5
Ukraine,F33,3
Ukraine,F41,2
Ukraine,F42,3
Ukraine,F43,1
Ukraine,FX1,21
Ukraine,FX2,21
Ukraine,IR1,10
Ukraine,IR2,21
Ukraine,IR3,10
Ukraine,IR4,5
Ukraine,IR5,81
Ukraine,SB1,2
United Arab Emirates,CR1,10
United Arab Emirates,E35,14
United Arab Emirates,F21,3
United Arab Emirates,F22,1
United Arab Emirates,F23,2
United Arab Emirates,F33,1
United Arab Emirates,F43,18
United Arab Emirates,FX1,2
United Arab Emirates,I53,1
United Arab Emirates,IR1,10
United Arab Emirates,IR2,10
Uruguay,CR2,1
Uruguay,DV1,1
Uruguay,DV2,1
Uruguay,DV3,1
Uruguay,F22,1
Uruguay,F31,1
Uruguay,IR1,1
Uruguay,IR2,1
Uruguay,IR5,8
Uzbekistan,CR1,2
Uzbekistan,DV1,69
Uzbekistan,DV2,47
Uzbekistan,DV3,40
Uzbekistan,F11,1
Uzbekistan,F21,3
Uzbekistan,F22,2
Uzbekistan,F41,1
Uzbekistan,F42,1
Uzbekistan,F43,2
Uzbekistan,FX1,33
Uzbekistan,FX2,28
Uzbekistan,IR1,2
Uzbekistan,IR2,3
Uzbekistan,IR5,9
Uzbekistan,SB1,3
Venezuela,CR1,8
Venezuela,CR2,3
Venezuela,DV1,29
Venezuela,DV2,19
Venezuela,DV3,21
Venezuela,E11,4
Venezuela,E14,3
Venezuela,E15,8
Venezuela,E21,4
Venezuela,E22,4
Venezuela,E23,4
Venezuela,E31,2
Venezuela,E32,1
Venezuela,E34,3
Venezuela,E35,4
Venezuela,F11,10
Venezuela,F12,9
Venezuela,F21,8
Venezuela,F22,7
Venezuela,F24,5
Venezuela,F31,3
Venezuela,F32,3
Venezuela,F33,1
Venezuela,F41,3
Venezuela,F42,3
Venezuela,F43,3
Venezuela,FX1,3
Venezuela,FX2,5
Venezuela,FX3,1
Venezuela,I52,1
Venezuela,I53,1
Venezuela,IR1,15
Venezuela,IR2,19
Venezuela,IR5,58
Venezuela,IW1,1
Vietnam,AM1,4
Vietnam,AM2,10
Vietnam,CR1,179
Vietnam,CR2,44
Vietnam,E11,2
Vietnam,E14,2
Vietnam,E15,3
Vietnam,E21,1
Vietnam,E22,2
Vietnam,E31,1
Vietnam,E34,1
Vietnam,E35,3
Vietnam,F11,59
Vietnam,F12,35
Vietnam,F21,120
Vietnam,F22,47
Vietnam,F23,57
Vietnam,F24,79
Vietnam,F25,15
Vietnam,F31,43
Vietnam,F32,48
Vietnam,F33,65
Vietnam,F41,232
Vietnam,F42,180
Vietnam,F43,360
Vietnam,FX1,119
Vietnam,FX2,40
Vietnam,FX3,65
Vietnam,I51,23
Vietnam,I52,17
Vietnam,I53,47
Vietnam,IH3,1
Vietnam,IR1,91
Vietnam,IR2,46
Vietnam,IR5,443
Vietnam,IW1,1
Vietnam,IW2,1
Vietnam,SE1,1
Vietnam,SE3,1
Yemen,CR1,6
Yemen,FX1,1
Yemen,FX2,1
Yemen,IR1,10
Yemen,IR2,5
Yemen,IR5,7
Yemen,IW1,1
Yemen,IW2,1
Yemen,SE2,1
Yemen,SE3,3
Zambia,CR1,3
Zambia,DV1,1
Zambia,E31,1
Zambia,E35,3
Zambia,F42,1
Zambia,F43,2
Zambia,IR5,1
Zimbabwe,CR1,3
Zimbabwe,DV1,1
Zimbabwe,F24,1
Zimbabwe,FX1,1
Zimbabwe,IR1,2
Zimbabwe,IR2,6
Zimbabwe,IR5,16
Grand Total,"46,399"
