Foreign State of Chargeability,,
or Place of Birth,Visa Class,Issuances
Afghanistan,CR1,7
Afghanistan,DV1,1
Afghanistan,DV2,1
Afghanistan,DV3,1
Afghanistan,F11,1
Afghanistan,F21,3
Afghanistan,F22,3
Afghanistan,F24,1
Afghanistan,FX1,4
Afghanistan,FX2,1
Afghanistan,IR1,4
Afghanistan,IR2,7
Afghanistan,IR5,29
Afghanistan,SQ1,176
Afghanistan,SQ2,136
Afghanistan,SQ3,412
Albania,CR1,17
Albania,CR2,1
Albania,DV1,70
Albania,DV2,40
Albania,DV3,37
Albania,F11,3
Albania,F21,15
Albania,F22,7
Albania,F24,1
Albania,F31,5
Albania,F32,5
Albania,F33,6
Albania,F41,6
Albania,F42,4
Albania,F43,4
Albania,IR1,5
Albania,IR5,69
Algeria,CR1,18
Algeria,DV1,56
Algeria,DV2,13
Algeria,DV3,11
Algeria,E14,1
Algeria,E31,1
Algeria,F11,3
Algeria,F21,15
Algeria,F41,1
Algeria,FX1,6
Algeria,FX2,2
Algeria,FX3,3
Algeria,IR1,17
Algeria,IR2,4
Algeria,IR5,13
Angola,F24,1
Angola,FX1,1
Angola,IR5,1
Antigua and Barbuda,E31,1
Antigua and Barbuda,E34,1
Antigua and Barbuda,E35,2
Antigua and Barbuda,F11,1
Antigua and Barbuda,F12,3
Antigua and Barbuda,F31,2
Antigua and Barbuda,F32,2
Antigua and Barbuda,F41,1
Antigua and Barbuda,F43,1
Antigua and Barbuda,FX2,3
Antigua and Barbuda,IR1,1
Antigua and Barbuda,IR2,1
Antigua and Barbuda,IR5,2
Argentina,DV1,1
Argentina,DV2,1
Argentina,DV3,1
Argentina,E11,4
Argentina,E14,1
Argentina,E15,3
Argentina,E21,1
Argentina,E23,1
Argentina,F11,1
Argentina,F21,1
Argentina,F23,1
Argentina,F43,3
Argentina,FX1,1
Argentina,FX2,1
Argentina,IR1,9
Argentina,IR2,7
Argentina,IR5,8
Argentina,SB1,1
Armenia,CR1,16
Armenia,DV1,35
Armenia,DV2,22
Armenia,DV3,26
Armenia,E11,1
Armenia,E14,1
Armenia,E15,1
Armenia,F11,3
Armenia,F21,3
Armenia,F22,3
Armenia,F24,2
Armenia,F32,1
Armenia,F33,2
Armenia,F41,3
Armenia,F42,2
Armenia,F43,2
Armenia,FX1,3
Armenia,IH3,4
Armenia,IR1,4
Armenia,IR2,5
Armenia,IR5,37
Australia,CR1,5
Australia,CR2,1
Australia,DV1,19
Australia,DV2,2
Australia,DV3,5
Australia,E11,4
Australia,E35,1
Australia,F12,1
Australia,F21,1
Australia,FX2,1
Australia,IR1,8
Australia,SB1,2
Austria,CR1,2
Austria,E22,1
Austria,F33,1
Austria,F43,1
Austria,IR1,2
Azerbaijan,CR1,1
Azerbaijan,DV1,10
Azerbaijan,DV2,2
Azerbaijan,DV3,4
Azerbaijan,F11,1
Azerbaijan,F12,1
Azerbaijan,F24,1
Azerbaijan,F41,1
Azerbaijan,IR5,8
"Bahamas, The",CR1,1
"Bahamas, The",DV1,1
"Bahamas, The",E31,2
"Bahamas, The",E34,2
"Bahamas, The",E35,3
"Bahamas, The",F11,2
"Bahamas, The",F33,1
"Bahamas, The",IR1,4
"Bahamas, The",IR2,5
"Bahamas, The",IR5,1
Bahrain,E23,1
Bahrain,I52,1
Bahrain,IR1,1
Bahrain,IR2,1
Bangladesh,CR1,127
Bangladesh,CR2,2
Bangladesh,E21,2
Bangladesh,E22,2
Bangladesh,E23,3
Bangladesh,F11,1
Bangladesh,F21,9
Bangladesh,F22,7
Bangladesh,F23,5
Bangladesh,F24,7
Bangladesh,F31,9
Bangladesh,F32,8
Bangladesh,F33,12
Bangladesh,F41,152
Bangladesh,F42,134
Bangladesh,F43,260
Bangladesh,FX1,30
Bangladesh,FX2,18
Bangladesh,FX3,14
Bangladesh,I51,1
Bangladesh,I52,1
Bangladesh,I53,3
Bangladesh,IR1,64
Bangladesh,IR2,23
Bangladesh,IR5,383
Bangladesh,SB1,1
Bangladesh,SE1,2
Bangladesh,SE2,2
Bangladesh,SE3,3
Barbados,CR2,4
Barbados,E31,2
Barbados,E34,1
Barbados,E35,1
Barbados,F11,2
Barbados,F12,2
Barbados,F41,2
Barbados,F43,2
Barbados,IR1,1
Barbados,IR5,2
Belarus,CR1,3
Belarus,CR2,2
Belarus,DV1,17
Belarus,DV2,11
Belarus,DV3,15
Belarus,E21,1
Belarus,F21,3
Belarus,F23,1
Belarus,FX1,1
Belarus,FX3,1
Belarus,IR1,1
Belarus,IR2,3
Belarus,IR5,10
Belgium,CR1,1
Belgium,DV3,1
Belgium,F11,1
Belgium,IR1,1
Belize,CR1,4
Belize,CR2,3
Belize,F11,2
Belize,F12,1
Belize,F31,1
Belize,F32,1
Belize,F33,1
Belize,IH4,9
Belize,IR1,1
Belize,IR2,6
Belize,IR5,6
Benin,DV1,7
Benin,DV2,3
Benin,DV3,3
Benin,F11,2
Benin,F12,1
Benin,F21,1
Benin,F22,1
Benin,FX1,1
Benin,FX2,1
Benin,IR1,2
Benin,IR2,7
Benin,IR5,5
Benin,SE1,1
Bermuda,CR1,1
Bolivia,CR1,2
Bolivia,F11,2
Bolivia,F12,4
Bolivia,F21,1
Bolivia,F22,1
Bolivia,F31,1
Bolivia,F41,4
Bolivia,F42,1
Bolivia,F43,1
Bolivia,FX1,1
Bolivia,FX3,1
Bolivia,IR1,6
Bolivia,IR2,6
Bolivia,IR5,7
Bosnia and Herzegovina,BC1,1
Bosnia and Herzegovina,BC3,1
Bosnia and Herzegovina,CR1,5
Bosnia and Herzegovina,DV1,1
Bosnia and Herzegovina,DV2,1
Bosnia and Herzegovina,E31,1
Bosnia and Herzegovina,E34,1
Bosnia and Herzegovina,E35,1
Bosnia and Herzegovina,F11,2
Bosnia and Herzegovina,F41,1
Bosnia and Herzegovina,F42,1
Bosnia and Herzegovina,F43,1
Bosnia and Herzegovina,IR1,2
Bosnia and Herzegovina,IR2,4
Bosnia and Herzegovina,IR5,2
Botswana,F22,1
Brazil,CR1,42
Brazil,CR2,4
Brazil,E11,5
Brazil,E14,6
Brazil,E15,9
Brazil,E21,4
Brazil,E22,4
Brazil,E23,3
Brazil,E31,6
Brazil,E34,3
Brazil,E35,3
Brazil,EW4,1
Brazil,F11,8
Brazil,F12,2
Brazil,F21,4
Brazil,F22,4
Brazil,F24,2
Brazil,F41,10
Brazil,F42,4
Brazil,F43,2
Brazil,FX1,4
Brazil,FX2,3
Brazil,FX3,1
Brazil,I51,8
Brazil,I52,9
Brazil,I53,11
Brazil,IH3,5
Brazil,IR1,107
Brazil,IR2,28
Brazil,IR5,61
Brunei,DV1,1
Brunei,DV2,1
Bulgaria,CR1,2
Bulgaria,DV1,5
Bulgaria,DV2,3
Bulgaria,DV3,3
Bulgaria,F31,2
Bulgaria,F32,2
Bulgaria,F33,3
Bulgaria,F41,1
Bulgaria,F42,1
Bulgaria,F43,2
Bulgaria,IH3,13
Bulgaria,IR1,1
Bulgaria,IR2,2
Bulgaria,IR5,13
Bulgaria,IW1,1
Burkina Faso,DV1,4
Burkina Faso,DV2,1
Burkina Faso,DV3,1
Burkina Faso,FX1,1
Burkina Faso,FX2,4
Burkina Faso,IR2,2
Burkina Faso,IR5,4
Burma,CR1,23
Burma,DV1,3
Burma,DV2,1
Burma,F11,2
Burma,F21,2
Burma,F22,2
Burma,F31,1
Burma,F41,8
Burma,F42,7
Burma,F43,7
Burma,IR1,3
Burma,IR2,6
Burma,IR5,28
Burma,SD1,1
Burma,SD3,2
Burundi,CR1,1
Burundi,DV1,1
Burundi,DV2,1
Burundi,DV3,1
Burundi,F21,1
Burundi,IH3,3
Burundi,IR1,2
Burundi,IR5,1
Cabo Verde,CR1,3
Cabo Verde,CR2,8
Cabo Verde,F11,14
Cabo Verde,F12,28
Cabo Verde,F21,2
Cabo Verde,F22,4
Cabo Verde,F24,11
Cabo Verde,F25,18
Cabo Verde,F41,2
Cabo Verde,F42,1
Cabo Verde,F43,2
Cabo Verde,FX1,5
Cabo Verde,FX2,6
Cabo Verde,FX3,9
Cabo Verde,IR1,3
Cabo Verde,IR2,13
Cabo Verde,IR5,23
Cambodia,CR1,10
Cambodia,F11,7
Cambodia,F12,3
Cambodia,F22,3
Cambodia,F24,6
Cambodia,F41,6
Cambodia,F42,3
Cambodia,F43,7
Cambodia,FX2,3
Cambodia,IR1,13
Cambodia,IR2,9
Cambodia,IR5,82
Cambodia,SD1,2
Cameroon,CR1,12
Cameroon,DV1,61
Cameroon,DV2,16
Cameroon,DV3,30
Cameroon,E23,1
Cameroon,F11,1
Cameroon,F21,5
Cameroon,F22,7
Cameroon,F23,1
Cameroon,F41,2
Cameroon,F42,1
Cameroon,F43,3
Cameroon,FX1,4
Cameroon,FX2,4
Cameroon,IB3,1
Cameroon,IR1,9
Cameroon,IR2,21
Cameroon,IR5,51
Cameroon,SD1,1
Cameroon,SD3,3
Canada,CR1,42
Canada,CR2,2
Canada,E11,3
Canada,E13,1
Canada,E14,1
Canada,E15,2
Canada,E21,2
Canada,E22,2
Canada,E23,3
Canada,E32,1
Canada,E35,1
Canada,F11,1
Canada,F21,2
Canada,F22,1
Canada,F23,1
Canada,F24,1
Canada,F33,2
Canada,F43,4
Canada,FX1,3
Canada,FX2,4
Canada,FX3,5
Canada,I53,1
Canada,IR1,36
Canada,IR2,7
Canada,IR5,7
Canada,SQ3,1
Canada,T53,2
Cayman Islands,IR2,1
Central African Republic,IR5,1
Chad,F41,1
Chile,CR1,2
Chile,E11,1
Chile,E23,1
Chile,F11,1
Chile,F31,2
Chile,F32,1
Chile,F33,1
Chile,FX1,2
Chile,FX2,1
Chile,I51,1
Chile,I52,1
Chile,IR1,5
Chile,IR2,1
Chile,IR5,7
China - mainland born,C51,5
China - mainland born,C52,2
China - mainland born,C53,6
China - mainland born,CR1,126
China - mainland born,CR2,29
China - mainland born,E11,91
China - mainland born,E12,1
China - mainland born,E13,5
China - mainland born,E14,96
China - mainland born,E15,94
China - mainland born,E21,2
China - mainland born,E22,2
China - mainland born,E23,1
China - mainland born,E31,6
China - mainland born,E34,6
China - mainland born,E35,7
China - mainland born,EW3,3
China - mainland born,EW4,3
China - mainland born,EW5,5
China - mainland born,F11,43
China - mainland born,F12,18
China - mainland born,F21,149
China - mainland born,F22,58
China - mainland born,F23,12
China - mainland born,F24,40
China - mainland born,F25,10
China - mainland born,F31,41
China - mainland born,F32,39
China - mainland born,F33,42
China - mainland born,F41,183
China - mainland born,F42,135
China - mainland born,F43,139
China - mainland born,FX1,89
China - mainland born,FX2,42
China - mainland born,FX3,3
China - mainland born,I51,255
China - mainland born,I52,174
China - mainland born,I53,325
China - mainland born,IH3,149
China - mainland born,IR1,132
China - mainland born,IR2,47
China - mainland born,IR5,469
China - mainland born,IW1,3
China - mainland born,R51,2
China - mainland born,R52,2
China - mainland born,R53,3
China - mainland born,SB1,1
China - mainland born,SE1,1
China - mainland born,SE2,1
China - mainland born,SE3,1
China - mainland born,T51,5
China - mainland born,T53,1
China - Taiwan born,C51,1
China - Taiwan born,C52,1
China - Taiwan born,C53,1
China - Taiwan born,CR1,14
China - Taiwan born,CR2,2
China - Taiwan born,DV1,5
China - Taiwan born,DV2,3
China - Taiwan born,DV3,5
China - Taiwan born,E11,1
China - Taiwan born,E14,1
China - Taiwan born,E21,2
China - Taiwan born,E22,2
China - Taiwan born,E23,1
China - Taiwan born,E31,2
China - Taiwan born,E32,1
China - Taiwan born,E34,1
China - Taiwan born,E35,3
China - Taiwan born,F11,11
China - Taiwan born,F12,2
China - Taiwan born,F31,4
China - Taiwan born,F32,4
China - Taiwan born,F33,7
China - Taiwan born,F41,22
China - Taiwan born,F42,10
China - Taiwan born,F43,20
China - Taiwan born,FX1,1
China - Taiwan born,FX2,1
China - Taiwan born,I51,9
China - Taiwan born,I52,8
China - Taiwan born,I53,12
China - Taiwan born,IR1,17
China - Taiwan born,IR2,4
China - Taiwan born,IR3,3
China - Taiwan born,IR5,20
China - Taiwan born,SB1,1
Colombia,CR1,76
Colombia,CR2,34
Colombia,E11,2
Colombia,E14,1
Colombia,E15,1
Colombia,E21,2
Colombia,E22,2
Colombia,E23,2
Colombia,E31,5
Colombia,E32,1
Colombia,E34,5
Colombia,E35,6
Colombia,EW3,1
Colombia,F11,72
Colombia,F12,41
Colombia,F21,22
Colombia,F22,16
Colombia,F23,9
Colombia,F24,20
Colombia,F25,14
Colombia,F31,5
Colombia,F32,3
Colombia,F33,4
Colombia,F41,31
Colombia,F42,8
Colombia,F43,16
Colombia,FX1,24
Colombia,FX2,14
Colombia,FX3,19
Colombia,I51,1
Colombia,I52,1
Colombia,I53,1
Colombia,IH3,31
Colombia,IR1,85
Colombia,IR2,65
Colombia,IR5,97
Colombia,SB1,4
Colombia,T51,1
Colombia,T52,1
Colombia,T53,1
"Congo, Democratic Republic of the",CR1,6
"Congo, Democratic Republic of the",DV1,53
"Congo, Democratic Republic of the",DV2,20
"Congo, Democratic Republic of the",DV3,40
"Congo, Democratic Republic of the",F21,4
"Congo, Democratic Republic of the",F22,11
"Congo, Democratic Republic of the",FX1,1
"Congo, Democratic Republic of the",FX2,2
"Congo, Democratic Republic of the",IR1,4
"Congo, Democratic Republic of the",IR2,2
"Congo, Democratic Republic of the",IR3,3
"Congo, Democratic Republic of the",IR4,1
"Congo, Democratic Republic of the",IR5,11
"Congo, Democratic Republic of the",SB1,1
"Congo, Republic of the",CR1,1
"Congo, Republic of the",DV1,4
"Congo, Republic of the",DV2,2
"Congo, Republic of the",DV3,3
Costa Rica,CR1,9
Costa Rica,CR2,4
Costa Rica,E21,1
Costa Rica,E22,1
Costa Rica,E23,1
Costa Rica,E31,2
Costa Rica,E34,1
Costa Rica,E35,2
Costa Rica,F11,3
Costa Rica,F12,3
Costa Rica,F22,1
Costa Rica,F24,2
Costa Rica,F43,1
Costa Rica,FX1,1
Costa Rica,FX2,1
Costa Rica,IH3,1
Costa Rica,IR1,27
Costa Rica,IR2,7
Costa Rica,IR5,10
Cote d'Ivoire,CR1,7
Cote d'Ivoire,DV1,10
Cote d'Ivoire,DV2,3
Cote d'Ivoire,DV3,2
Cote d'Ivoire,E14,1
Cote d'Ivoire,F11,2
Cote d'Ivoire,F12,1
Cote d'Ivoire,F21,1
Cote d'Ivoire,F22,2
Cote d'Ivoire,F23,1
Cote d'Ivoire,F41,1
Cote d'Ivoire,F42,1
Cote d'Ivoire,F43,2
Cote d'Ivoire,FX1,3
Cote d'Ivoire,FX2,1
Cote d'Ivoire,IR1,2
Cote d'Ivoire,IR2,7
Cote d'Ivoire,IR5,4
Croatia,E11,1
Croatia,E21,1
Croatia,F21,1
Croatia,F42,1
Croatia,IR5,5
Cuba,CR1,2
Cuba,F22,1
Cuba,F31,1
Cuba,F32,1
Cuba,F33,1
Cuba,FX1,4
Cuba,FX2,3
Cuba,FX3,7
Cuba,IR1,1
Cuba,IR5,1
Cyprus,IR1,2
Czech Republic,F22,1
Czech Republic,IR5,2
Czech Republic,SB1,1
Denmark,CR1,3
Denmark,F21,2
Denmark,IR1,4
Djibouti,IR1,1
Dominica,F11,6
Dominica,F12,1
Dominica,F31,1
Dominica,F32,2
Dominica,F41,3
Dominica,F42,2
Dominica,F43,4
Dominica,IR1,2
Dominica,IR2,3
Dominica,IR5,8
Dominican Republic,B23,2
Dominican Republic,CR1,331
Dominican Republic,CR2,143
Dominican Republic,EW3,1
Dominican Republic,F11,141
Dominican Republic,F12,178
Dominican Republic,F21,247
Dominican Republic,F22,92
Dominican Republic,F23,140
Dominican Republic,F24,228
Dominican Republic,F25,316
Dominican Republic,F31,11
Dominican Republic,F32,10
Dominican Republic,F33,14
Dominican Republic,F41,54
Dominican Republic,F42,28
Dominican Republic,F43,62
Dominican Republic,FX1,168
Dominican Republic,FX2,99
Dominican Republic,FX3,206
Dominican Republic,IB2,2
Dominican Republic,IB3,1
Dominican Republic,IH3,1
Dominican Republic,IR1,311
Dominican Republic,IR2,373
Dominican Republic,IR5,444
Dominican Republic,IW1,2
Dominican Republic,IW2,3
Dominican Republic,SB1,7
Dominican Republic,SE1,1
Dominican Republic,SE2,1
Dominican Republic,SE3,2
Ecuador,CR1,55
Ecuador,CR2,19
Ecuador,DV1,5
Ecuador,DV2,2
Ecuador,DV3,1
Ecuador,E31,1
Ecuador,E34,3
Ecuador,E35,3
Ecuador,EW3,1
Ecuador,EW5,1
Ecuador,F11,31
Ecuador,F12,33
Ecuador,F21,10
Ecuador,F22,13
Ecuador,F23,12
Ecuador,F24,30
Ecuador,F25,14
Ecuador,F31,7
Ecuador,F32,6
Ecuador,F33,14
Ecuador,F41,22
Ecuador,F42,14
Ecuador,F43,30
Ecuador,FX1,16
Ecuador,FX2,11
Ecuador,FX3,2
Ecuador,IB3,3
Ecuador,IH3,4
Ecuador,IR1,206
Ecuador,IR2,70
Ecuador,IR5,99
Ecuador,SB1,1
Ecuador,SU3,4
Egypt,CR1,23
Egypt,DV1,88
Egypt,DV2,61
Egypt,DV3,104
Egypt,E21,1
Egypt,E22,1
Egypt,E23,2
Egypt,E31,2
Egypt,E34,1
Egypt,F11,1
Egypt,F12,3
Egypt,F21,20
Egypt,F22,16
Egypt,F24,3
Egypt,F31,6
Egypt,F32,6
Egypt,F33,9
Egypt,F41,13
Egypt,F42,10
Egypt,F43,14
Egypt,FX1,6
Egypt,FX2,6
Egypt,FX3,2
Egypt,IR1,22
Egypt,IR2,23
Egypt,IR5,47
Egypt,SE1,3
Egypt,SE2,1
Egypt,SE3,5
Egypt,T51,1
Egypt,T52,1
Egypt,T53,3
El Salvador,B22,1
El Salvador,CR1,84
El Salvador,CR2,33
El Salvador,E31,1
El Salvador,F11,71
El Salvador,F12,54
El Salvador,F21,32
El Salvador,F22,17
El Salvador,F23,13
El Salvador,F24,60
El Salvador,F25,36
El Salvador,F31,13
El Salvador,F32,12
El Salvador,F33,18
El Salvador,F41,28
El Salvador,F42,14
El Salvador,F43,36
El Salvador,FX1,96
El Salvador,FX2,43
El Salvador,FX3,72
El Salvador,IB3,3
El Salvador,IH3,1
El Salvador,IR1,385
El Salvador,IR2,151
El Salvador,IR5,158
El Salvador,SU3,2
Eritrea,CR1,8
Eritrea,DV1,3
Eritrea,F11,3
Eritrea,F21,8
Eritrea,F22,1
Eritrea,F23,1
Eritrea,FX1,2
Eritrea,FX2,3
Eritrea,IR1,7
Eritrea,IR2,3
Eritrea,IR5,7
Estonia,CR1,1
Estonia,E14,1
Estonia,IR5,1
Ethiopia,CR1,56
Ethiopia,DV1,107
Ethiopia,DV2,23
Ethiopia,DV3,24
Ethiopia,E11,2
Ethiopia,E14,2
Ethiopia,E15,3
Ethiopia,F11,10
Ethiopia,F12,1
Ethiopia,F21,22
Ethiopia,F22,23
Ethiopia,F24,11
Ethiopia,F25,1
Ethiopia,F41,4
Ethiopia,F42,2
Ethiopia,F43,5
Ethiopia,FX1,26
Ethiopia,FX2,28
Ethiopia,IR1,22
Ethiopia,IR2,25
Ethiopia,IR3,12
Ethiopia,IR4,2
Ethiopia,IR5,70
Ethiopia,SE1,2
Ethiopia,SE2,2
Ethiopia,SE3,8
Fiji,CR1,5
Fiji,DV1,3
Fiji,DV2,3
Fiji,DV3,12
Fiji,F11,2
Fiji,F12,2
Fiji,F24,1
Fiji,F31,2
Fiji,F32,2
Fiji,F33,2
Fiji,F41,2
Fiji,F42,2
Fiji,FX1,1
Fiji,IR1,1
Fiji,IR5,6
Finland,E31,1
Finland,E34,1
Finland,IR1,1
France,CR1,6
France,CR2,1
France,DV1,6
France,DV3,2
France,E11,2
France,E14,1
France,E15,2
France,E23,1
France,F11,1
France,F12,2
France,FX1,2
France,FX2,1
France,I51,5
France,I52,5
France,I53,6
France,IR1,11
France,IR2,1
France,IR5,2
Gabon,F11,1
Gabon,FX1,1
Gabon,IR2,1
Gabon,IR5,1
"Gambia, The",CR1,3
"Gambia, The",F22,2
"Gambia, The",F24,1
"Gambia, The",F25,1
"Gambia, The",IR1,4
"Gambia, The",IR2,8
"Gambia, The",IR5,11
"Gambia, The",SE3,2
Georgia,CR1,5
Georgia,DV1,14
Georgia,DV2,5
Georgia,DV3,8
Georgia,F11,1
Georgia,F12,1
Georgia,F21,2
Georgia,F22,2
Georgia,F23,1
Georgia,F24,1
Georgia,F41,1
Georgia,IR1,3
Georgia,IR2,2
Georgia,IR5,8
Germany,CR1,23
Germany,CR2,2
Germany,DV1,5
Germany,DV2,4
Germany,DV3,3
Germany,E11,3
Germany,E15,1
Germany,F11,1
Germany,F12,2
Germany,F21,1
Germany,F24,1
Germany,F32,1
Germany,F33,3
Germany,FX1,3
Germany,I51,1
Germany,I53,2
Germany,IR1,21
Germany,IR2,1
Germany,IR5,4
Ghana,CR1,46
Ghana,CR2,1
Ghana,DV1,25
Ghana,DV2,9
Ghana,DV3,14
Ghana,E31,1
Ghana,E34,1
Ghana,F11,18
Ghana,F12,9
Ghana,F21,22
Ghana,F22,20
Ghana,F23,3
Ghana,F24,2
Ghana,F31,7
Ghana,F32,7
Ghana,F33,10
Ghana,F41,11
Ghana,F42,7
Ghana,F43,7
Ghana,FX1,10
Ghana,FX2,15
Ghana,FX3,9
Ghana,IB3,1
Ghana,IR1,75
Ghana,IR2,102
Ghana,IR3,4
Ghana,IR5,82
Great Britain and Northern Ireland,CR1,28
Great Britain and Northern Ireland,CR2,1
Great Britain and Northern Ireland,E11,4
Great Britain and Northern Ireland,E14,3
Great Britain and Northern Ireland,E15,3
Great Britain and Northern Ireland,E21,1
Great Britain and Northern Ireland,E23,2
Great Britain and Northern Ireland,E31,3
Great Britain and Northern Ireland,E34,1
Great Britain and Northern Ireland,E35,7
Great Britain and Northern Ireland,EW3,1
Great Britain and Northern Ireland,EW5,1
Great Britain and Northern Ireland,F11,1
Great Britain and Northern Ireland,F12,3
Great Britain and Northern Ireland,F21,2
Great Britain and Northern Ireland,F22,1
Great Britain and Northern Ireland,F24,1
Great Britain and Northern Ireland,F33,3
Great Britain and Northern Ireland,F41,2
Great Britain and Northern Ireland,F42,2
Great Britain and Northern Ireland,F43,7
Great Britain and Northern Ireland,FX2,2
Great Britain and Northern Ireland,I53,3
Great Britain and Northern Ireland,IR1,32
Great Britain and Northern Ireland,IR2,5
Great Britain and Northern Ireland,IR5,12
Great Britain and Northern Ireland,SB1,1
Greece,CR1,3
Greece,CR2,1
Greece,DV3,2
Greece,E11,2
Greece,E14,1
Greece,IR1,10
Greece,IR2,5
Greece,IR5,5
Grenada,E31,2
Grenada,E34,1
Grenada,F31,2
Grenada,F33,1
Grenada,FX2,1
Grenada,IR1,3
Grenada,IR2,3
Grenada,IR3,2
Grenada,IR5,3
Guatemala,CR1,23
Guatemala,CR2,1
Guatemala,DV1,1
Guatemala,E34,1
Guatemala,F11,21
Guatemala,F12,12
Guatemala,F21,12
Guatemala,F22,8
Guatemala,F23,4
Guatemala,F24,22
Guatemala,F25,7
Guatemala,F31,5
Guatemala,F32,4
Guatemala,F33,5
Guatemala,F41,14
Guatemala,F42,7
Guatemala,F43,12
Guatemala,FX1,70
Guatemala,FX2,14
Guatemala,FX3,44
Guatemala,IR1,180
Guatemala,IR2,36
Guatemala,IR5,33
Guatemala,IW1,1
Guatemala,SB1,1
Guatemala,SU3,1
Guinea,CR1,8
Guinea,DV1,4
Guinea,DV2,4
Guinea,DV3,5
Guinea,F11,2
Guinea,F12,1
Guinea,FX1,1
Haiti,F42,11
Haiti,F43,38
Haiti,FX1,93
Haiti,FX2,83
Haiti,FX3,76
Haiti,IH3,11
Haiti,IR1,94
Haiti,IR2,143
Haiti,IR3,2
Haiti,IR5,160
Haiti,IW1,1
Haiti,IW2,3
Haiti,SB1,5
Haiti,SE1,1
Haiti,SE3,4
Honduras,B23,3
Honduras,CR1,10
Honduras,CR2,6
Honduras,F11,24
Honduras,F12,12
Honduras,F21,6
Honduras,F22,3
Honduras,F23,2
Honduras,F24,5
Honduras,F25,5
Honduras,F31,3
Honduras,F32,4
Honduras,F33,7
Honduras,F41,4
Honduras,F42,3
Honduras,F43,10
Honduras,FX1,24
Honduras,FX2,13
Honduras,FX3,16
Honduras,IR1,140
Honduras,IR2,47
Honduras,IR3,3
Honduras,IR5,13
Honduras,IW1,1
Honduras,SU3,1
Hong Kong S.A.R.,CR1,4
Hong Kong S.A.R.,DV1,2
Hong Kong S.A.R.,E31,1
Hong Kong S.A.R.,E34,2
Hong Kong S.A.R.,E35,2
Hong Kong S.A.R.,F11,1
Hong Kong S.A.R.,F12,1
Hong Kong S.A.R.,F21,1
Hong Kong S.A.R.,F23,1
Hong Kong S.A.R.,F24,1
Hong Kong S.A.R.,F25,1
Hong Kong S.A.R.,F31,1
Hong Kong S.A.R.,F32,1
Hong Kong S.A.R.,F33,2
Hong Kong S.A.R.,F41,12
Hong Kong S.A.R.,F42,8
Hong Kong S.A.R.,F43,21
Hong Kong S.A.R.,FX1,1
Hong Kong S.A.R.,FX2,1
Hong Kong S.A.R.,FX3,1
Hong Kong S.A.R.,I51,6
Hong Kong S.A.R.,I52,4
Hong Kong S.A.R.,I53,5
Hong Kong S.A.R.,IR1,6
Hong Kong S.A.R.,IR2,3
Hong Kong S.A.R.,IR5,6
Hungary,CR1,1
Hungary,F11,2
Hungary,F21,1
Hungary,F22,1
Hungary,IH3,1
Hungary,IR1,2
Hungary,IR5,6
Hungary,SR1,1
India,CR1,160
India,CR2,3
India,E11,3
India,E13,2
India,E14,10
India,E15,9
India,E23,2
India,E31,8
India,E34,7
India,E35,13
India,EW3,2
India,EW4,2
India,EW5,1
India,F11,17
India,F12,2
India,F21,36
India,F22,10
India,F23,5
India,F24,9
India,F31,54
India,F32,55
India,F33,78
India,F41,368
India,F42,314
India,F43,502
India,FX1,29
India,FX2,11
India,FX3,8
India,I51,13
India,I52,10
India,I53,8
India,IB2,1
India,IH3,30
India,IR1,63
India,IR2,27
India,IR5,504
India,SB1,4
India,SD1,1
India,SR1,1
India,T51,1
India,T52,1
India,T53,2
Indonesia,CR1,11
Indonesia,CR2,1
Indonesia,DV1,5
Indonesia,DV2,3
Indonesia,DV3,5
Indonesia,F11,1
Indonesia,F21,1
Indonesia,F23,1
Indonesia,F41,2
Indonesia,F42,1
Indonesia,I51,1
Indonesia,IR1,3
Indonesia,IR2,2
Indonesia,IR5,5
Iran,CR1,3
Iran,DV1,20
Iran,DV2,7
Iran,DV3,4
Iran,E11,1
Iran,E14,1
Iran,E15,1
Iran,E21,2
Iran,E22,3
Iran,E31,1
Iran,E35,1
Iran,F11,11
Iran,F12,3
Iran,F21,2
Iran,F24,1
Iran,F31,4
Iran,F32,5
Iran,F41,5
Iran,F42,5
Iran,F43,5
Iran,FX1,2
Iran,I51,3
Iran,I52,2
Iran,I53,1
Iran,IR1,1
Iran,IR2,4
Iran,IR5,34
Iran,IW1,1
Iran,SB1,2
Iran,SQ2,2
Iraq,CR1,25
Iraq,DV1,7
Iraq,DV2,4
Iraq,DV3,5
Iraq,E31,1
Iraq,E34,1
Iraq,F11,2
Iraq,F21,1
Iraq,F31,2
Iraq,F32,1
Iraq,F33,4
Iraq,F41,1
Iraq,FX1,9
Iraq,FX2,1
Iraq,I51,2
Iraq,I52,2
Iraq,I53,8
Iraq,IR1,9
Iraq,IR2,7
Iraq,IR5,31
Iraq,SB1,4
Iraq,SQ1,11
Iraq,SQ2,8
Iraq,SQ3,19
Ireland,CR1,1
Ireland,DV1,2
Ireland,DV2,1
Ireland,IR1,3
Ireland,IR5,1
Israel,CR1,6
Israel,EW3,1
Israel,F11,1
Israel,F33,2
Israel,IR1,9
Israel,IR2,7
Israel,IR5,9
Israel,SE1,1
Italy,CR1,11
Italy,DV1,5
Italy,DV2,1
Italy,DV3,2
Italy,E11,2
Italy,E14,1
Italy,E15,2
Italy,E31,2
Italy,EW3,1
Italy,F12,3
Italy,F21,2
Italy,F22,1
Italy,F33,2
Italy,F41,1
Italy,F42,1
Italy,F43,4
Italy,FX1,2
Italy,FX2,2
Italy,IR1,15
Italy,IR2,3
Italy,IR5,4
Jamaica,CR1,64
Jamaica,CR2,28
Jamaica,E31,33
Jamaica,E34,14
Jamaica,E35,36
Jamaica,EW3,1
Jamaica,F11,94
Jamaica,F12,81
Jamaica,F21,15
Jamaica,F22,26
Jamaica,F23,9
Jamaica,F24,14
Jamaica,F25,12
Jamaica,F31,15
Jamaica,F32,13
Jamaica,F33,19
Jamaica,F41,14
Jamaica,F42,1
Jamaica,F43,5
Jamaica,FX1,12
Jamaica,FX2,26
Jamaica,FX3,7
Jamaica,IR1,53
Jamaica,IR2,163
Jamaica,IR4,1
Jamaica,IR5,117
Jamaica,SB1,4
Jamaica,SE1,1
Japan,CR1,27
Japan,DV1,5
Japan,DV2,2
Japan,E21,2
Japan,E22,1
Japan,E23,2
Japan,E31,4
Japan,E32,3
Japan,E34,4
Japan,E35,1
Japan,F11,2
Japan,F21,1
Japan,F42,1
Japan,I51,1
Japan,I52,1
Japan,I53,2
Japan,IR1,41
Japan,IR2,5
Japan,IR3,1
Japan,IR4,3
Japan,IR5,5
Japan,SR1,1
Japan,SR2,1
Jordan,CR1,60
Jordan,CR2,6
Jordan,DV1,7
Jordan,DV2,4
Jordan,DV3,9
Jordan,E11,1
Jordan,E15,2
Jordan,E31,1
Jordan,E35,2
Jordan,EW4,1
Jordan,EW5,2
Jordan,F11,2
Jordan,F12,4
Jordan,F21,2
Jordan,F22,4
Jordan,F24,4
Jordan,F31,8
Jordan,F32,8
Jordan,F33,28
Jordan,F41,10
Jordan,F42,8
Jordan,F43,40
Jordan,FX1,7
Jordan,FX2,5
Jordan,FX3,6
Jordan,IR1,39
Jordan,IR2,34
Jordan,IR5,37
Jordan,SB1,1
Jordan,SQ3,2
Kazakhstan,CR1,1
Kazakhstan,DV1,11
Kazakhstan,DV2,8
Kazakhstan,DV3,16
Kazakhstan,E31,1
Kazakhstan,F11,1
Kazakhstan,F21,3
Kazakhstan,F23,1
Kazakhstan,F41,2
Kazakhstan,IR1,1
Kazakhstan,IR2,5
Kazakhstan,IR5,5
Kenya,CR1,9
Kenya,CR2,3
Kenya,DV1,49
Kenya,DV2,9
Kenya,DV3,19
Kenya,E21,1
Kenya,E23,2
Kenya,E31,17
Kenya,E34,8
Kenya,E35,20
Kenya,F11,13
Kenya,F12,9
Kenya,F21,4
Kenya,F22,7
Kenya,F25,2
Kenya,F41,2
Kenya,F42,1
Kenya,F43,2
Kenya,FX1,1
Kenya,FX2,11
Kenya,I51,2
Kenya,I52,1
Kenya,IB3,2
Kenya,IR1,14
Kenya,IR2,31
Kenya,IR5,39
Kenya,SB1,1
Kenya,SR3,1
"Korea, South",CR1,53
"Korea, South",CR2,3
"Korea, South",E11,13
"Korea, South",E14,11
"Korea, South",E15,12
"Korea, South",E21,21
"Korea, South",E22,17
"Korea, South",E23,32
"Korea, South",E31,18
"Korea, South",E32,2
"Korea, South",E34,11
"Korea, South",E35,10
"Korea, South",EW4,1
"Korea, South",EW5,1
"Korea, South",F11,5
"Korea, South",F12,1
"Korea, South",F21,4
"Korea, South",F23,1
"Korea, South",F24,3
"Korea, South",F25,1
"Korea, South",F31,5
"Korea, South",F32,4
"Korea, South",F33,13
"Korea, South",F41,12
"Korea, South",F42,11
"Korea, South",F43,18
"Korea, South",FX1,2
"Korea, South",FX2,1
"Korea, South",FX3,1
"Korea, South",I51,24
"Korea, South",I52,8
"Korea, South",I53,26
"Korea, South",IR1,50
"Korea, South",IR2,10
"Korea, South",IR3,25
"Korea, South",IR5,32
"Korea, South",IW1,1
"Korea, South",SB1,1
Kosovo,CR1,7
Kosovo,DV1,5
Kosovo,DV2,3
Kosovo,DV3,5
Kosovo,F21,3
Kosovo,F24,2
Kosovo,F31,2
Kosovo,F32,2
Kosovo,F33,4
Kosovo,F41,2
Kosovo,F42,1
Kosovo,F43,2
Kosovo,FX1,4
Kosovo,FX3,1
Kosovo,IR1,3
Kosovo,IR5,3
Kuwait,CR1,2
Kuwait,DV1,1
Kuwait,E31,2
Kuwait,E34,1
Kuwait,E35,1
Kuwait,EW3,1
Kuwait,F11,2
Kuwait,F21,1
Kuwait,F31,2
Kuwait,F32,2
Kuwait,F41,2
Kuwait,F42,3
Kuwait,F43,3
Kuwait,FX2,1
Kuwait,IR1,4
Kuwait,IR5,4
Kyrgyzstan,CR1,3
Kyrgyzstan,DV1,16
Kyrgyzstan,DV2,9
Kyrgyzstan,DV3,4
Kyrgyzstan,F12,4
Kyrgyzstan,F21,1
Kyrgyzstan,F22,3
Kyrgyzstan,F31,1
Kyrgyzstan,F32,1
Kyrgyzstan,F33,2
Kyrgyzstan,FX1,1
Kyrgyzstan,IR1,3
Kyrgyzstan,IR2,1
Kyrgyzstan,IR5,8
Kyrgyzstan,SB1,1
Laos,CR1,1
Laos,F11,1
Laos,F22,6
Laos,F41,1
Laos,F42,1
Laos,F43,5
Laos,IR1,3
Laos,IR2,3
Laos,IR5,10
Latvia,CR1,1
Latvia,DV1,1
Latvia,IH3,10
Latvia,IR1,1
Lebanon,CR1,19
Lebanon,E14,1
Lebanon,E21,1
Lebanon,E22,2
Lebanon,E23,1
Lebanon,E34,1
Lebanon,E35,3
Lebanon,EW3,1
Lebanon,EW5,1
Lebanon,F11,4
Lebanon,F12,5
Lebanon,F21,2
Lebanon,F23,3
Lebanon,F24,2
Lebanon,F31,2
Lebanon,F32,2
Lebanon,F33,5
Lebanon,F41,8
Lebanon,F42,6
Lebanon,F43,10
Lebanon,FX1,1
Lebanon,FX2,3
Lebanon,FX3,2
Lebanon,I53,1
Lebanon,IR1,12
Lebanon,IR2,9
Lebanon,IR5,30
Liberia,CR1,8
Liberia,CR2,1
Liberia,DV1,34
Liberia,DV2,11
Liberia,DV3,15
Liberia,F11,3
Liberia,F21,1
Liberia,F22,5
Liberia,FX1,1
Liberia,FX2,1
Liberia,IR1,4
Liberia,IR2,14
Liberia,IR3,6
Liberia,IR5,18
Liberia,SE1,1
Liberia,SE2,1
Liberia,SE3,1
Libya,CR1,2
Libya,DV1,2
Libya,DV2,1
Libya,E34,1
Libya,F24,1
Libya,F25,1
Libya,F41,1
Libya,IR1,3
Libya,IR2,1
Libya,IR5,1
Lithuania,CR1,2
Lithuania,DV1,1
Lithuania,DV2,1
Lithuania,DV3,1
Lithuania,E31,1
Lithuania,E32,1
Lithuania,F11,2
Lithuania,F12,1
Lithuania,F41,1
Lithuania,FX2,1
Lithuania,IR1,6
Lithuania,IR5,5
Macau,CR2,1
Macau,F43,1
Macau,IR5,1
Macedonia,CR1,7
Macedonia,DV1,10
Macedonia,DV2,8
Macedonia,DV3,6
Macedonia,F11,1
Macedonia,F31,1
Macedonia,F32,1
Macedonia,F33,1
Macedonia,F41,3
Macedonia,F42,2
Macedonia,F43,3
Macedonia,FX1,1
Macedonia,FX2,2
Macedonia,IR5,12
Madagascar,DV1,1
Malawi,CR2,1
Malawi,F11,1
Malawi,F43,2
Malawi,IR5,2
Malaysia,CR1,3
Malaysia,DV1,1
Malaysia,DV2,1
Malaysia,DV3,2
Malaysia,E31,1
Malaysia,E34,1
Malaysia,E35,2
Malaysia,EW3,1
Malaysia,EW4,1
Malaysia,F11,1
Malaysia,F31,1
Malaysia,F32,1
Malaysia,F33,2
Malaysia,F41,3
Malaysia,F42,4
Malaysia,F43,2
Malaysia,I51,2
Malaysia,I52,2
Malaysia,I53,6
Malaysia,IR1,2
Malaysia,IR2,3
Malaysia,IR3,1
Malaysia,IR5,5
Mali,CR1,1
Mali,F21,1
Mali,FX1,1
Mali,FX2,2
Mali,IR2,1
Mali,IR5,5
Mali,SU3,1
Malta,F21,1
Mauritania,CR1,2
Mauritania,F11,1
Mauritania,F24,1
Mauritania,IR1,1
Mauritania,IR2,3
Mauritius,CR1,1
Mexico,BX2,1
Mexico,CR1,97
Mexico,CR2,11
Mexico,E11,3
Mexico,E14,3
Mexico,E15,3
Mexico,E23,1
Mexico,E31,1
Mexico,E34,1
Mexico,E35,6
Mexico,EW3,6
Mexico,EW4,4
Mexico,EW5,7
Mexico,F11,105
Mexico,F12,60
Mexico,F24,81
Mexico,F25,72
Mexico,F31,18
Mexico,F32,17
Mexico,F33,32
Mexico,F41,100
Mexico,F42,61
Mexico,F43,96
Mexico,FX1,880
Mexico,FX2,921
Mexico,FX3,18
Mexico,I51,3
Mexico,I52,2
Mexico,I53,2
Mexico,IB2,1
Mexico,IR1,"1,383"
Mexico,IR2,196
Mexico,IR5,333
Mexico,IW1,3
Mexico,IW2,1
Mexico,SB1,1
Mexico,SU3,2
Moldova,CR1,1
Moldova,DV1,20
Moldova,DV2,9
Moldova,DV3,9
Moldova,F11,1
Moldova,F21,6
Moldova,F23,2
Moldova,IR1,2
Moldova,IR5,3
Moldova,SB1,1
Monaco,CR1,1
Mongolia,CR1,1
Mongolia,DV1,3
Mongolia,DV2,1
Mongolia,DV3,2
Mongolia,E21,1
Mongolia,F22,1
Mongolia,F24,1
Mongolia,FX1,1
Mongolia,FX2,1
Mongolia,IR1,1
Mongolia,IR2,1
Mongolia,SB1,1
Montenegro,CR1,1
Montenegro,F41,1
Montenegro,F42,1
Montenegro,F43,3
Montenegro,IR1,1
Montenegro,IR5,4
Morocco,CR1,37
Morocco,DV1,28
Morocco,DV2,3
Morocco,DV3,3
Morocco,F11,1
Morocco,F21,11
Morocco,F22,1
Morocco,F24,1
Morocco,F32,1
Morocco,F33,2
Morocco,F41,3
Morocco,F42,2
Morocco,F43,1
Morocco,FX1,2
Morocco,FX2,1
Morocco,IR1,26
Morocco,IR2,8
Morocco,IR4,1
Morocco,IR5,44
Morocco,SB1,2
Morocco,SE2,1
Mozambique,IR5,1
Nepal,CR1,42
Nepal,CR2,2
Nepal,DV1,147
Nepal,DV2,69
Nepal,DV3,46
Nepal,E11,1
Nepal,E14,3
Nepal,E15,5
Nepal,F11,4
Nepal,F12,1
Nepal,F21,25
Nepal,F22,6
Nepal,F24,1
Nepal,F41,4
Nepal,F42,4
Nepal,F43,9
Nepal,FX1,7
Nepal,FX2,7
Nepal,IR1,15
Nepal,IR2,7
Nepal,IR5,85
Nepal,SB1,2
Nepal,SE1,1
Nepal,SE2,1
Netherlands,CR1,4
Netherlands,DV1,3
Netherlands,E11,1
Netherlands,E15,1
Netherlands,E21,1
Netherlands,E22,1
Netherlands,F11,1
Netherlands,F12,1
Netherlands,I51,1
Netherlands,I52,1
Netherlands,I53,3
Netherlands,IR1,3
Netherlands,IR2,3
Netherlands,IR5,3
New Zealand,CR1,2
New Zealand,CR2,2
New Zealand,DV1,6
New Zealand,DV2,1
New Zealand,E11,1
New Zealand,E14,1
New Zealand,E15,2
New Zealand,E31,1
New Zealand,E34,1
New Zealand,F43,1
New Zealand,IR1,5
New Zealand,IR5,1
New Zealand,T51,1
Nicaragua,CR1,9
Nicaragua,CR2,4
Nicaragua,E34,1
Nicaragua,E35,2
Nicaragua,F11,22
Nicaragua,F12,20
Nicaragua,F21,2
Nicaragua,F22,2
Nicaragua,F23,2
Nicaragua,F24,12
Nicaragua,F25,5
Nicaragua,F31,1
Nicaragua,F41,5
Nicaragua,F42,1
Nicaragua,F43,1
Nicaragua,FX1,8
Nicaragua,FX2,5
Nicaragua,FX3,6
Nicaragua,IR1,41
Nicaragua,IR2,25
Nicaragua,IR3,1
Nicaragua,IR5,9
Niger,CR1,1
Niger,FX2,1
Nigeria,CR1,79
Nigeria,CR2,5
Nigeria,E21,4
Nigeria,E22,3
Nigeria,E23,6
Nigeria,E31,3
Nigeria,E34,2
Nigeria,F11,29
Nigeria,F12,18
Nigeria,F21,9
Nigeria,F22,4
Nigeria,F23,2
Nigeria,F24,3
Nigeria,F25,4
Nigeria,F31,2
Nigeria,F32,2
Nigeria,F33,7
Nigeria,F41,14
Nigeria,F42,11
Nigeria,F43,22
Nigeria,FX1,7
Nigeria,FX2,5
Nigeria,FX3,4
Nigeria,I51,1
Nigeria,I52,1
Nigeria,I53,3
Nigeria,IR1,71
Nigeria,IR2,95
Nigeria,IR3,9
Nigeria,IR5,115
Nigeria,IW1,1
Nigeria,SB1,6
Norway,E31,1
Norway,F22,1
Norway,IR1,3
Norway,IR2,3
Norway,IR5,1
Norway,SB1,1
Oman,CR1,1
Oman,I53,1
Oman,IR2,1
Pakistan,CR1,158
Pakistan,CR2,2
Pakistan,E21,2
Pakistan,E22,3
Pakistan,E23,2
Pakistan,E31,3
Pakistan,E32,1
Pakistan,E34,4
Pakistan,E35,10
Pakistan,F11,4
Pakistan,F21,23
Pakistan,F22,6
Pakistan,F23,7
Pakistan,F24,13
Pakistan,F25,1
Pakistan,F31,15
Pakistan,F32,14
Pakistan,F33,37
Pakistan,F41,57
Pakistan,F42,48
Pakistan,F43,125
Pakistan,FX1,19
Pakistan,FX2,5
Pakistan,FX3,7
Pakistan,I51,4
Pakistan,I52,4
Pakistan,I53,3
Pakistan,IR1,63
Pakistan,IR2,37
Pakistan,IR4,3
Pakistan,IR5,146
Pakistan,SB1,4
Pakistan,SE1,2
Pakistan,SE2,2
Pakistan,SE3,3
Pakistan,SQ3,5
Panama,CR1,2
Panama,F11,1
Panama,F12,2
Panama,F24,1
Panama,F43,1
Panama,FX1,1
Panama,FX2,2
Panama,IR1,5
Panama,IR2,5
Panama,IR5,6
Papua New Guinea,IR2,1
Paraguay,CR1,3
Paraguay,E31,1
Paraguay,F11,3
Paraguay,F12,1
Paraguay,IR1,5
Paraguay,IR5,3
Peru,CR1,36
Peru,CR2,10
Peru,E22,1
Peru,F11,33
Peru,F12,16
Peru,F21,12
Peru,F22,11
Peru,F23,8
Peru,F24,29
Peru,F25,13
Peru,F31,5
Peru,F32,4
Peru,F33,8
Peru,F41,25
Peru,F42,15
Peru,F43,30
Peru,FX1,15
Peru,FX2,17
Peru,FX3,12
Peru,I53,1
Peru,IR1,88
Peru,IR2,30
Peru,IR5,106
Peru,IW1,1
Philippines,CR1,139
Philippines,CR2,35
Philippines,E21,17
Philippines,E22,10
Philippines,E23,16
Philippines,E31,156
Philippines,E32,124
Philippines,E34,122
Philippines,E35,163
Philippines,EW3,6
Philippines,EW4,2
Philippines,EW5,11
Philippines,F11,19
Philippines,F12,16
Philippines,F21,52
Philippines,F22,54
Philippines,F23,35
Philippines,F24,134
Philippines,F25,113
Philippines,F31,27
Philippines,F32,29
Philippines,F33,41
Philippines,F41,120
Philippines,F42,82
Philippines,F43,70
Philippines,FX1,63
Philippines,FX2,44
Philippines,FX3,49
Philippines,I51,1
Philippines,I53,3
Philippines,IB3,2
Philippines,IH4,12
Philippines,IR1,144
Philippines,IR2,214
Philippines,IR5,501
Philippines,IW1,3
Philippines,IW2,1
Philippines,SB1,14
Philippines,SE3,2
Poland,CR1,4
Poland,CR2,1
Poland,DV1,9
Poland,DV2,8
Poland,DV3,5
Poland,F11,5
Poland,F12,1
Poland,F21,3
Poland,F22,4
Poland,F24,3
Poland,F25,2
Poland,F31,11
Poland,F32,9
Poland,F33,16
Poland,F41,10
Poland,F42,4
Poland,F43,7
Poland,FX1,4
Poland,IH3,3
Poland,IR1,10
Poland,IR2,2
Poland,IR5,17
Portugal,DV1,1
Portugal,DV2,1
Portugal,F11,2
Portugal,FX3,1
Portugal,IR1,1
Portugal,IR2,1
Qatar,FX2,1
Qatar,IR2,1
Qatar,IR5,1
Romania,CR1,11
Romania,CR2,1
Romania,DV1,5
Romania,DV2,2
Romania,E21,1
Romania,E31,1
Romania,E34,1
Romania,E35,1
Romania,F11,1
Romania,F12,1
Romania,F21,1
Romania,F31,2
Romania,F32,1
Romania,F33,2
Romania,F41,1
Romania,F42,1
Romania,F43,1
Romania,IH3,2
Romania,IR1,10
Romania,IR2,2
Romania,IR5,8
Romania,SB1,4
Russia,CR1,17
Russia,CR2,3
Russia,DV1,74
Russia,DV2,46
Russia,DV3,47
Russia,E11,3
Russia,E14,2
Russia,E15,6
Russia,E21,2
Russia,E22,1
Russia,E23,2
Russia,E32,2
Russia,E34,1
Russia,E35,1
Russia,F11,9
Russia,F12,2
Russia,F21,4
Russia,F22,4
Russia,F24,1
Russia,F31,2
Russia,F32,3
Russia,F33,3
Russia,F41,1
Russia,F43,1
Russia,FX1,8
Russia,FX2,6
Russia,I51,2
Russia,I52,1
Russia,I53,2
Russia,IR1,11
Russia,IR2,5
Russia,IR3,2
Russia,IR5,52
Russia,SB1,2
Russia,SE1,1
Rwanda,DV1,3
Rwanda,F21,1
Rwanda,F22,1
Rwanda,FX1,1
Rwanda,FX2,1
Rwanda,IR2,1
Saint Kitts and Nevis,F11,2
Saint Kitts and Nevis,F12,2
Saint Kitts and Nevis,F22,3
Saint Kitts and Nevis,F41,1
Saint Kitts and Nevis,F42,1
Saint Kitts and Nevis,FX2,1
Saint Kitts and Nevis,IR1,1
Saint Kitts and Nevis,IR5,1
Saint Lucia,CR1,1
Saint Lucia,DV1,2
Saint Lucia,DV2,1
Saint Lucia,E31,3
Saint Lucia,E34,2
Saint Lucia,E35,1
Saint Lucia,F11,4
Saint Lucia,F12,4
Saint Lucia,F21,2
Saint Lucia,F22,1
Saint Lucia,F23,1
Saint Lucia,F31,1
Saint Lucia,F32,1
Saint Lucia,F41,1
Saint Lucia,FX1,1
Saint Lucia,IR1,8
Saint Lucia,IR2,5
Saint Lucia,IR5,7
Saint Vincent and the Grenadines,CR1,1
Saint Vincent and the Grenadines,F11,5
Saint Vincent and the Grenadines,F12,3
Saint Vincent and the Grenadines,F31,2
Saint Vincent and the Grenadines,F32,2
Saint Vincent and the Grenadines,F33,2
Saint Vincent and the Grenadines,FX2,1
Saint Vincent and the Grenadines,IR1,3
Saint Vincent and the Grenadines,IR2,6
Saint Vincent and the Grenadines,IR5,7
Samoa,CR1,1
Samoa,F43,1
Samoa,IR1,1
Saudi Arabia,CR1,7
Saudi Arabia,DV1,3
Saudi Arabia,DV2,1
Saudi Arabia,DV3,2
Saudi Arabia,E23,1
Saudi Arabia,E31,2
Saudi Arabia,E35,3
Saudi Arabia,F33,1
Saudi Arabia,F41,1
Saudi Arabia,F43,6
Saudi Arabia,FX1,2
Saudi Arabia,FX2,1
Saudi Arabia,I51,1
Saudi Arabia,I52,2
Saudi Arabia,IR1,9
Saudi Arabia,IR2,5
Saudi Arabia,SB1,1
Saudi Arabia,SE3,1
Saudi Arabia,SQ2,1
Senegal,CR1,4
Senegal,DV1,4
Senegal,DV2,1
Senegal,DV3,1
Senegal,F11,1
Senegal,F22,1
Senegal,F41,1
Senegal,F43,2
Senegal,FX1,2
Senegal,FX2,6
Senegal,IR1,7
Senegal,IR2,11
Serbia,CR1,6
Serbia,DV1,11
Serbia,DV2,4
Serbia,DV3,1
Serbia,F12,1
Serbia,F21,1
Serbia,F24,1
Serbia,F41,1
Serbia,F43,2
Serbia,IR1,1
Serbia,IR5,3
Seychelles,IR5,1
Sierra Leone,CR1,10
Sierra Leone,DV1,3
Sierra Leone,F11,3
Sierra Leone,F12,5
Sierra Leone,FX1,1
Sierra Leone,FX2,2
Sierra Leone,IR1,8
Sierra Leone,IR2,21
Sierra Leone,IR3,17
Sierra Leone,IR5,17
Singapore,CR1,1
Singapore,E34,2
Singapore,E35,1
Singapore,I51,1
Singapore,I52,1
Singapore,I53,3
Singapore,IR1,3
Singapore,IR2,1
Singapore,IR5,1
Slovakia,CR1,2
Slovakia,DV1,3
Slovakia,DV2,3
Slovakia,IR2,2
Slovakia,IR5,1
Slovenia,E11,1
Slovenia,E21,1
Slovenia,E22,1
Slovenia,E23,1
Somalia,CR1,3
Somalia,DV1,1
Somalia,F21,1
Somalia,F22,1
Somalia,FX1,1
Somalia,FX2,4
Somalia,IR1,4
Somalia,IR2,11
Somalia,IR5,5
South Africa,CR1,8
South Africa,CR2,1
South Africa,DV1,3
South Africa,E31,1
South Africa,E35,5
South Africa,EW3,1
South Africa,EW5,1
South Africa,F11,2
South Africa,F22,1
South Africa,F31,1
South Africa,F33,2
South Africa,I51,1
South Africa,I52,1
South Africa,I53,2
South Africa,IH3,3
South Africa,IR1,7
South Africa,IR2,1
South Africa,IR5,4
South Sudan,CR1,1
South Sudan,FX2,1
South Sudan,IR1,2
South Sudan,IR5,2
Spain,CR1,7
Spain,DV1,2
Spain,DV2,2
Spain,DV3,1
Spain,E11,3
Spain,E14,2
Spain,E15,7
Spain,E21,2
Spain,E22,2
Spain,E23,1
Spain,F11,1
Spain,F12,2
Spain,F25,1
Spain,F41,1
Spain,F42,1
Spain,FX1,1
Spain,FX2,1
Spain,I53,2
Spain,IR1,5
Spain,IR2,3
Spain,IR5,3
Spain,SB1,3
Spain,T52,1
Spain,T53,1
Sri Lanka,CR1,10
Sri Lanka,DV1,4
Sri Lanka,DV2,1
Sri Lanka,DV3,2
Sri Lanka,E21,1
Sri Lanka,E22,1
Sri Lanka,E23,1
Sri Lanka,F11,1
Sri Lanka,F21,3
Sri Lanka,F22,1
Sri Lanka,F24,1
Sri Lanka,F41,3
Sri Lanka,F42,3
Sri Lanka,F43,3
Sri Lanka,FX1,3
Sri Lanka,IR1,4
Sri Lanka,IR2,2
Sri Lanka,IR5,6
Sudan,CR1,14
Sudan,DV1,29
Sudan,DV2,6
Sudan,DV3,9
Sudan,F11,2
Sudan,F21,6
Sudan,F22,4
Sudan,F23,4
Sudan,F41,1
Sudan,F43,3
Sudan,FX1,2
Sudan,FX2,2
Sudan,IR1,27
Sudan,IR2,17
Sudan,IR5,34
Suriname,F21,1
Suriname,F23,4
Suriname,F41,1
Suriname,F43,1
Suriname,IR1,2
Suriname,IR2,1
Suriname,IR5,1
Sweden,CR1,5
Sweden,DV1,1
Sweden,E31,1
Sweden,F22,1
Sweden,F33,1
Sweden,FX1,1
Sweden,IR1,6
Sweden,IR2,1
Switzerland,CR1,1
Switzerland,DV1,1
Switzerland,IR1,6
Switzerland,SB1,1
Syria,CR1,3
Syria,E31,2
Syria,E34,2
Syria,E35,3
Syria,F21,1
Syria,F31,3
Syria,F32,2
Syria,F33,4
Syria,F41,2
Syria,F42,4
Syria,F43,6
Syria,FX1,1
Syria,FX2,1
Syria,I51,1
Syria,I52,1
Syria,I53,1
Syria,IR1,3
Syria,IR5,14
Syria,SB1,1
Tajikistan,CR2,1
Tajikistan,DV1,15
Tajikistan,DV2,9
Tajikistan,DV3,16
Tajikistan,E34,1
Tajikistan,F22,1
Tajikistan,F31,1
Tajikistan,F32,1
Tajikistan,FX1,1
Tajikistan,IR2,1
Tajikistan,IR5,2
Tanzania,CR2,1
Tanzania,E21,1
Tanzania,F24,2
Tanzania,F31,1
Tanzania,IR1,5
Tanzania,IR2,4
Tanzania,IR5,2
Thailand,CR1,20
Thailand,CR2,3
Thailand,DV1,1
Thailand,E22,1
Thailand,E31,1
Thailand,E34,3
Thailand,EW3,1
Thailand,EW4,1
Thailand,F11,7
Thailand,F12,4
Thailand,F21,1
Thailand,F22,1
Thailand,F24,3
Thailand,F31,1
Thailand,F32,1
Thailand,F33,2
Thailand,F41,6
Thailand,F42,1
Thailand,F43,3
Thailand,FX1,1
Thailand,FX2,4
Thailand,FX3,1
Thailand,IH4,3
Thailand,IR1,18
Thailand,IR2,17
Thailand,IR5,11
Thailand,SB1,1
Togo,CR1,5
Togo,DV1,30
Togo,DV2,7
Togo,DV3,6
Togo,F11,1
Togo,F21,2
Togo,FX1,4
Togo,FX2,2
Togo,IR1,1
Togo,IR2,9
Togo,IR5,11
Tonga,F41,1
Tonga,F42,1
Tonga,F43,2
Tonga,IR1,3
Tonga,IR2,2
Tonga,IR5,3
Trinidad and Tobago,CR1,6
Trinidad and Tobago,DV1,2
Trinidad and Tobago,DV2,2
Trinidad and Tobago,DV3,5
Trinidad and Tobago,E31,3
Trinidad and Tobago,E34,1
Trinidad and Tobago,E35,1
Trinidad and Tobago,F11,9
Trinidad and Tobago,F12,3
Trinidad and Tobago,F21,1
Trinidad and Tobago,F22,1
Trinidad and Tobago,F24,1
Trinidad and Tobago,F25,2
Trinidad and Tobago,F31,3
Trinidad and Tobago,F32,2
Trinidad and Tobago,F33,1
Trinidad and Tobago,F41,2
Trinidad and Tobago,F43,1
Trinidad and Tobago,FX2,5
Trinidad and Tobago,IR1,11
Trinidad and Tobago,IR2,18
Trinidad and Tobago,IR5,35
Trinidad and Tobago,IW1,1
Tunisia,CR1,7
Tunisia,DV1,3
Tunisia,DV2,1
Tunisia,F21,1
Tunisia,F22,1
Tunisia,IR1,7
Tunisia,IR2,7
Tunisia,IR5,5
Turkey,CR1,24
Turkey,CR2,1
Turkey,DV1,35
Turkey,DV2,22
Turkey,DV3,19
Turkey,E11,1
Turkey,E14,1
Turkey,E15,1
Turkey,E31,1
Turkey,E32,1
Turkey,E34,1
Turkey,E35,1
Turkey,EW3,1
Turkey,EW4,1
Turkey,EW5,1
Turkey,F11,3
Turkey,F12,1
Turkey,F21,1
Turkey,FX1,2
Turkey,FX2,1
Turkey,I51,3
Turkey,I52,2
Turkey,I53,5
Turkey,IR1,23
Turkey,IR2,4
Turkey,IR5,20
Turkey,SB1,1
Turkey,SE2,1
Turkey,SQ3,1
Turkey,SU2,1
Turkey,SU3,1
Turkmenistan,CR1,1
Turkmenistan,DV1,1
Turkmenistan,DV2,1
Turkmenistan,DV3,2
Turkmenistan,FX1,2
Turkmenistan,FX2,2
Turkmenistan,IR2,1
Uganda,CR1,7
Uganda,DV1,7
Uganda,DV2,3
Uganda,DV3,8
Uganda,F11,3
Uganda,F12,1
Uganda,F21,1
Uganda,F22,1
Uganda,F41,2
Uganda,FX2,2
Uganda,IR1,6
Uganda,IR2,10
Uganda,IR3,2
Uganda,IR5,9
Ukraine,CR1,9
Ukraine,CR2,5
Ukraine,DV1,75
Ukraine,DV2,54
Ukraine,DV3,59
Ukraine,E11,1
Ukraine,E14,1
Ukraine,E15,1
Ukraine,E23,1
Ukraine,F11,6
Ukraine,F12,2
Ukraine,F21,10
Ukraine,F22,7
Ukraine,F24,3
Ukraine,F31,4
Ukraine,F32,6
Ukraine,F33,9
Ukraine,F41,3
Ukraine,F42,2
Ukraine,F43,1
Ukraine,FX1,10
Ukraine,FX2,12
Ukraine,IR1,6
Ukraine,IR2,6
Ukraine,IR3,25
Ukraine,IR4,12
Ukraine,IR5,58
United Arab Emirates,CR1,5
United Arab Emirates,CR2,2
United Arab Emirates,DV1,2
United Arab Emirates,DV2,1
United Arab Emirates,DV3,2
United Arab Emirates,E35,5
United Arab Emirates,F11,1
United Arab Emirates,F22,2
United Arab Emirates,F33,6
United Arab Emirates,I53,16
United Arab Emirates,IR1,4
United Arab Emirates,IR2,2
United Arab Emirates,T53,1
Uruguay,E34,1
Uruguay,F31,1
Uruguay,F32,1
Uruguay,F33,1
Uruguay,FX1,1
Uruguay,I51,1
Uruguay,I52,1
Uruguay,IR1,1
Uruguay,IR5,3
Uzbekistan,CR1,6
Uzbekistan,DV1,80
Uzbekistan,DV2,49
Uzbekistan,DV3,75
Uzbekistan,F11,1
Uzbekistan,F21,13
Uzbekistan,F22,9
Uzbekistan,F24,1
Uzbekistan,F31,1
Uzbekistan,F33,4
Uzbekistan,FX1,8
Uzbekistan,FX2,11
Uzbekistan,IR1,1
Uzbekistan,IR2,2
Uzbekistan,IR5,14
Uzbekistan,SB1,4
Venezuela,CR1,8
Venezuela,CR2,2
Venezuela,DV1,25
Venezuela,DV2,17
Venezuela,DV3,25
Venezuela,E11,11
Venezuela,E14,11
Venezuela,E15,12
Venezuela,E21,1
Venezuela,E32,1
Venezuela,EW3,1
Venezuela,F11,14
Venezuela,F12,9
Venezuela,F21,2
Venezuela,F22,2
Venezuela,F24,6
Venezuela,F25,4
Venezuela,F33,1
Venezuela,F41,11
Venezuela,F42,8
Venezuela,F43,14
Venezuela,FX2,1
Venezuela,FX3,2
Venezuela,I51,1
Venezuela,IR1,12
Venezuela,IR2,18
Venezuela,IR5,49
Venezuela,SB1,1
Venezuela,T51,1
Vietnam,CR1,214
Vietnam,CR2,52
Vietnam,E11,1
Vietnam,E21,1
Vietnam,E31,5
Vietnam,E34,4
Vietnam,E35,9
Vietnam,EW3,1
Vietnam,EW4,3
Vietnam,EW5,5
Vietnam,F11,115
Vietnam,F12,103
Vietnam,F21,108
Vietnam,F22,57
Vietnam,F23,53
Vietnam,F24,49
Vietnam,F25,10
Vietnam,F31,107
Vietnam,F32,107
Vietnam,F33,182
Vietnam,F41,209
Vietnam,F42,144
Vietnam,F43,292
Vietnam,FX1,61
Vietnam,FX2,29
Vietnam,FX3,42
Vietnam,I51,43
Vietnam,I52,32
Vietnam,I53,91
Vietnam,IH3,5
Vietnam,IR1,102
Vietnam,IR2,79
Vietnam,IR5,525
Vietnam,IW1,1
Vietnam,SE1,1
Vietnam,SE2,1
Vietnam,SE3,2
Yemen,CR1,2
Yemen,DV1,1
Yemen,DV2,1
Yemen,DV3,1
Yemen,FX1,2
Yemen,FX2,2
Yemen,FX3,2
Yemen,IR1,13
Yemen,IR2,19
Yemen,IR5,3
Zambia,CR1,2
Zambia,F41,1
Zambia,F42,1
Zambia,F43,1
Zambia,IR1,2
Zambia,IR2,3
Zambia,IR5,1
Zimbabwe,CR1,2
Zimbabwe,DV1,1
Zimbabwe,F24,1
Zimbabwe,FX1,1
Zimbabwe,IR1,2
Zimbabwe,IR2,4
Zimbabwe,IR5,12
Grand Total,,"40,819"
