Place of Birth,Visa Class,Issuances
Afghanistan,BC1,2
Afghanistan,BC2,1
Afghanistan,BC3,2
Afghanistan,CR1,22
Afghanistan,DV1,1
Afghanistan,F11,2
Afghanistan,F21,3
Afghanistan,FX1,12
Afghanistan,FX2,1
Afghanistan,FX3,1
Afghanistan,I51,1
Afghanistan,I52,1
Afghanistan,IR1,7
Afghanistan,IR2,5
Afghanistan,IR5,26
Afghanistan,SB1,1
Afghanistan,SI1,27
Afghanistan,SI2,21
Afghanistan,SI3,58
Afghanistan,SQ1,236
Afghanistan,SQ2,208
Afghanistan,SQ3,573
Albania,CR1,14
Albania,CR2,1
Albania,DV1,95
Albania,DV2,44
Albania,DV3,39
Albania,E31,1
Albania,E34,1
Albania,F11,5
Albania,F21,6
Albania,F24,2
Albania,F31,3
Albania,F32,3
Albania,F33,5
Albania,F41,5
Albania,F42,6
Albania,F43,3
Albania,FX1,7
Albania,FX2,4
Albania,IR1,5
Albania,IR5,78
Algeria,CR1,9
Algeria,CR2,1
Algeria,DV1,73
Algeria,DV2,27
Algeria,DV3,24
Algeria,F21,5
Algeria,F22,1
Algeria,FX1,5
Algeria,IR1,5
Algeria,IR2,4
Algeria,IR5,4
Angola,DV1,1
Angola,DV2,1
Angola,DV3,3
Angola,FX2,1
Anguilla,F41,1
Anguilla,F42,1
Anguilla,F43,3
Antigua and Barbuda,F11,3
Antigua and Barbuda,F24,1
Antigua and Barbuda,F25,1
Antigua and Barbuda,F41,1
Antigua and Barbuda,F43,2
Antigua and Barbuda,IR1,1
Antigua and Barbuda,IR2,3
Antigua and Barbuda,IR5,3
Argentina,CR1,1
Argentina,DV1,1
Argentina,DV2,1
Argentina,E21,1
Argentina,E22,1
Argentina,E23,7
Argentina,F11,3
Argentina,F12,2
Argentina,F22,2
Argentina,F24,1
Argentina,F31,1
Argentina,F41,1
Argentina,F43,5
Argentina,FX1,1
Argentina,FX2,2
Argentina,IR1,7
Argentina,IR2,3
Argentina,IR5,6
Armenia,CR1,9
Armenia,CR2,3
Armenia,DV1,35
Armenia,DV2,29
Armenia,DV3,38
Armenia,E31,1
Armenia,E35,1
Armenia,F11,12
Armenia,F12,2
Armenia,F21,2
Armenia,F22,2
Armenia,F24,2
Armenia,F31,4
Armenia,F32,5
Armenia,F33,10
Armenia,F41,2
Armenia,F42,1
Armenia,FX1,4
Armenia,IR1,1
Armenia,IR5,43
Armenia,SB1,4
Australia,CR1,13
Australia,DV1,20
Australia,DV2,3
Australia,DV3,2
Australia,E11,1
Australia,E15,1
Australia,E31,1
Australia,F22,1
Australia,F24,1
Australia,IR1,14
Australia,IR2,1
Australia,IR5,1
Austria,CR1,2
Austria,F21,1
Austria,IR1,1
Austria,SQ3,2
Azerbaijan,CR1,3
Azerbaijan,DV1,9
Azerbaijan,DV2,4
Azerbaijan,DV3,6
Azerbaijan,E34,1
Azerbaijan,F11,1
Azerbaijan,F21,1
Azerbaijan,F23,2
Azerbaijan,F41,1
Azerbaijan,FX1,1
Azerbaijan,IR5,11
"Bahamas, The",E31,2
"Bahamas, The",E34,1
"Bahamas, The",E35,2
"Bahamas, The",F12,2
"Bahamas, The",F41,1
"Bahamas, The",IR1,2
"Bahamas, The",IR2,2
"Bahamas, The",IR5,3
Bangladesh,CR1,85
Bangladesh,CR2,3
Bangladesh,E11,1
Bangladesh,E14,1
Bangladesh,E22,1
Bangladesh,F11,4
Bangladesh,F12,2
Bangladesh,F21,18
Bangladesh,F22,11
Bangladesh,F23,2
Bangladesh,F24,7
Bangladesh,F31,6
Bangladesh,F32,6
Bangladesh,F33,8
Bangladesh,F41,103
Bangladesh,F42,92
Bangladesh,F43,168
Bangladesh,FX1,14
Bangladesh,FX2,21
Bangladesh,FX3,5
Bangladesh,IR1,55
Bangladesh,IR2,34
Bangladesh,IR4,1
Bangladesh,IR5,245
Bangladesh,SB1,1
Barbados,E31,1
Barbados,F11,2
Barbados,F12,2
Barbados,F21,1
Barbados,F41,1
Barbados,IR1,3
Barbados,IR4,1
Belarus,CR1,3
Belarus,DV1,18
Belarus,DV2,7
Belarus,DV3,7
Belarus,E31,1
Belarus,E34,1
Belarus,E35,1
Belarus,F11,2
Belarus,F21,1
Belarus,F22,3
Belarus,F23,1
Belarus,F31,1
Belarus,F32,1
Belarus,F33,3
Belarus,IR5,13
Belarus,SB1,1
Belgium,CR1,3
Belgium,DV1,1
Belgium,E11,1
Belgium,E15,1
Belgium,E31,1
Belgium,F33,3
Belgium,I51,1
Belgium,IR1,2
Belgium,IR2,1
Belgium,SI3,2
Belize,CR1,2
Belize,CR2,3
Belize,F11,1
Belize,F12,2
Belize,F31,1
Belize,F32,1
Belize,FX1,1
Belize,FX2,3
Belize,IR1,2
Belize,IR2,9
Belize,IR5,1
Benin,CR1,1
Benin,DV1,4
Benin,DV2,1
Benin,DV3,1
Benin,FX1,1
Benin,FX3,1
Benin,IR1,1
Benin,IR2,2
Benin,IR5,6
Bermuda,IR5,1
Bhutan,F22,1
Bhutan,FX1,1
Bhutan,IR5,1
Bolivia,CR1,5
Bolivia,CR2,2
Bolivia,E35,1
Bolivia,F11,9
Bolivia,F12,8
Bolivia,F21,1
Bolivia,F22,2
Bolivia,F23,1
Bolivia,F24,1
Bolivia,F31,1
Bolivia,F32,1
Bolivia,F33,1
Bolivia,F41,5
Bolivia,F42,3
Bolivia,F43,3
Bolivia,FX1,1
Bolivia,FX2,6
Bolivia,FX3,1
Bolivia,IR1,14
Bolivia,IR2,16
Bolivia,IR5,7
Bolivia,SB1,1
Bosnia and Herzegovina,CR1,2
Bosnia and Herzegovina,DV3,1
Bosnia and Herzegovina,E21,1
Bosnia and Herzegovina,F31,1
Bosnia and Herzegovina,F32,1
Bosnia and Herzegovina,F33,3
Bosnia and Herzegovina,F41,3
Bosnia and Herzegovina,F42,1
Bosnia and Herzegovina,F43,1
Bosnia and Herzegovina,IR1,1
Bosnia and Herzegovina,IR2,1
Brazil,CR1,30
Brazil,CR2,2
Brazil,E11,3
Brazil,E14,4
Brazil,E15,3
Brazil,E21,1
Brazil,E22,3
Brazil,E23,2
Brazil,E31,1
Brazil,EW3,1
Brazil,EW4,1
Brazil,EW5,3
Brazil,F11,16
Brazil,F12,2
Brazil,F21,2
Brazil,F22,2
Brazil,F24,1
Brazil,F31,1
Brazil,F32,3
Brazil,F41,5
Brazil,F42,3
Brazil,F43,3
Brazil,FX1,1
Brazil,FX2,3
Brazil,I51,3
Brazil,I52,3
Brazil,I53,6
Brazil,IR1,104
Brazil,IR2,34
Brazil,IR5,56
Brazil,IW1,2
Brunei,F41,1
Bulgaria,CR1,4
Bulgaria,DV1,13
Bulgaria,DV2,9
Bulgaria,DV3,10
Bulgaria,E35,1
Bulgaria,F11,4
Bulgaria,F12,1
Bulgaria,F24,1
Bulgaria,F41,3
Bulgaria,F42,1
Bulgaria,F43,1
Bulgaria,FX2,2
Bulgaria,IH3,20
Bulgaria,IR1,5
Bulgaria,IR2,4
Bulgaria,IR5,15
Bulgaria,SB1,1
Burkina Faso,CR1,3
Burkina Faso,CR2,1
Burkina Faso,DV1,8
Burkina Faso,DV3,1
Burkina Faso,F22,1
Burkina Faso,F24,1
Burkina Faso,FX1,2
Burkina Faso,FX2,2
Burkina Faso,IR1,1
Burkina Faso,IR2,4
Burkina Faso,IR5,2
Burma,CR1,13
Burma,DV1,4
Burma,DV2,1
Burma,F11,4
Burma,F21,2
Burma,F22,2
Burma,F24,1
Burma,F31,5
Burma,F32,3
Burma,F33,3
Burma,F41,9
Burma,F42,3
Burma,F43,8
Burma,FX1,1
Burma,FX2,2
Burma,IR1,3
Burma,IR5,31
Burma,SE1,1
Burundi,CR1,1
Burundi,DV1,1
Burundi,FX1,1
Burundi,IH3,1
Burundi,IR1,2
Cabo Verde,CR1,1
Cabo Verde,CR2,2
Cabo Verde,F11,15
Cabo Verde,F12,27
Cabo Verde,F21,4
Cabo Verde,F22,1
Cabo Verde,F24,8
Cabo Verde,F25,19
Cabo Verde,F41,4
Cabo Verde,F42,1
Cabo Verde,F43,1
Cabo Verde,FX1,1
Cabo Verde,FX2,5
Cabo Verde,FX3,2
Cabo Verde,IR2,5
Cabo Verde,IR5,16
Cambodia,CR1,27
Cambodia,CR2,1
Cambodia,DV1,3
Cambodia,E31,1
Cambodia,F11,6
Cambodia,F21,2
Cambodia,F22,1
Cambodia,F23,1
Cambodia,F24,2
Cambodia,F31,3
Cambodia,F32,1
Cambodia,F33,3
Cambodia,F41,7
Cambodia,F42,3
Cambodia,F43,6
Cambodia,FX1,4
Cambodia,FX2,2
Cambodia,FX3,3
Cambodia,IR1,21
Cambodia,IR2,6
Cambodia,IR5,113
Cambodia,SD1,5
Cambodia,SE1,1
Cambodia,SE2,1
Cambodia,SE3,1
Cambodia,SR1,2
Cameroon,CR1,10
Cameroon,CR2,1
Cameroon,DV1,107
Cameroon,DV2,18
Cameroon,DV3,20
Cameroon,F11,1
Cameroon,F21,6
Cameroon,F22,10
Cameroon,F25,2
Cameroon,F41,2
Cameroon,FX1,8
Cameroon,FX2,7
Cameroon,FX3,7
Cameroon,IR1,3
Cameroon,IR2,15
Cameroon,IR3,1
Cameroon,IR5,50
Cameroon,SB1,3
Canada,CR1,30
Canada,CR2,2
Canada,E11,3
Canada,E13,3
Canada,E14,1
Canada,E15,2
Canada,E21,2
Canada,E22,2
Canada,E23,4
Canada,E32,1
Canada,E35,2
Canada,F11,2
Canada,F21,1
Canada,F23,1
Canada,F24,1
Canada,F25,1
Canada,F31,2
Canada,F32,1
Canada,F33,10
Canada,F41,2
Canada,F42,1
Canada,F43,4
Canada,FX1,3
Canada,FX2,2
Canada,FX3,1
Canada,I51,1
Canada,I52,1
Canada,IH4,1
Canada,IR1,30
Canada,IR2,9
Canada,IR5,1
Canada,SB1,1
Cayman Islands,FX1,1
Cayman Islands,IR5,1
Central African Republic,IR5,1
Chad,CR1,1
Chad,F41,1
Chad,IR2,1
Chile,CR1,6
Chile,F11,1
Chile,F21,1
Chile,F24,1
Chile,FX2,2
Chile,IR1,6
Chile,IR2,5
Chile,IR5,3
China - mainland born,C51,3
China - mainland born,C53,2
China - mainland born,CR1,181
China - mainland born,CR2,29
China - mainland born,E11,85
China - mainland born,E13,3
China - mainland born,E14,69
China - mainland born,E15,88
China - mainland born,E21,1
China - mainland born,E22,2
China - mainland born,E31,4
China - mainland born,E34,5
China - mainland born,E35,5
China - mainland born,EW3,1
China - mainland born,EW5,2
China - mainland born,F11,50
China - mainland born,F12,32
China - mainland born,F21,74
China - mainland born,F22,38
China - mainland born,F23,3
China - mainland born,F24,36
China - mainland born,F25,10
China - mainland born,F31,57
China - mainland born,F32,54
China - mainland born,F33,63
China - mainland born,F41,146
China - mainland born,F42,113
China - mainland born,F43,117
China - mainland born,FX1,110
China - mainland born,FX2,65
China - mainland born,FX3,6
China - mainland born,I51,209
China - mainland born,I52,162
China - mainland born,I53,227
China - mainland born,IH3,174
China - mainland born,IR1,172
China - mainland born,IR2,66
China - mainland born,IR5,620
China - mainland born,IW1,2
China - mainland born,SB1,1
China - mainland born,SE1,1
China - mainland born,T51,6
China - mainland born,T52,5
China - mainland born,T53,5
China - Taiwan born,CR1,7
China - Taiwan born,DV1,3
China - Taiwan born,DV2,3
China - Taiwan born,DV3,4
China - Taiwan born,E21,4
China - Taiwan born,E22,3
China - Taiwan born,E23,1
China - Taiwan born,E34,1
China - Taiwan born,E35,2
China - Taiwan born,EW3,1
China - Taiwan born,EW4,1
China - Taiwan born,EW5,2
China - Taiwan born,F11,5
China - Taiwan born,F21,1
China - Taiwan born,F31,2
China - Taiwan born,F32,3
China - Taiwan born,F33,7
China - Taiwan born,F41,21
China - Taiwan born,F42,10
China - Taiwan born,F43,18
China - Taiwan born,FX1,1
China - Taiwan born,FX2,2
China - Taiwan born,I51,6
China - Taiwan born,I52,3
China - Taiwan born,I53,11
China - Taiwan born,IR1,14
China - Taiwan born,IR2,3
China - Taiwan born,IR3,3
China - Taiwan born,IR5,19
China - Taiwan born,SB1,1
China - Taiwan born,T51,1
China - Taiwan born,T52,1
China - Taiwan born,T53,2
Colombia,CR1,63
Colombia,CR2,27
Colombia,E15,1
Colombia,E21,1
Colombia,F11,52
Colombia,F12,39
Colombia,F21,10
Colombia,F22,9
Colombia,F23,7
Colombia,F24,8
Colombia,F25,7
Colombia,F31,9
Colombia,F32,10
Colombia,F33,13
Colombia,F41,31
Colombia,F42,22
Colombia,F43,38
Colombia,FX1,21
Colombia,FX2,11
Colombia,FX3,18
Colombia,I51,2
Colombia,I53,1
Colombia,IB3,1
Colombia,IH3,28
Colombia,IR1,73
Colombia,IR2,63
Colombia,IR5,104
Colombia,SB1,2
"Congo, Democratic Republic of the",CR1,4
"Congo, Democratic Republic of the",DV1,66
"Congo, Democratic Republic of the",DV2,25
"Congo, Democratic Republic of the",DV3,46
"Congo, Democratic Republic of the",F11,1
"Congo, Democratic Republic of the",F21,5
"Congo, Democratic Republic of the",F22,6
"Congo, Democratic Republic of the",F41,2
"Congo, Democratic Republic of the",F42,1
"Congo, Democratic Republic of the",F43,6
"Congo, Democratic Republic of the",FX1,6
"Congo, Democratic Republic of the",FX2,8
"Congo, Democratic Republic of the",IR1,5
"Congo, Democratic Republic of the",IR2,8
"Congo, Democratic Republic of the",IR5,8
"Congo, Democratic Republic of the",SB1,1
"Congo, Democratic Republic of the",SE1,1
"Congo, Democratic Republic of the",SE2,1
"Congo, Democratic Republic of the",SE3,5
"Congo, Republic of the",CR1,1
"Congo, Republic of the",DV1,1
"Congo, Republic of the",IR1,2
"Congo, Republic of the",IR2,2
"Congo, Republic of the",IR5,2
Costa Rica,CR1,7
Costa Rica,CR2,4
Costa Rica,F11,3
Costa Rica,F12,2
Costa Rica,F21,1
Costa Rica,F22,1
Costa Rica,F24,1
Costa Rica,FX2,1
Costa Rica,IH3,4
Costa Rica,IR1,21
Costa Rica,IR2,7
Costa Rica,IR5,7
Costa Rica,IW1,1
Cote d'Ivoire,CR1,4
Cote d'Ivoire,DV1,8
Cote d'Ivoire,DV2,1
Cote d'Ivoire,DV3,1
Cote d'Ivoire,F11,4
Cote d'Ivoire,F21,1
Cote d'Ivoire,F22,1
Cote d'Ivoire,F23,4
Cote d'Ivoire,F31,1
Cote d'Ivoire,FX2,1
Cote d'Ivoire,I51,1
Cote d'Ivoire,I52,1
Cote d'Ivoire,I53,3
Cote d'Ivoire,IR1,2
Cote d'Ivoire,IR2,10
Cote d'Ivoire,IR5,8
Croatia,CR1,1
Croatia,DV1,1
Croatia,IR5,1
Cuba,CR1,4
Cuba,CR2,1
Cuba,F11,3
Cuba,F12,2
Cuba,F21,2
Cuba,F23,1
Cuba,FX1,67
Cuba,FX2,44
Cuba,FX3,58
Cuba,IR1,1
Cuba,IR2,2
Cuba,IR5,10
Cuba,IW1,1
Curacao,I52,1
Curacao,IR1,1
Cyprus,CR1,1
Cyprus,FX2,1
Czech Republic,CR1,3
Czech Republic,DV1,1
Czech Republic,E11,1
Czech Republic,E14,1
Czech Republic,E15,3
Czech Republic,FX1,2
Czech Republic,IR1,2
Czech Republic,IR5,2
Denmark,CR1,1
Denmark,F12,2
Denmark,F24,1
Denmark,IR1,1
Denmark,IR2,1
Dominica,CR1,1
Dominica,CR2,1
Dominica,F11,4
Dominica,F12,6
Dominica,F21,1
Dominica,F22,1
Dominica,F24,1
Dominica,F31,1
Dominica,F32,1
Dominica,F33,2
Dominica,F41,1
Dominica,F42,1
Dominica,IR1,4
Dominica,IR2,3
Dominica,IR5,12
Dominican Republic,CR1,295
Dominican Republic,CR2,121
Dominican Republic,F11,152
Dominican Republic,F12,159
Dominican Republic,F21,193
Dominican Republic,F22,67
Dominican Republic,F23,123
Dominican Republic,F24,222
Dominican Republic,F25,298
Dominican Republic,F31,8
Dominican Republic,F32,9
Dominican Republic,F33,15
Dominican Republic,F41,49
Dominican Republic,F42,18
Dominican Republic,F43,60
Dominican Republic,FX1,229
Dominican Republic,FX2,124
Dominican Republic,FX3,171
Dominican Republic,IH3,1
Dominican Republic,IR1,237
Dominican Republic,IR2,310
Dominican Republic,IR5,384
Dominican Republic,IW1,1
Dominican Republic,SB1,9
Dominican Republic,SU3,1
Ecuador,CR1,26
Ecuador,CR2,15
Ecuador,DV1,4
Ecuador,DV2,2
Ecuador,DV3,5
Ecuador,EW3,1
Ecuador,F11,35
Ecuador,F12,19
Ecuador,F21,14
Ecuador,F22,11
Ecuador,F23,5
Ecuador,F24,18
Ecuador,F25,23
Ecuador,F31,12
Ecuador,F32,10
Ecuador,F33,13
Ecuador,F41,26
Ecuador,F42,12
Ecuador,F43,23
Ecuador,FX1,26
Ecuador,FX2,19
Ecuador,FX3,15
Ecuador,IH3,2
Ecuador,IR1,127
Ecuador,IR2,27
Ecuador,IR5,64
Ecuador,SB1,4
Ecuador,SR1,1
Egypt,CR1,39
Egypt,CR2,4
Egypt,DV1,99
Egypt,DV2,61
Egypt,DV3,99
Egypt,E21,2
Egypt,E22,2
Egypt,E23,8
Egypt,F11,5
Egypt,F12,2
Egypt,F21,4
Egypt,F24,1
Egypt,F31,1
Egypt,F33,1
Egypt,F41,7
Egypt,F42,5
Egypt,F43,6
Egypt,FX1,7
Egypt,FX2,9
Egypt,I51,1
Egypt,I52,1
Egypt,I53,4
Egypt,IR1,46
Egypt,IR2,30
Egypt,IR5,78
Egypt,SB1,2
El Salvador,CR1,67
El Salvador,CR2,22
El Salvador,EW3,3
El Salvador,EW4,1
El Salvador,EW5,3
El Salvador,F11,51
El Salvador,F12,43
El Salvador,F21,29
El Salvador,F22,18
El Salvador,F23,14
El Salvador,F24,45
El Salvador,F25,30
El Salvador,F31,12
El Salvador,F32,10
El Salvador,F33,11
El Salvador,F41,26
El Salvador,F42,12
El Salvador,F43,29
El Salvador,FX1,104
El Salvador,FX2,42
El Salvador,FX3,76
El Salvador,IH3,2
El Salvador,IR1,262
El Salvador,IR2,124
El Salvador,IR5,105
Eritrea,CR1,9
Eritrea,F11,5
Eritrea,F21,4
Eritrea,F22,2
Eritrea,F24,1
Eritrea,FX1,11
Eritrea,FX2,13
Eritrea,FX3,1
Eritrea,IR1,10
Eritrea,IR2,8
Eritrea,IR5,13
Eritrea,SE1,3
Estonia,CR1,1
Estonia,DV1,1
Estonia,DV2,1
Estonia,DV3,3
Ethiopia,CR1,62
Ethiopia,CR2,3
Ethiopia,DV1,138
Ethiopia,DV2,21
Ethiopia,DV3,21
Ethiopia,F11,15
Ethiopia,F12,6
Ethiopia,F21,11
Ethiopia,F22,21
Ethiopia,F24,5
Ethiopia,F25,4
Ethiopia,F31,1
Ethiopia,F32,1
Ethiopia,F41,2
Ethiopia,F42,1
Ethiopia,F43,2
Ethiopia,FX1,25
Ethiopia,FX2,71
Ethiopia,IR1,55
Ethiopia,IR2,66
Ethiopia,IR3,19
Ethiopia,IR5,110
Ethiopia,SE1,3
Ethiopia,SE2,3
Ethiopia,SE3,7
Fiji,CR1,2
Fiji,CR2,1
Fiji,DV1,3
Fiji,DV2,2
Fiji,DV3,1
Fiji,F11,1
Fiji,F12,1
Fiji,F21,1
Fiji,F31,1
Fiji,F32,1
Fiji,F33,2
Fiji,F41,3
Fiji,F42,3
Fiji,F43,5
Fiji,FX1,1
Fiji,IR1,1
Fiji,IR5,4
Finland,CR1,2
Finland,E15,1
Finland,F11,1
Finland,SB1,1
France,CR1,11
France,CR2,2
France,DV1,8
France,DV2,5
France,DV3,6
France,E11,1
France,E14,1
France,E15,3
France,E21,1
France,F22,2
France,F43,3
France,FX3,3
France,I52,1
France,I53,2
France,IR1,17
France,IR2,5
France,IR5,4
Gabon,E21,1
Gabon,F22,1
Gabon,FX2,2
Gabon,IR2,1
"Gambia, The",CR1,4
"Gambia, The",F11,1
"Gambia, The",F21,1
"Gambia, The",F22,4
"Gambia, The",F23,1
"Gambia, The",F25,2
"Gambia, The",FX2,1
"Gambia, The",IR1,10
"Gambia, The",IR2,16
"Gambia, The",IR5,14
Georgia,CR1,2
Georgia,CR2,7
Georgia,DV1,15
Georgia,DV2,6
Georgia,DV3,9
Georgia,E21,1
Georgia,E22,1
Georgia,F11,4
Georgia,F12,5
Georgia,F21,2
Georgia,F22,2
Georgia,F23,2
Georgia,F24,1
Georgia,F31,1
Georgia,F32,1
Georgia,F33,2
Georgia,F41,1
Georgia,F42,1
Georgia,F43,3
Georgia,FX1,2
Georgia,IR1,6
Georgia,IR2,3
Georgia,IR5,14
Germany,CR1,34
Germany,CR2,5
Germany,DV1,7
Germany,DV2,3
Germany,DV3,6
Germany,E11,3
Germany,E13,1
Germany,E14,3
Germany,E15,2
Germany,E21,2
Germany,F11,3
Germany,F12,3
Germany,F21,1
Germany,F24,1
Germany,F33,4
Germany,F41,1
Germany,F43,1
Germany,FX1,3
Germany,FX2,1
Germany,I51,1
Germany,IB1,1
Germany,IR1,32
Germany,IR2,4
Germany,IR5,1
Germany,SB1,1
Ghana,CR1,75
Ghana,CR2,2
Ghana,DV1,36
Ghana,DV2,7
Ghana,DV3,5
Ghana,E31,2
Ghana,F11,26
Ghana,F12,9
Ghana,F21,13
Ghana,F22,13
Ghana,F23,7
Ghana,F24,3
Ghana,F41,7
Ghana,F42,1
Ghana,F43,3
Ghana,FX1,32
Ghana,FX2,37
Ghana,FX3,19
Ghana,IR1,108
Ghana,IR2,128
Ghana,IR3,7
Ghana,IR5,103
Ghana,SD1,1
Gibraltar,IR1,1
Great Britain and Northern Ireland,CR1,50
Great Britain and Northern Ireland,CR2,1
Great Britain and Northern Ireland,E11,3
Great Britain and Northern Ireland,E14,3
Great Britain and Northern Ireland,E15,4
Great Britain and Northern Ireland,E21,3
Great Britain and Northern Ireland,E22,6
Great Britain and Northern Ireland,E23,3
Great Britain and Northern Ireland,E31,4
Great Britain and Northern Ireland,E34,3
Great Britain and Northern Ireland,E35,9
Great Britain and Northern Ireland,F11,4
Great Britain and Northern Ireland,F12,5
Great Britain and Northern Ireland,F21,1
Great Britain and Northern Ireland,F32,1
Great Britain and Northern Ireland,F33,5
Great Britain and Northern Ireland,F41,1
Great Britain and Northern Ireland,F42,2
Great Britain and Northern Ireland,F43,6
Great Britain and Northern Ireland,FX1,2
Great Britain and Northern Ireland,FX2,5
Great Britain and Northern Ireland,FX3,2
Great Britain and Northern Ireland,I51,2
Great Britain and Northern Ireland,I52,3
Great Britain and Northern Ireland,I53,2
Great Britain and Northern Ireland,IR1,46
Great Britain and Northern Ireland,IR2,13
Great Britain and Northern Ireland,IR5,17
Great Britain and Northern Ireland,SB1,1
Greece,CR1,3
Greece,DV1,1
Greece,DV3,5
Greece,E11,1
Greece,E15,1
Greece,F11,2
Greece,F43,1
Greece,FX1,1
Greece,FX2,3
Greece,IH3,1
Greece,IR1,11
Greece,IR2,3
Greece,IR5,2
Grenada,CR1,1
Grenada,F11,1
Grenada,F12,1
Grenada,F24,1
Grenada,F25,1
Grenada,F41,1
Grenada,F42,1
Grenada,F43,4
Grenada,IR1,1
Grenada,IR2,3
Grenada,IR5,3
Guatemala,CR1,20
Guatemala,CR2,7
Guatemala,E31,1
Guatemala,EW3,1
Guatemala,EW5,2
Guatemala,F11,36
Guatemala,F12,23
Guatemala,F21,10
Guatemala,F22,11
Guatemala,F23,7
Guatemala,F24,20
Guatemala,F25,18
Guatemala,F31,5
Guatemala,F32,4
Guatemala,F33,8
Guatemala,F41,12
Guatemala,F42,6
Guatemala,F43,11
Guatemala,FX1,51
Guatemala,FX2,22
Guatemala,FX3,15
Guatemala,IR1,236
Guatemala,IR2,54
Guatemala,IR3,1
Guatemala,IR5,43
Guinea,CR1,6
Guinea,DV1,1
Guinea,DV2,1
Guinea,DV3,3
Guinea,F21,3
Guinea,F22,1
Guinea,FX1,1
Guinea,FX2,4
Guinea,IR1,5
Guinea,IR2,19
Guinea,IR5,28
Guinea-Bissau,IR1,1
Guyana,CR1,14
Guyana,CR2,2
Guyana,E31,1
Guyana,E34,1
Guyana,E35,3
Guyana,F11,63
Guyana,F12,82
Guyana,F21,22
Guyana,F22,5
Guyana,F23,6
Guyana,F24,3
Guyana,F25,1
Guyana,F31,15
Guyana,F32,15
Guyana,F33,35
Guyana,F41,13
Guyana,F42,4
Guyana,F43,6
Guyana,FX1,21
Guyana,FX2,11
Guyana,FX3,13
Guyana,IR1,13
Guyana,IR2,16
Guyana,IR3,2
Guyana,IR5,32
Haiti,CR1,47
Haiti,CR2,17
Haiti,F11,73
Haiti,F12,66
Haiti,F21,26
Haiti,F22,11
Haiti,F23,11
Haiti,F24,79
Haiti,F25,88
Haiti,F31,15
Haiti,F32,14
Haiti,F33,28
Haiti,F41,33
Haiti,F42,15
Haiti,F43,30
Haiti,FX1,83
Haiti,FX2,75
Haiti,FX3,79
Haiti,IH3,7
Haiti,IR1,103
Haiti,IR2,168
Haiti,IR3,11
Haiti,IR5,182
Haiti,SE1,4
Haiti,SE2,2
Haiti,SE3,5
Honduras,CR1,16
Honduras,CR2,12
Honduras,DV1,2
Honduras,DV2,1
Honduras,DV3,2
Honduras,EW3,1
Honduras,F11,28
Honduras,F12,25
Honduras,F21,2
Honduras,F22,6
Honduras,F23,1
Honduras,F24,10
Honduras,F25,10
Honduras,F31,7
Honduras,F32,6
Honduras,F33,10
Honduras,F41,14
Honduras,F42,7
Honduras,F43,12
Honduras,FX1,29
Honduras,FX2,31
Honduras,FX3,15
Honduras,IB3,2
Honduras,IR1,155
Honduras,IR2,65
Honduras,IR3,1
Honduras,IR5,18
Honduras,SU3,2
Hong Kong S.A.R.,C51,1
Hong Kong S.A.R.,C52,1
Hong Kong S.A.R.,C53,1
Hong Kong S.A.R.,CR1,3
Hong Kong S.A.R.,CR2,1
Hong Kong S.A.R.,E15,1
Hong Kong S.A.R.,E21,1
Hong Kong S.A.R.,F11,2
Hong Kong S.A.R.,F21,2
Hong Kong S.A.R.,F22,1
Hong Kong S.A.R.,F31,3
Hong Kong S.A.R.,F32,4
Hong Kong S.A.R.,F33,5
Hong Kong S.A.R.,F41,14
Hong Kong S.A.R.,F42,7
Hong Kong S.A.R.,F43,23
Hong Kong S.A.R.,FX1,5
Hong Kong S.A.R.,FX2,5
Hong Kong S.A.R.,FX3,1
Hong Kong S.A.R.,I51,10
Hong Kong S.A.R.,I52,8
Hong Kong S.A.R.,I53,12
Hong Kong S.A.R.,IH4,1
Hong Kong S.A.R.,IR1,7
Hong Kong S.A.R.,IR5,9
Hungary,CR1,3
Hungary,CR2,1
Hungary,DV2,1
Hungary,F11,1
Hungary,IH3,1
Hungary,IR1,1
Hungary,IR5,3
Hungary,SB1,1
Iceland,IR1,1
India,CR1,125
India,CR2,3
India,E11,10
India,E13,2
India,E14,17
India,E15,7
India,E21,1
India,E22,2
India,E23,1
India,E31,4
India,E34,5
India,E35,3
India,F11,20
India,F12,6
India,F21,23
India,F22,3
India,F23,3
India,F24,9
India,F31,63
India,F32,62
India,F33,102
India,F41,289
India,F42,249
India,F43,366
India,FX1,29
India,FX2,15
India,FX3,5
India,I51,6
India,I52,6
India,I53,8
India,IH3,27
India,IR1,64
India,IR2,32
India,IR5,435
India,IW1,2
India,IW2,3
India,SB1,7
India,SD1,2
India,SD2,2
India,SD3,5
India,SE1,1
Indonesia,CR1,11
Indonesia,DV1,1
Indonesia,E11,1
Indonesia,E14,1
Indonesia,E15,2
Indonesia,F11,2
Indonesia,F21,1
Indonesia,F41,2
Indonesia,F42,2
Indonesia,F43,5
Indonesia,FX1,3
Indonesia,FX2,1
Indonesia,IR1,8
Indonesia,IR2,8
Indonesia,IR3,1
Indonesia,IR5,9
Indonesia,SB1,1
Iran,CR1,9
Iran,DV1,63
Iran,DV2,14
Iran,DV3,29
Iran,E11,2
Iran,E12,1
Iran,E14,2
Iran,E15,3
Iran,E21,2
Iran,E22,1
Iran,E31,2
Iran,E34,1
Iran,EW3,1
Iran,EW5,1
Iran,F11,26
Iran,F21,4
Iran,F22,1
Iran,F23,1
Iran,F24,10
Iran,F31,11
Iran,F32,6
Iran,F33,5
Iran,F41,17
Iran,F42,9
Iran,F43,8
Iran,FX1,17
Iran,FX2,5
Iran,FX3,2
Iran,I51,3
Iran,I52,2
Iran,I53,6
Iran,IR1,15
Iran,IR2,5
Iran,IR5,80
Iran,SB1,2
Iran,T52,1
Iraq,CR1,19
Iraq,DV1,3
Iraq,DV2,3
Iraq,DV3,7
Iraq,E21,1
Iraq,F11,2
Iraq,F12,1
Iraq,F21,2
Iraq,F22,1
Iraq,F24,1
Iraq,F31,2
Iraq,F32,2
Iraq,F33,1
Iraq,F41,1
Iraq,F42,1
Iraq,F43,3
Iraq,FX1,7
Iraq,FX2,1
Iraq,FX3,2
Iraq,I51,1
Iraq,I52,1
Iraq,I53,2
Iraq,IR1,10
Iraq,IR2,4
Iraq,IR5,41
Iraq,SQ1,13
Iraq,SQ2,9
Iraq,SQ3,14
Ireland,CR1,2
Ireland,DV1,2
Ireland,E11,2
Ireland,E14,1
Ireland,E21,1
Ireland,F41,1
Ireland,FX2,1
Ireland,I51,1
Ireland,I52,1
Ireland,IR1,5
Ireland,IR5,2
Israel,CR1,9
Israel,CR2,1
Israel,E11,1
Israel,E14,1
Israel,E15,2
Israel,E21,1
Israel,E23,2
Israel,F11,1
Israel,F12,1
Israel,F33,2
Israel,F43,3
Israel,IR1,8
Israel,IR2,7
Israel,IR5,10
Israel,SB1,3
Italy,CR1,15
Italy,DV1,2
Italy,E11,3
Italy,E14,1
Italy,E21,1
Italy,E31,3
Italy,E34,3
Italy,E35,2
Italy,F11,3
Italy,F21,1
Italy,F25,1
Italy,F41,1
Italy,F42,1
Italy,F43,5
Italy,FX2,2
Italy,IR1,9
Italy,IR2,3
Italy,IR5,4
Jamaica,CR1,49
Jamaica,CR2,29
Jamaica,E31,25
Jamaica,E34,10
Jamaica,E35,20
Jamaica,F11,99
Jamaica,F12,104
Jamaica,F21,17
Jamaica,F22,35
Jamaica,F23,5
Jamaica,F24,16
Jamaica,F25,15
Jamaica,F31,14
Jamaica,F32,11
Jamaica,F33,17
Jamaica,F41,18
Jamaica,F42,6
Jamaica,F43,21
Jamaica,FX1,18
Jamaica,FX2,45
Jamaica,FX3,13
Jamaica,IB3,3
Jamaica,IR1,49
Jamaica,IR2,141
Jamaica,IR3,1
Jamaica,IR4,2
Jamaica,IR5,85
Jamaica,SB1,2
Jamaica,SE1,2
Jamaica,SE2,1
Jamaica,SE3,1
Jamaica,SR3,1
Japan,CR1,28
Japan,CR2,3
Japan,DV1,4
Japan,DV2,1
Japan,E14,1
Japan,E31,3
Japan,E32,1
Japan,E34,1
Japan,F11,1
Japan,F21,1
Japan,F43,1
Japan,I51,2
Japan,I52,2
Japan,I53,4
Japan,IR1,34
Japan,IR2,2
Japan,IR4,1
Japan,IR5,8
Japan,SB1,1
Japan,SE1,1
Jordan,CR1,49
Jordan,DV1,2
Jordan,DV2,1
Jordan,DV3,3
Jordan,E22,1
Jordan,E23,3
Jordan,F11,2
Jordan,F21,1
Jordan,F22,4
Jordan,F24,2
Jordan,F31,7
Jordan,F32,5
Jordan,F33,23
Jordan,F41,6
Jordan,F42,3
Jordan,F43,22
Jordan,FX1,10
Jordan,FX2,7
Jordan,FX3,5
Jordan,IR1,33
Jordan,IR2,44
Jordan,IR5,28
Jordan,SB1,2
Kazakhstan,CR1,1
Kazakhstan,DV1,19
Kazakhstan,DV2,14
Kazakhstan,DV3,20
Kazakhstan,F12,1
Kazakhstan,IR2,1
Kazakhstan,IR5,8
Kazakhstan,SB1,1
Kenya,CR1,16
Kenya,CR2,6
Kenya,DV1,43
Kenya,DV2,10
Kenya,DV3,22
Kenya,E14,1
Kenya,E21,1
Kenya,E31,10
Kenya,E34,5
Kenya,E35,19
Kenya,F11,4
Kenya,F22,3
Kenya,F24,2
Kenya,F41,3
Kenya,F42,2
Kenya,FX1,3
Kenya,FX2,13
Kenya,FX3,1
Kenya,IB3,1
Kenya,IR1,10
Kenya,IR2,44
Kenya,IR5,44
Kenya,SB1,3
Kenya,SD1,1
Kenya,SE1,1
Kenya,SE2,1
"Korea, South",CR1,19
"Korea, South",E11,13
"Korea, South",E14,9
"Korea, South",E15,10
"Korea, South",E21,21
"Korea, South",E22,16
"Korea, South",E23,31
"Korea, South",E31,12
"Korea, South",E34,9
"Korea, South",E35,7
"Korea, South",EW4,1
"Korea, South",F11,19
"Korea, South",F12,2
"Korea, South",F21,4
"Korea, South",F22,1
"Korea, South",F24,5
"Korea, South",F25,2
"Korea, South",F31,7
"Korea, South",F32,2
"Korea, South",F33,3
"Korea, South",F41,9
"Korea, South",F42,6
"Korea, South",F43,6
"Korea, South",FX1,5
"Korea, South",FX2,2
"Korea, South",FX3,1
"Korea, South",I51,12
"Korea, South",I52,5
"Korea, South",I53,12
"Korea, South",IR1,25
"Korea, South",IR2,5
"Korea, South",IR3,19
"Korea, South",IR5,17
"Korea, South",SB1,3
"Korea, South",SE1,3
"Korea, South",SE2,1
"Korea, South",SE3,6
"Korea, South",T51,1
Kosovo,CR1,8
Kosovo,DV1,11
Kosovo,DV2,5
Kosovo,DV3,4
Kosovo,F21,3
Kosovo,F22,1
Kosovo,F41,1
Kosovo,F42,1
Kosovo,F43,2
Kosovo,FX1,5
Kosovo,FX3,2
Kosovo,IR2,1
Kuwait,CR1,4
Kuwait,DV1,2
Kuwait,DV2,2
Kuwait,DV3,3
Kuwait,F21,1
Kuwait,F24,2
Kuwait,F31,4
Kuwait,F41,1
Kuwait,F42,1
Kuwait,F43,4
Kuwait,IR1,6
Kuwait,IR5,6
Kyrgyzstan,DV1,7
Kyrgyzstan,DV2,2
Kyrgyzstan,DV3,3
Kyrgyzstan,F32,1
Kyrgyzstan,IR5,1
Laos,BC1,1
Laos,BC2,1
Laos,BC3,3
Laos,CR1,3
Laos,CR2,1
Laos,F11,3
Laos,F22,1
Laos,F24,1
Laos,F31,1
Laos,F32,1
Laos,F33,2
Laos,FX2,2
Laos,IR1,3
Laos,IR2,2
Laos,IR5,14
Latvia,CR1,2
Latvia,DV1,2
Latvia,DV2,1
Latvia,DV3,2
Latvia,IH3,12
Latvia,IR2,1
Latvia,IR5,1
Latvia,SR1,1
Lebanon,CR1,12
Lebanon,DV1,1
Lebanon,DV3,2
Lebanon,E31,1
Lebanon,E34,1
Lebanon,E35,2
Lebanon,F11,3
Lebanon,F21,3
Lebanon,F22,1
Lebanon,F23,2
Lebanon,F31,3
Lebanon,F32,2
Lebanon,F33,2
Lebanon,F41,7
Lebanon,F42,3
Lebanon,F43,17
Lebanon,FX1,1
Lebanon,FX2,3
Lebanon,FX3,4
Lebanon,IR1,6
Lebanon,IR2,8
Lebanon,IR3,1
Lebanon,IR5,31
Lesotho,DV1,1
Lesotho,DV2,1
Lesotho,DV3,2
Liberia,CR1,9
Liberia,CR2,3
Liberia,DV1,25
Liberia,DV2,7
Liberia,DV3,10
Liberia,F11,9
Liberia,F12,3
Liberia,F21,1
Liberia,F22,7
Liberia,F24,4
Liberia,F25,4
Liberia,F31,1
Liberia,FX1,6
Liberia,FX2,12
Liberia,IR1,4
Liberia,IR2,20
Liberia,IR3,1
Liberia,IR4,3
Liberia,IR5,24
Liberia,SB1,2
Libya,CR1,2
Libya,DV1,2
Libya,DV2,2
Libya,DV3,4
Libya,F12,1
Libya,F42,1
Libya,IR1,2
Libya,IR2,2
Libya,IR5,6
Lithuania,DV1,4
Lithuania,DV2,2
Lithuania,DV3,2
Lithuania,F11,3
Lithuania,F12,3
Lithuania,F24,1
Lithuania,F25,1
Lithuania,FX1,1
Lithuania,IH3,1
Lithuania,IR1,1
Lithuania,SB1,1
Macau,F41,1
Macau,IR1,1
Macedonia,CR1,7
Macedonia,DV1,10
Macedonia,DV2,7
Macedonia,DV3,2
Macedonia,F11,1
Macedonia,F21,1
Macedonia,F22,1
Macedonia,F31,2
Macedonia,F32,2
Macedonia,F33,3
Macedonia,F41,3
Macedonia,F42,2
Macedonia,F43,5
Macedonia,FX1,1
Macedonia,FX2,1
Macedonia,IR1,5
Macedonia,IR5,3
Madagascar,F11,1
Madagascar,F12,1
Madagascar,SE1,1
Madagascar,SE2,1
Madagascar,SE3,3
Malawi,DV1,1
Malawi,F22,1
Malaysia,CR1,2
Malaysia,E31,1
Malaysia,F11,1
Malaysia,F12,2
Malaysia,F41,2
Malaysia,F42,2
Malaysia,F43,2
Malaysia,FX1,1
Malaysia,FX2,1
Malaysia,I51,2
Malaysia,I52,2
Malaysia,I53,1
Malaysia,IR1,4
Malaysia,IR2,3
Malaysia,IR5,8
Mali,CR1,6
Mali,F11,1
Mali,FX2,1
Mali,IR1,4
Mali,IR2,4
Mali,IR5,2
Malta,IR1,1
Marshall Islands,IR3,2
Mauritania,CR1,1
Mauritania,DV1,1
Mauritania,F11,1
Mauritania,F24,1
Mauritania,FX2,1
Mauritania,IR1,1
Mauritania,IR2,4
Mauritania,IR5,1
Mexico,CR1,146
Mexico,CR2,15
Mexico,E15,2
Mexico,E21,1
Mexico,E22,1
Mexico,E23,2
Mexico,E34,1
Mexico,E35,3
Mexico,EW3,2
Mexico,EW5,1
Mexico,F11,66
Mexico,F12,25
Mexico,F24,42
Mexico,F25,46
Mexico,F31,12
Mexico,F32,12
Mexico,F33,17
Mexico,F41,127
Mexico,F42,76
Mexico,F43,106
Mexico,FX1,830
Mexico,FX2,974
Mexico,FX3,12
Mexico,I51,2
Mexico,IB3,2
Mexico,IH3,3
Mexico,IR1,"1,181"
Mexico,IR2,287
Mexico,IR5,399
Mexico,IW1,3
Mexico,SU3,1
Moldova,CR1,1
Moldova,DV1,13
Moldova,DV2,9
Moldova,DV3,7
Moldova,E11,1
Moldova,E15,2
Moldova,F11,4
Moldova,F12,1
Moldova,F22,2
Moldova,F31,1
Moldova,F41,1
Moldova,F42,1
Moldova,F43,1
Moldova,FX1,3
Moldova,FX2,1
Moldova,FX3,3
Moldova,IR2,1
Moldova,IR5,7
Mongolia,DV1,3
Mongolia,DV2,2
Mongolia,DV3,2
Mongolia,FX1,1
Mongolia,FX2,2
Mongolia,IR1,1
Mongolia,IR2,3
Mongolia,IR5,3
Montenegro,CR1,4
Montenegro,F24,1
Montenegro,F41,1
Montenegro,F42,1
Montenegro,F43,4
Montenegro,FX1,1
Montenegro,FX3,1
Montenegro,IR1,3
Montenegro,IR5,3
Morocco,CR1,23
Morocco,DV1,41
Morocco,DV2,3
Morocco,DV3,1
Morocco,E14,1
Morocco,F21,2
Morocco,F31,1
Morocco,F33,2
Morocco,F41,2
Morocco,F42,1
Morocco,F43,4
Morocco,FX1,4
Morocco,FX2,2
Morocco,I51,1
Morocco,IR1,20
Morocco,IR2,6
Morocco,IR4,2
Morocco,IR5,14
Mozambique,CR1,1
Namibia,IR1,1
Nepal,CR1,39
Nepal,DV1,147
Nepal,DV2,77
Nepal,DV3,44
Nepal,E31,1
Nepal,E34,1
Nepal,E35,2
Nepal,EW3,1
Nepal,F11,2
Nepal,F12,1
Nepal,F21,14
Nepal,F22,8
Nepal,F24,3
Nepal,F43,1
Nepal,FX1,16
Nepal,FX2,9
Nepal,IR1,9
Nepal,IR2,1
Nepal,IR5,50
Netherlands,CR1,8
Netherlands,DV1,1
Netherlands,E15,2
Netherlands,IR1,1
Netherlands,IR2,3
New Zealand,CR1,2
New Zealand,DV1,7
New Zealand,DV2,2
New Zealand,DV3,5
New Zealand,E11,2
New Zealand,FX1,1
New Zealand,IR1,5
Nicaragua,CR1,13
Nicaragua,CR2,2
Nicaragua,DV1,1
Nicaragua,DV2,1
Nicaragua,DV3,1
Nicaragua,F11,24
Nicaragua,F12,20
Nicaragua,F21,2
Nicaragua,F22,3
Nicaragua,F23,3
Nicaragua,F24,4
Nicaragua,F25,2
Nicaragua,F31,2
Nicaragua,F32,3
Nicaragua,F33,6
Nicaragua,F41,2
Nicaragua,F42,2
Nicaragua,F43,4
Nicaragua,FX1,13
Nicaragua,FX2,6
Nicaragua,FX3,5
Nicaragua,IR1,44
Nicaragua,IR2,43
Nicaragua,IR3,1
Nicaragua,IR5,13
Nicaragua,IW1,1
Nicaragua,IW2,1
Nicaragua,SE1,1
Nicaragua,SE2,1
Nicaragua,SE3,2
Niger,CR1,4
Niger,DV1,2
Niger,IR1,4
Niger,IR2,1
Niger,IR5,5
Nigeria,CR1,82
Nigeria,CR2,9
Nigeria,E21,5
Nigeria,E22,5
Nigeria,E23,9
Nigeria,E31,4
Nigeria,E34,3
Nigeria,E35,12
Nigeria,F11,38
Nigeria,F12,15
Nigeria,F21,13
Nigeria,F22,6
Nigeria,F23,4
Nigeria,F24,7
Nigeria,F25,2
Nigeria,F31,15
Nigeria,F32,16
Nigeria,F33,33
Nigeria,F41,16
Nigeria,F42,15
Nigeria,F43,26
Nigeria,FX1,11
Nigeria,FX2,19
Nigeria,FX3,4
Nigeria,I51,5
Nigeria,I52,3
Nigeria,I53,18
Nigeria,IR1,64
Nigeria,IR2,106
Nigeria,IR3,18
Nigeria,IR5,109
Nigeria,IW1,1
Nigeria,SB1,9
Nigeria,SE1,3
Nigeria,SE2,3
Nigeria,SE3,8
Nigeria,SR1,1
Norway,E11,1
Norway,FX1,1
Norway,IR1,3
Oman,DV1,2
Oman,F43,3
Pakistan,CR1,82
Pakistan,CR2,4
Pakistan,E11,1
Pakistan,E21,2
Pakistan,E22,4
Pakistan,E23,7
Pakistan,E35,2
Pakistan,F11,11
Pakistan,F12,3
Pakistan,F21,25
Pakistan,F22,7
Pakistan,F23,6
Pakistan,F24,12
Pakistan,F31,15
Pakistan,F32,14
Pakistan,F33,22
Pakistan,F41,60
Pakistan,F42,47
Pakistan,F43,114
Pakistan,FX1,29
Pakistan,FX2,19
Pakistan,FX3,12
Pakistan,I51,4
Pakistan,I52,4
Pakistan,I53,6
Pakistan,IR1,63
Pakistan,IR2,50
Pakistan,IR4,2
Pakistan,IR5,172
Pakistan,SB1,2
Pakistan,SE1,1
Pakistan,SE2,1
Pakistan,SE3,4
Pakistan,SI2,1
Pakistan,SQ2,1
Pakistan,SQ3,10
Panama,CR1,2
Panama,F11,4
Panama,F12,1
Panama,F21,2
Panama,F23,1
Panama,F31,1
Panama,F32,1
Panama,F33,2
Panama,F41,1
Panama,F42,1
Panama,FX1,1
Panama,FX2,1
Panama,IR1,3
Panama,IR2,2
Panama,IR5,2
Panama,SE1,1
Panama,SE3,1
Paraguay,CR1,1
Paraguay,CR2,1
Paraguay,FX2,3
Paraguay,IR1,1
Paraguay,IR2,5
Paraguay,IR5,3
Peru,CR1,21
Peru,CR2,4
Peru,EW3,1
Peru,F11,32
Peru,F12,27
Peru,F21,4
Peru,F22,4
Peru,F23,3
Peru,F24,10
Peru,F25,8
Peru,F31,4
Peru,F32,3
Peru,F33,5
Peru,F41,15
Peru,F42,9
Peru,F43,20
Peru,FX1,8
Peru,FX2,7
Peru,FX3,6
Peru,I51,1
Peru,I52,1
Peru,I53,1
Peru,IR1,55
Peru,IR2,31
Peru,IR5,59
Peru,SB1,2
Peru,SE2,1
Peru,SU3,1
Philippines,CR1,115
Philippines,CR2,25
Philippines,E21,14
Philippines,E22,7
Philippines,E23,4
Philippines,E31,52
Philippines,E32,37
Philippines,E34,56
Philippines,E35,67
Philippines,EW3,4
Philippines,EW5,2
Philippines,F11,102
Philippines,F12,89
Philippines,F21,42
Philippines,F22,38
Philippines,F23,33
Philippines,F24,195
Philippines,F25,225
Philippines,F31,26
Philippines,F32,23
Philippines,F33,42
Philippines,F41,114
Philippines,F42,45
Philippines,F43,51
Philippines,FX1,86
Philippines,FX2,63
Philippines,FX3,66
Philippines,I51,1
Philippines,I52,1
Philippines,I53,1
Philippines,IB3,1
Philippines,IH4,7
Philippines,IR1,118
Philippines,IR2,201
Philippines,IR5,280
Philippines,IW1,3
Philippines,SB1,10
Poland,CR1,4
Poland,CR2,3
Poland,DV1,6
Poland,DV2,3
Poland,DV3,3
Poland,E21,1
Poland,E22,1
Poland,E32,1
Poland,E35,1
Poland,EW3,2
Poland,EW4,1
Poland,F11,8
Poland,F21,1
Poland,F24,1
Poland,F31,8
Poland,F32,6
Poland,F33,9
Poland,F41,14
Poland,F42,9
Poland,F43,10
Poland,FX1,6
Poland,FX2,1
Poland,FX3,2
Poland,IH3,8
Poland,IR1,9
Poland,IR2,2
Poland,IR5,9
Poland,SB1,1
Portugal,CR2,1
Portugal,E14,1
Portugal,E15,2
Portugal,E31,1
Portugal,E34,1
Portugal,F11,1
Portugal,F22,1
Portugal,F25,1
Portugal,FX1,1
Portugal,IR1,1
Qatar,E32,1
Qatar,E35,1
Qatar,F21,1
Qatar,F24,1
Qatar,FX2,1
Qatar,IR1,1
Romania,CR1,5
Romania,CR2,2
Romania,DV1,4
Romania,DV2,2
Romania,DV3,3
Romania,E31,1
Romania,E32,1
Romania,E34,2
Romania,EW3,1
Romania,EW4,1
Romania,F11,1
Romania,F21,1
Romania,F31,1
Romania,F32,1
Romania,F41,1
Romania,F42,1
Romania,F43,1
Romania,FX1,1
Romania,IR1,7
Romania,IR2,1
Romania,IR5,12
Romania,SB1,1
Romania,SD1,1
Romania,SD2,1
Romania,SD3,2
Russia,BC1,1
Russia,CR1,7
Russia,CR2,3
Russia,DV1,50
Russia,DV2,25
Russia,DV3,29
Russia,E11,1
Russia,E14,1
Russia,E21,4
Russia,E22,5
Russia,E23,3
Russia,E34,1
Russia,F11,9
Russia,F12,6
Russia,F21,5
Russia,F22,1
Russia,F24,1
Russia,F25,1
Russia,F31,2
Russia,F32,2
Russia,F33,2
Russia,F41,2
Russia,F43,1
Russia,FX1,1
Russia,FX2,6
Russia,I51,1
Russia,I52,1
Russia,I53,1
Russia,IR1,7
Russia,IR2,5
Russia,IR5,68
Rwanda,DV1,9
Rwanda,DV2,1
Rwanda,DV3,1
Rwanda,F11,1
Rwanda,F41,1
Rwanda,F42,1
Rwanda,F43,2
Rwanda,FX1,2
Rwanda,FX2,1
Rwanda,IR2,2
Saint Kitts and Nevis,CR2,1
Saint Kitts and Nevis,F11,5
Saint Kitts and Nevis,F12,1
Saint Kitts and Nevis,F31,1
Saint Kitts and Nevis,F33,1
Saint Kitts and Nevis,F41,1
Saint Kitts and Nevis,F42,1
Saint Kitts and Nevis,F43,3
Saint Kitts and Nevis,IR2,1
Saint Lucia,E31,1
Saint Lucia,F11,9
Saint Lucia,F12,7
Saint Lucia,F21,1
Saint Lucia,F41,3
Saint Lucia,F42,1
Saint Lucia,F43,1
Saint Lucia,FX1,3
Saint Lucia,FX2,2
Saint Lucia,IR1,2
Saint Lucia,IR2,2
Saint Lucia,IR5,5
Saint Vincent and the Grenadines,CR1,3
Saint Vincent and the Grenadines,CR2,1
Saint Vincent and the Grenadines,E31,1
Saint Vincent and the Grenadines,F11,3
Saint Vincent and the Grenadines,F24,1
Saint Vincent and the Grenadines,F31,2
Saint Vincent and the Grenadines,F32,2
Saint Vincent and the Grenadines,F41,1
Saint Vincent and the Grenadines,IR1,1
Saint Vincent and the Grenadines,IR2,2
Saint Vincent and the Grenadines,IR5,1
Sao Tome and Principe,IR5,1
Saudi Arabia,CR1,10
Saudi Arabia,DV1,3
Saudi Arabia,DV2,1
Saudi Arabia,DV3,3
Saudi Arabia,E21,1
Saudi Arabia,E32,1
Saudi Arabia,E34,1
Saudi Arabia,F22,3
Saudi Arabia,F24,2
Saudi Arabia,F31,1
Saudi Arabia,F32,1
Saudi Arabia,F33,4
Saudi Arabia,F41,1
Saudi Arabia,F43,6
Saudi Arabia,FX1,4
Saudi Arabia,FX2,3
Saudi Arabia,IR1,11
Saudi Arabia,IR2,3
Saudi Arabia,IR5,3
Senegal,CR1,6
Senegal,DV1,4
Senegal,F11,1
Senegal,F12,2
Senegal,F21,1
Senegal,F22,6
Senegal,F25,2
Senegal,F41,4
Senegal,F42,1
Senegal,F43,8
Senegal,FX1,3
Senegal,FX2,7
Senegal,IR1,15
Senegal,IR2,27
Senegal,IR5,8
Senegal,SE1,1
Senegal,SE2,1
Serbia,CR1,4
Serbia,CR2,2
Serbia,DV1,8
Serbia,DV2,3
Serbia,DV3,2
Serbia,F31,1
Serbia,F32,1
Serbia,F33,2
Serbia,F41,1
Serbia,IR1,1
Serbia,IR2,2
Sierra Leone,CR1,11
Sierra Leone,CR2,1
Sierra Leone,DV1,2
Sierra Leone,F11,7
Sierra Leone,F12,3
Sierra Leone,F21,1
Sierra Leone,F22,1
Sierra Leone,F23,1
Sierra Leone,F24,1
Sierra Leone,F31,1
Sierra Leone,F33,2
Sierra Leone,F41,3
Sierra Leone,FX1,1
Sierra Leone,FX2,4
Sierra Leone,IR1,5
Sierra Leone,IR2,20
Sierra Leone,IR3,8
Sierra Leone,IR5,24
Singapore,CR1,2
Singapore,E15,2
Singapore,E31,1
Singapore,E34,1
Singapore,E35,6
Singapore,I52,1
Singapore,IR1,1
Singapore,IR5,1
Singapore,SB1,1
Slovakia,FX1,1
Slovakia,FX2,1
Slovakia,IR1,4
Slovakia,IR5,1
Slovenia,CR1,1
Somalia,CR1,15
Somalia,DV1,1
Somalia,F21,4
Somalia,F22,6
Somalia,F23,4
Somalia,FX1,6
Somalia,FX2,3
Somalia,IR1,22
Somalia,IR2,44
Somalia,IR5,13
Somalia,SB1,1
South Africa,CR1,4
South Africa,CR2,3
South Africa,DV1,3
South Africa,DV2,4
South Africa,DV3,7
South Africa,E21,1
South Africa,E22,1
South Africa,E23,1
South Africa,E31,1
South Africa,F11,1
South Africa,F32,1
South Africa,I51,3
South Africa,I52,2
South Africa,I53,4
South Africa,IH3,3
South Africa,IR1,4
South Africa,IR2,4
South Africa,IR5,13
South Sudan,F11,1
South Sudan,IR2,2
Spain,CR1,5
Spain,DV1,2
Spain,E11,1
Spain,E14,1
Spain,E15,1
Spain,E21,1
Spain,F11,2
Spain,F33,2
Spain,FX1,2
Spain,FX2,1
Spain,FX3,1
Spain,IR1,2
Spain,IR2,3
Spain,IR5,1
Sri Lanka,CR1,8
Sri Lanka,CR2,1
Sri Lanka,DV1,7
Sri Lanka,DV2,3
Sri Lanka,DV3,3
Sri Lanka,F21,1
Sri Lanka,IR1,4
Sri Lanka,IR5,8
Sudan,CR1,6
Sudan,DV1,72
Sudan,DV2,18
Sudan,DV3,37
Sudan,E21,1
Sudan,E22,1
Sudan,E23,3
Sudan,F11,2
Sudan,F24,1
Sudan,FX1,6
Sudan,FX2,5
Sudan,IR1,18
Sudan,IR2,10
Sudan,IR5,15
Suriname,CR1,1
Suriname,F11,3
Suriname,F12,2
Suriname,F21,1
Suriname,F24,1
Suriname,F31,1
Suriname,FX1,1
Suriname,IR1,1
Suriname,IR5,1
Sweden,CR1,2
Sweden,F21,1
Sweden,FX2,1
Sweden,IR1,7
Sweden,IR2,1
Switzerland,CR1,5
Switzerland,IR1,4
Syria,CR1,14
Syria,DV1,4
Syria,DV2,2
Syria,E21,1
Syria,F11,2
Syria,F21,1
Syria,F22,3
Syria,F24,2
Syria,F31,5
Syria,F32,4
Syria,F33,9
Syria,F41,5
Syria,F42,5
Syria,F43,7
Syria,FX1,5
Syria,FX2,1
Syria,FX3,2
Syria,I51,1
Syria,I52,1
Syria,I53,1
Syria,IR1,6
Syria,IR2,3
Syria,IR5,34
Tajikistan,DV1,22
Tajikistan,DV2,12
Tajikistan,DV3,22
Tajikistan,F21,1
Tajikistan,F22,1
Tajikistan,FX1,2
Tajikistan,FX2,2
Tajikistan,IR5,2
Tajikistan,SE1,1
Tanzania,CR1,3
Tanzania,DV1,1
Tanzania,DV2,1
Tanzania,DV3,1
Tanzania,I52,1
Tanzania,IR1,3
Tanzania,IR2,4
Tanzania,IR5,4
Thailand,CR1,22
Thailand,CR2,5
Thailand,E22,2
Thailand,E23,1
Thailand,EW3,1
Thailand,EW4,1
Thailand,F11,2
Thailand,F12,2
Thailand,F22,4
Thailand,F32,1
Thailand,F33,2
Thailand,F41,3
Thailand,FX1,1
Thailand,FX2,2
Thailand,FX3,2
Thailand,IH4,6
Thailand,IR1,28
Thailand,IR2,16
Thailand,IR5,11
Togo,CR1,5
Togo,DV1,44
Togo,DV2,4
Togo,DV3,3
Togo,F11,1
Togo,F12,1
Togo,F21,1
Togo,F24,1
Togo,FX1,1
Togo,FX2,1
Togo,IR1,7
Togo,IR2,14
Togo,IR5,14
Tonga,DV1,1
Tonga,FX2,1
Tonga,IR1,1
Tonga,IR2,1
Tonga,IR5,1
Trinidad and Tobago,CR1,7
Trinidad and Tobago,DV1,1
Trinidad and Tobago,DV2,1
Trinidad and Tobago,E21,1
Trinidad and Tobago,E22,1
Trinidad and Tobago,E31,1
Trinidad and Tobago,F11,19
Trinidad and Tobago,F12,13
Trinidad and Tobago,F21,1
Trinidad and Tobago,F22,1
Trinidad and Tobago,F24,3
Trinidad and Tobago,F25,2
Trinidad and Tobago,F31,4
Trinidad and Tobago,F32,4
Trinidad and Tobago,F33,6
Trinidad and Tobago,F41,7
Trinidad and Tobago,F42,2
Trinidad and Tobago,F43,5
Trinidad and Tobago,FX1,1
Trinidad and Tobago,FX2,3
Trinidad and Tobago,FX3,1
Trinidad and Tobago,IR1,5
Trinidad and Tobago,IR2,8
Trinidad and Tobago,IR5,32
Tunisia,CR1,4
Tunisia,DV1,3
Tunisia,DV2,1
Tunisia,IR1,3
Tunisia,IR5,1
Turkey,CR1,10
Turkey,DV1,47
Turkey,DV2,27
Turkey,DV3,26
Turkey,E22,1
Turkey,E31,1
Turkey,E34,1
Turkey,EW3,1
Turkey,F21,2
Turkey,F41,2
Turkey,F42,2
Turkey,F43,2
Turkey,FX1,1
Turkey,IR1,14
Turkey,IR2,6
Turkey,IR5,23
Turkey,SE1,1
Turkey,SE3,1
Turkmenistan,DV1,3
Turkmenistan,FX1,1
Turkmenistan,FX2,2
Turkmenistan,IB3,1
Turkmenistan,IR5,2
Uganda,CR1,9
Uganda,CR2,1
Uganda,DV1,11
Uganda,DV2,1
Uganda,DV3,1
Uganda,F11,3
Uganda,F12,2
Uganda,F22,2
Uganda,F24,1
Uganda,F31,1
Uganda,F32,1
Uganda,F33,2
Uganda,FX1,2
Uganda,FX2,5
Uganda,IR1,2
Uganda,IR2,7
Uganda,IR3,3
Uganda,IR5,5
Uganda,SE1,1
Uganda,SE3,2
Ukraine,CR1,17
Ukraine,CR2,3
Ukraine,DV1,81
Ukraine,DV2,50
Ukraine,DV3,57
Ukraine,E11,1
Ukraine,E14,1
Ukraine,E15,1
Ukraine,E22,1
Ukraine,E23,2
Ukraine,E31,1
Ukraine,E34,1
Ukraine,E35,1
Ukraine,F11,17
Ukraine,F12,6
Ukraine,F21,7
Ukraine,F22,10
Ukraine,F31,11
Ukraine,F32,8
Ukraine,F33,16
Ukraine,FX1,16
Ukraine,FX2,13
Ukraine,FX3,1
Ukraine,IR1,18
Ukraine,IR2,15
Ukraine,IR3,13
Ukraine,IR4,2
Ukraine,IR5,78
Ukraine,SB1,1
United Arab Emirates,CR1,2
United Arab Emirates,DV3,1
United Arab Emirates,E21,1
United Arab Emirates,E22,1
United Arab Emirates,E23,3
United Arab Emirates,E31,1
United Arab Emirates,E35,5
United Arab Emirates,F12,1
United Arab Emirates,F21,1
United Arab Emirates,F43,4
United Arab Emirates,FX1,1
United Arab Emirates,FX2,3
United Arab Emirates,I53,3
United Arab Emirates,IR1,2
United Arab Emirates,IR2,2
United Arab Emirates,SB1,1
United Arab Emirates,SQ3,1
Uruguay,F22,1
Uruguay,FX2,1
Uruguay,IR1,1
Uruguay,IR2,2
Uruguay,IR5,1
Uzbekistan,CR1,1
Uzbekistan,DV1,85
Uzbekistan,DV2,48
Uzbekistan,DV3,75
Uzbekistan,F11,3
Uzbekistan,F21,7
Uzbekistan,F22,1
Uzbekistan,FX1,12
Uzbekistan,FX2,14
Uzbekistan,IR1,1
Uzbekistan,IR2,5
Uzbekistan,IR5,13
Uzbekistan,SB1,1
Uzbekistan,SE1,1
Uzbekistan,SE2,1
Uzbekistan,SE3,2
Venezuela,CR1,8
Venezuela,CR2,1
Venezuela,DV1,18
Venezuela,DV2,14
Venezuela,DV3,14
Venezuela,E11,8
Venezuela,E14,6
Venezuela,E15,9
Venezuela,E21,3
Venezuela,E22,3
Venezuela,E23,4
Venezuela,E31,2
Venezuela,E32,1
Venezuela,E34,3
Venezuela,E35,5
Venezuela,EW3,1
Venezuela,F11,16
Venezuela,F12,4
Venezuela,F21,6
Venezuela,F22,8
Venezuela,F23,2
Venezuela,F24,3
Venezuela,F31,1
Venezuela,F32,1
Venezuela,F33,3
Venezuela,F41,6
Venezuela,F42,5
Venezuela,F43,8
Venezuela,FX1,4
Venezuela,FX2,2
Venezuela,FX3,4
Venezuela,I51,3
Venezuela,I52,3
Venezuela,I53,5
Venezuela,IB3,1
Venezuela,IR1,11
Venezuela,IR2,15
Venezuela,IR5,48
Venezuela,SB1,3
Venezuela,T51,1
Venezuela,T52,1
Venezuela,T53,2
Vietnam,CR1,125
Vietnam,CR2,29
Vietnam,E31,2
Vietnam,E34,2
Vietnam,E35,4
Vietnam,F11,51
Vietnam,F12,25
Vietnam,F21,36
Vietnam,F22,22
Vietnam,F23,21
Vietnam,F24,20
Vietnam,F25,6
Vietnam,F31,83
Vietnam,F32,79
Vietnam,F33,136
Vietnam,F41,124
Vietnam,F42,94
Vietnam,F43,195
Vietnam,FX1,56
Vietnam,FX2,26
Vietnam,FX3,40
Vietnam,I51,21
Vietnam,I52,17
Vietnam,I53,43
Vietnam,IH3,5
Vietnam,IR1,62
Vietnam,IR2,37
Vietnam,IR5,278
Vietnam,SB1,1
Vietnam,T51,1
Vietnam,T52,1
Vietnam,T53,2
Yemen,CR1,6
Yemen,DV1,1
Yemen,E11,1
Yemen,E14,1
Yemen,E15,2
Yemen,F11,4
Yemen,F22,1
Yemen,F24,1
Yemen,F31,2
Yemen,F32,1
Yemen,FX1,10
Yemen,FX2,15
Yemen,FX3,10
Yemen,IR1,74
Yemen,IR2,106
Yemen,IR5,26
Zambia,CR1,2
Zambia,FX1,1
Zambia,IR2,4
Zimbabwe,IR1,2
Zimbabwe,IR2,2
Zimbabwe,IR5,2
Grand Total,,"39,402"
