Afghanistan,CR1,21
Afghanistan,CR2,2
Afghanistan,F21,3
Afghanistan,F22,1
Afghanistan,F23,4
Afghanistan,F31,1
Afghanistan,F32,1
Afghanistan,F41,1
Afghanistan,FX1,10
Afghanistan,FX2,15
Afghanistan,IR1,8
Afghanistan,IR2,2
Afghanistan,IR5,39
Afghanistan,SI1,4
Afghanistan,SI2,3
Afghanistan,SI3,2
Afghanistan,SQ1,408
Afghanistan,SQ2,373
Afghanistan,SQ3,929
Albania,CR1,14
Albania,CX1,1
Albania,DV1,116
Albania,DV2,63
Albania,DV3,57
Albania,E32,1
Albania,F11,10
Albania,F12,2
Albania,F21,5
Albania,F24,3
Albania,F25,1
Albania,F31,5
Albania,F32,6
Albania,F33,8
Albania,F41,7
Albania,F42,5
Albania,F43,11
Albania,FX1,12
Albania,FX2,3
Albania,FX3,2
Albania,IH3,3
Albania,IR1,2
Albania,IR2,1
Albania,IR5,81
Albania,SB1,1
Albania,SE1,1
Algeria,CR1,10
Algeria,DV1,52
Algeria,DV2,14
Algeria,DV3,12
Algeria,F21,7
Algeria,F41,2
Algeria,F42,2
Algeria,F43,5
Algeria,FX1,5
Algeria,FX2,2
Algeria,I51,1
Algeria,IR1,10
Algeria,IR2,2
Algeria,IR5,20
Algeria,SE1,1
Algeria,SE2,2
Algeria,SE3,6
Angola,CR1,2
Angola,F11,1
Angola,F12,2
Angola,IR5,2
Anguilla,CR1,1
Antigua and Barbuda,F11,5
Antigua and Barbuda,F12,4
Antigua and Barbuda,F24,1
Antigua and Barbuda,F43,1
Antigua and Barbuda,FX1,1
Antigua and Barbuda,FX2,1
Antigua and Barbuda,FX3,1
Antigua and Barbuda,IR2,1
Antigua and Barbuda,IR5,2
Antigua and Barbuda,IW1,1
Argentina,CR1,5
Argentina,DV1,1
Argentina,DV2,1
Argentina,DV3,3
Argentina,E11,1
Argentina,E14,1
Argentina,E21,1
Argentina,E31,1
Argentina,E32,1
Argentina,E34,1
Argentina,E35,3
Argentina,F11,3
Argentina,F24,1
Argentina,F25,2
Argentina,F31,1
Argentina,F32,1
Argentina,F33,3
Argentina,F41,2
Argentina,F42,1
Argentina,FX2,4
Argentina,IR1,3
Argentina,IR2,3
Argentina,IR5,11
Armenia,CR1,10
Armenia,DV1,39
Armenia,DV2,29
Armenia,DV3,42
Armenia,E11,2
Armenia,E14,1
Armenia,E15,4
Armenia,F11,9
Armenia,F12,5
Armenia,F22,1
Armenia,F24,1
Armenia,F31,2
Armenia,F32,2
Armenia,F33,2
Armenia,F41,3
Armenia,F42,2
Armenia,F43,5
Armenia,FX1,6
Armenia,FX2,2
Armenia,IR1,4
Armenia,IR2,6
Armenia,IR5,55
Armenia,SB1,1
Aruba,I51,1
Australia,CR1,9
Australia,DV1,18
Australia,DV2,6
Australia,E11,3
Australia,E14,1
Australia,E15,3
Australia,F11,1
Australia,F12,4
Australia,F43,3
Australia,IR1,14
Australia,IR5,1
Australia,SB1,1
Austria,CR2,1
Austria,E31,1
Austria,IR1,2
Austria,IR2,1
Azerbaijan,DV1,10
Azerbaijan,DV2,4
Azerbaijan,DV3,4
Azerbaijan,E11,1
Azerbaijan,E14,1
Azerbaijan,E15,2
Azerbaijan,F11,2
Azerbaijan,F21,1
Azerbaijan,FX1,2
Azerbaijan,FX3,1
Azerbaijan,IR1,1
Azerbaijan,IR2,2
Azerbaijan,IR5,6
Azerbaijan,SB1,1
"Bahamas, The",CR1,1
"Bahamas, The",E31,1
"Bahamas, The",E34,1
"Bahamas, The",F11,1
"Bahamas, The",F12,1
"Bahamas, The",FX1,2
"Bahamas, The",IR1,1
"Bahamas, The",IR2,1
"Bahamas, The",IR5,2
Bahrain,FX2,2
Bahrain,IR1,1
Bahrain,IR2,1
Bahrain,IR5,1
Bangladesh,CR1,181
Bangladesh,E22,1
Bangladesh,E23,2
Bangladesh,EW3,1
Bangladesh,EW4,1
Bangladesh,EW5,1
Bangladesh,F11,7
Bangladesh,F12,3
Bangladesh,F21,10
Bangladesh,F22,9
Bangladesh,F23,4
Bangladesh,F24,14
Bangladesh,F31,10
Bangladesh,F32,9
Bangladesh,F33,12
Bangladesh,F41,180
Bangladesh,F42,160
Bangladesh,F43,265
Bangladesh,FX1,64
Bangladesh,FX2,44
Bangladesh,FX3,35
Bangladesh,IR1,123
Bangladesh,IR2,44
Bangladesh,IR4,2
Bangladesh,IR5,484
Bangladesh,SB1,1
Bangladesh,SE1,1
Bangladesh,SE2,1
Bangladesh,SE3,2
Barbados,E34,1
Barbados,E35,2
Barbados,F11,3
Barbados,FX1,2
Barbados,FX3,1
Barbados,IR2,1
Barbados,IR5,3
Belarus,CR1,2
Belarus,DV1,23
Belarus,DV2,11
Belarus,DV3,13
Belarus,E21,1
Belarus,F11,2
Belarus,F12,1
Belarus,F41,1
Belarus,FX1,2
Belarus,FX3,2
Belarus,IR1,4
Belarus,IR2,1
Belarus,IR5,16
Belarus,SB1,1
Belgium,CR1,1
Belgium,DV1,1
Belgium,E11,1
Belgium,E31,2
Belgium,FX1,1
Belgium,FX2,1
Belgium,IR1,2
Belgium,IR5,1
Belgium,T51,1
Belize,CR1,1
Belize,DV1,1
Belize,DV2,1
Belize,F11,2
Belize,F12,6
Belize,FX2,1
Belize,IH4,2
Belize,IR1,4
Belize,IR2,2
Belize,IR5,3
Benin,CR1,1
Benin,DV1,4
Benin,FX2,1
Benin,IR2,7
Bermuda,IR1,1
Bolivia,CR1,3
Bolivia,DV2,1
Bolivia,F11,4
Bolivia,F21,2
Bolivia,F22,2
Bolivia,F24,1
Bolivia,F25,1
Bolivia,F31,3
Bolivia,F32,2
Bolivia,F33,5
Bolivia,F41,3
Bolivia,F42,1
Bolivia,F43,3
Bolivia,FX1,3
Bolivia,FX2,3
Bolivia,FX3,3
Bolivia,IR1,10
Bolivia,IR2,9
Bolivia,IR5,10
Bolivia,SE1,1
Bosnia and Herzegovina,CR1,5
Bosnia and Herzegovina,DV1,2
Bosnia and Herzegovina,DV2,1
Bosnia and Herzegovina,F31,1
Bosnia and Herzegovina,F32,1
Bosnia and Herzegovina,F33,1
Bosnia and Herzegovina,F41,1
Bosnia and Herzegovina,FX1,1
Bosnia and Herzegovina,IR1,1
Bosnia and Herzegovina,IR2,1
Bosnia and Herzegovina,IR5,6
Botswana,CR1,1
Brazil,CR1,32
Brazil,CR2,3
Brazil,E11,2
Brazil,E14,4
Brazil,E15,2
Brazil,E31,3
Brazil,E32,1
Brazil,E34,3
Brazil,E35,4
Brazil,F11,12
Brazil,F12,2
Brazil,F21,2
Brazil,F24,1
Brazil,F31,8
Brazil,F32,6
Brazil,F33,7
Brazil,F41,6
Brazil,F42,7
Brazil,F43,8
Brazil,FX1,7
Brazil,FX2,9
Brazil,FX3,3
Brazil,I51,1
Brazil,I52,1
Brazil,IR1,102
Brazil,IR2,31
Brazil,IR5,67
Brazil,SB1,5
British Virgin Islands,E31,1
British Virgin Islands,F25,2
Bulgaria,CR1,5
Bulgaria,DV1,6
Bulgaria,DV2,4
Bulgaria,DV3,5
Bulgaria,E21,1
Bulgaria,EW3,1
Bulgaria,EW4,1
Bulgaria,EW5,1
Bulgaria,F11,3
Bulgaria,F31,1
Bulgaria,F32,1
Bulgaria,F33,1
Bulgaria,F41,4
Bulgaria,F42,2
Bulgaria,F43,2
Bulgaria,FX1,1
Bulgaria,IH3,16
Bulgaria,IR1,6
Bulgaria,IR2,3
Bulgaria,IR5,12
Burkina Faso,DV1,1
Burkina Faso,DV2,1
Burkina Faso,DV3,1
Burkina Faso,F41,2
Burkina Faso,F42,1
Burkina Faso,FX1,1
Burkina Faso,FX2,2
Burkina Faso,IR1,1
Burkina Faso,IR2,1
Burkina Faso,IR5,1
Burkina Faso,SB1,1
Burma,CR1,10
Burma,DV1,2
Burma,DV2,1
Burma,DV3,3
Burma,F11,5
Burma,F21,5
Burma,F22,3
Burma,F24,2
Burma,F31,2
Burma,F32,3
Burma,F33,4
Burma,F41,7
Burma,F42,5
Burma,F43,11
Burma,FX1,3
Burma,FX2,2
Burma,FX3,1
Burma,IR1,4
Burma,IR2,2
Burma,IR5,23
Burundi,CR1,4
Burundi,DV1,2
Burundi,DV2,1
Burundi,DV3,3
Burundi,FX1,2
Burundi,FX2,4
Burundi,IH3,1
Burundi,IR1,1
Cabo Verde,CR1,1
Cabo Verde,CR2,5
Cabo Verde,F11,19
Cabo Verde,F12,23
Cabo Verde,F21,2
Cabo Verde,F22,5
Cabo Verde,F23,1
Cabo Verde,F24,12
Cabo Verde,F25,29
Cabo Verde,F31,2
Cabo Verde,F32,2
Cabo Verde,F33,1
Cabo Verde,F41,2
Cabo Verde,F42,1
Cabo Verde,F43,2
Cabo Verde,FX1,8
Cabo Verde,FX2,16
Cabo Verde,FX3,12
Cabo Verde,IR1,2
Cabo Verde,IR2,13
Cabo Verde,IR5,15
Cambodia,CR1,29
Cambodia,DV1,2
Cambodia,DV2,1
Cambodia,DV3,2
Cambodia,F11,23
Cambodia,F12,18
Cambodia,F21,1
Cambodia,F22,1
Cambodia,F23,2
Cambodia,F24,9
Cambodia,F25,4
Cambodia,F41,7
Cambodia,F42,5
Cambodia,F43,10
Cambodia,FX1,10
Cambodia,FX2,3
Cambodia,FX3,6
Cambodia,IR1,13
Cambodia,IR2,4
Cambodia,IR5,71
Cambodia,SD1,1
Cambodia,SE1,1
Cambodia,SE2,1
Cambodia,SE3,4
Cambodia,SR1,1
Cameroon,CR1,13
Cameroon,DV1,38
Cameroon,DV2,8
Cameroon,DV3,11
Cameroon,F11,4
Cameroon,F22,3
Cameroon,F24,2
Cameroon,F25,2
Cameroon,F31,1
Cameroon,F33,4
Cameroon,F41,1
Cameroon,FX1,9
Cameroon,FX2,12
Cameroon,FX3,3
Cameroon,IB3,2
Cameroon,IR1,10
Cameroon,IR2,27
Cameroon,IR5,58
Canada,CR1,35
Canada,CR2,1
Canada,E11,5
Canada,E13,3
Canada,E14,2
Canada,E15,6
Canada,E21,1
Canada,E22,2
Canada,E23,2
Canada,E31,3
Canada,E32,1
Canada,E34,2
Canada,E35,2
Canada,F11,7
Canada,F12,7
Canada,F31,2
Canada,F32,2
Canada,F33,9
Canada,F41,5
Canada,F42,2
Canada,F43,9
Canada,FX1,2
Canada,FX2,4
Canada,FX3,11
Canada,I51,1
Canada,I52,1
Canada,IH4,1
Canada,IR1,38
Canada,IR2,8
Canada,IR5,2
Cayman Islands,CR2,1
Cayman Islands,FX2,1
Central African Republic,IR5,1
Chad,IR1,1
Chad,IR2,1
Chile,CR1,3
Chile,CR2,2
Chile,F11,2
Chile,F22,1
Chile,F24,1
Chile,F31,1
Chile,F41,2
Chile,F42,1
Chile,F43,4
Chile,FX1,1
Chile,IR1,7
Chile,IR2,1
Chile,IR5,3
China - mainland born,C51,4
China - mainland born,C52,3
China - mainland born,C53,1
China - mainland born,CR1,118
China - mainland born,CR2,20
China - mainland born,E11,139
China - mainland born,E13,3
China - mainland born,E14,117
China - mainland born,E15,127
China - mainland born,E21,3
China - mainland born,E22,5
China - mainland born,E23,3
China - mainland born,E31,2
China - mainland born,E34,2
China - mainland born,E35,3
China - mainland born,EW4,1
China - mainland born,EW5,2
China - mainland born,F11,45
China - mainland born,F12,30
China - mainland born,F21,40
China - mainland born,F22,37
China - mainland born,F24,37
China - mainland born,F25,5
China - mainland born,F31,37
China - mainland born,F32,37
China - mainland born,F33,41
China - mainland born,F41,205
China - mainland born,F42,175
China - mainland born,F43,180
China - mainland born,FX1,157
China - mainland born,FX2,77
China - mainland born,FX3,14
China - mainland born,I51,205
China - mainland born,I52,146
China - mainland born,I53,228
China - mainland born,IH3,94
China - mainland born,IR1,102
China - mainland born,IR2,46
China - mainland born,IR5,435
China - mainland born,R51,1
China - mainland born,R53,1
China - mainland born,SE1,1
China - mainland born,SE2,1
China - mainland born,SE3,1
China - mainland born,T51,4
China - mainland born,T52,3
China - mainland born,T53,1
China - Taiwan born,CR1,8
China - Taiwan born,DV1,4
China - Taiwan born,DV2,2
China - Taiwan born,DV3,1
China - Taiwan born,E11,1
China - Taiwan born,E14,1
China - Taiwan born,E21,2
China - Taiwan born,E22,2
China - Taiwan born,E23,2
China - Taiwan born,E31,3
China - Taiwan born,E34,1
China - Taiwan born,EW3,1
China - Taiwan born,EW4,1
China - Taiwan born,EW5,1
China - Taiwan born,F11,6
China - Taiwan born,F12,1
China - Taiwan born,F24,2
China - Taiwan born,F31,5
China - Taiwan born,F32,4
China - Taiwan born,F33,5
China - Taiwan born,F41,19
China - Taiwan born,F42,14
China - Taiwan born,F43,28
China - Taiwan born,FX1,4
China - Taiwan born,FX2,1
China - Taiwan born,FX3,2
China - Taiwan born,I51,7
China - Taiwan born,I52,3
China - Taiwan born,I53,10
China - Taiwan born,IR1,8
China - Taiwan born,IR2,1
China - Taiwan born,IR3,2
China - Taiwan born,IR5,9
China - Taiwan born,T51,1
Colombia,CR1,75
Colombia,CR2,33
Colombia,E11,1
Colombia,E14,1
Colombia,E21,3
Colombia,E22,3
Colombia,E23,3
Colombia,E31,1
Colombia,EW3,1
Colombia,F11,63
Colombia,F12,37
Colombia,F21,7
Colombia,F22,8
Colombia,F24,16
Colombia,F25,8
Colombia,F31,9
Colombia,F32,8
Colombia,F33,12
Colombia,F41,32
Colombia,F42,14
Colombia,F43,33
Colombia,FX1,25
Colombia,FX2,25
Colombia,FX3,11
Colombia,I51,1
Colombia,I52,1
Colombia,IH3,16
Colombia,IR1,76
Colombia,IR2,64
Colombia,IR5,89
Colombia,IW1,1
Colombia,SB1,3
"Congo, Democratic Republic of the",CR1,7
"Congo, Democratic Republic of the",DV1,29
"Congo, Democratic Republic of the",DV2,8
"Congo, Democratic Republic of the",DV3,21
"Congo, Democratic Republic of the",E21,1
"Congo, Democratic Republic of the",E22,1
"Congo, Democratic Republic of the",E23,2
"Congo, Democratic Republic of the",F21,3
"Congo, Democratic Republic of the",F22,6
"Congo, Democratic Republic of the",F23,1
"Congo, Democratic Republic of the",F31,1
"Congo, Democratic Republic of the",F33,3
"Congo, Democratic Republic of the",F41,1
"Congo, Democratic Republic of the",F42,1
"Congo, Democratic Republic of the",FX1,9
"Congo, Democratic Republic of the",FX2,15
"Congo, Democratic Republic of the",FX3,1
"Congo, Democratic Republic of the",IR1,6
"Congo, Democratic Republic of the",IR2,2
"Congo, Democratic Republic of the",IR5,11
"Congo, Democratic Republic of the",SE1,1
"Congo, Democratic Republic of the",SE2,1
"Congo, Democratic Republic of the",SE3,2
"Congo, Republic of the",CR1,1
"Congo, Republic of the",DV1,1
"Congo, Republic of the",F21,1
"Congo, Republic of the",F22,1
"Congo, Republic of the",FX1,2
"Congo, Republic of the",FX2,1
"Congo, Republic of the",SE1,1
"Congo, Republic of the",SE2,1
"Congo, Republic of the",SE3,3
Costa Rica,CR1,10
Costa Rica,CR2,3
Costa Rica,E31,2
Costa Rica,F11,4
Costa Rica,F12,2
Costa Rica,F21,1
Costa Rica,F24,3
Costa Rica,F31,2
Costa Rica,F33,2
Costa Rica,FX1,6
Costa Rica,FX2,4
Costa Rica,FX3,3
Costa Rica,IH3,2
Costa Rica,IR1,14
Costa Rica,IR2,5
Costa Rica,IR5,13
Cote d'Ivoire,CR1,11
Cote d'Ivoire,DV1,8
Cote d'Ivoire,DV2,1
Cote d'Ivoire,DV3,1
Cote d'Ivoire,F11,5
Cote d'Ivoire,F21,1
Cote d'Ivoire,F22,1
Cote d'Ivoire,F23,1
Cote d'Ivoire,FX1,4
Cote d'Ivoire,FX2,8
Cote d'Ivoire,FX3,3
Cote d'Ivoire,IR1,7
Cote d'Ivoire,IR2,13
Cote d'Ivoire,IR5,8
Croatia,DV1,1
Croatia,DV2,1
Croatia,F31,1
Croatia,F32,1
Croatia,F33,2
Croatia,IR2,1
Croatia,IR5,1
Cuba,CR1,2
Cuba,F21,1
Cuba,F22,1
Cuba,FX1,3
Cuba,FX2,2
Cuba,FX3,1
Cuba,IR2,3
Cuba,IR5,3
Curacao,I53,3
Cyprus,E15,1
Cyprus,IR1,1
Cyprus,IR5,2
Czech Republic,CR1,2
Czech Republic,DV1,1
Czech Republic,E21,1
Czech Republic,F21,1
Czech Republic,F22,1
Czech Republic,IR1,1
Czech Republic,IR5,2
Czech Republic,SB1,2
Denmark,CR1,3
Denmark,DV1,1
Denmark,FX2,1
Denmark,IR1,4
Denmark,IR2,3
Djibouti,CR2,1
Djibouti,FX1,1
Djibouti,FX2,1
Djibouti,IR1,2
Dominica,CR1,1
Dominica,F11,6
Dominica,F12,2
Dominica,F31,2
Dominica,F32,2
Dominica,F33,2
Dominica,FX1,1
Dominica,FX2,2
Dominica,IR1,1
Dominica,IR2,6
Dominica,IR5,4
Dominican Republic,CR1,285
Dominican Republic,CR2,91
Dominican Republic,F11,325
Dominican Republic,F12,378
Dominican Republic,F21,130
Dominican Republic,F22,63
Dominican Republic,F23,84
Dominican Republic,F24,283
Dominican Republic,F25,525
Dominican Republic,F31,10
Dominican Republic,F32,8
Dominican Republic,F33,21
Dominican Republic,F41,57
Dominican Republic,F42,33
Dominican Republic,F43,83
Dominican Republic,FX1,448
Dominican Republic,FX2,228
Dominican Republic,FX3,364
Dominican Republic,I51,1
Dominican Republic,I52,1
Dominican Republic,I53,1
Dominican Republic,IR1,309
Dominican Republic,IR2,306
Dominican Republic,IR5,463
Dominican Republic,IW1,5
Dominican Republic,IW2,3
Dominican Republic,SB1,6
Ecuador,CR1,59
Ecuador,CR2,10
Ecuador,DV1,8
Ecuador,DV2,4
Ecuador,DV3,8
Ecuador,E31,1
Ecuador,E35,3
Ecuador,F11,58
Ecuador,F12,39
Ecuador,F21,9
Ecuador,F22,8
Ecuador,F23,6
Ecuador,F24,15
Ecuador,F25,17
Ecuador,F31,9
Ecuador,F32,7
Ecuador,F33,13
Ecuador,F41,23
Ecuador,F42,9
Ecuador,F43,22
Ecuador,FX1,23
Ecuador,FX2,13
Ecuador,FX3,14
Ecuador,IB1,1
Ecuador,IR1,161
Ecuador,IR2,48
Ecuador,IR5,64
Ecuador,SB1,3
Egypt,CR1,38
Egypt,DV1,100
Egypt,DV2,70
Egypt,DV3,110
Egypt,E11,1
Egypt,E14,1
Egypt,E15,5
Egypt,E21,2
Egypt,E22,3
Egypt,E23,5
Egypt,F11,9
Egypt,F12,1
Egypt,F21,11
Egypt,F22,6
Egypt,F23,2
Egypt,F24,2
Egypt,F31,6
Egypt,F32,6
Egypt,F33,11
Egypt,F41,17
Egypt,F42,13
Egypt,F43,34
Egypt,FX1,12
Egypt,FX2,13
Egypt,I51,2
Egypt,I52,2
Egypt,I53,4
Egypt,IR1,45
Egypt,IR2,40
Egypt,IR5,87
Egypt,SB1,2
Egypt,SE1,4
Egypt,SE2,5
Egypt,SE3,7
El Salvador,CR1,99
El Salvador,CR2,18
El Salvador,E34,2
El Salvador,E35,2
El Salvador,F11,57
El Salvador,F12,38
El Salvador,F21,25
El Salvador,F22,18
El Salvador,F23,16
El Salvador,F24,56
El Salvador,F25,50
El Salvador,F31,6
El Salvador,F32,3
El Salvador,F33,7
El Salvador,F41,47
El Salvador,F42,24
El Salvador,F43,42
El Salvador,FX1,102
El Salvador,FX2,40
El Salvador,FX3,84
El Salvador,IB3,6
El Salvador,IR1,419
El Salvador,IR2,163
El Salvador,IR5,137
El Salvador,SD2,1
El Salvador,SD3,2
Eritrea,CR1,9
Eritrea,DV1,2
Eritrea,DV3,1
Eritrea,F11,8
Eritrea,F12,4
Eritrea,F21,2
Eritrea,F22,6
Eritrea,FX1,8
Eritrea,FX2,10
Eritrea,FX3,3
Eritrea,IR1,8
Eritrea,IR2,1
Eritrea,IR5,23
Eritrea,SE1,1
Eritrea,SE2,1
Eritrea,SE3,1
Estonia,CR1,1
Estonia,F11,1
Estonia,F12,1
Estonia,IR2,1
Ethiopia,CR1,64
Ethiopia,CR2,4
Ethiopia,DV1,73
Ethiopia,DV2,16
Ethiopia,DV3,18
Ethiopia,E34,1
Ethiopia,F11,28
Ethiopia,F12,9
Ethiopia,F21,10
Ethiopia,F22,20
Ethiopia,F24,19
Ethiopia,F25,4
Ethiopia,F41,3
Ethiopia,F42,2
Ethiopia,F43,3
Ethiopia,FX1,49
Ethiopia,FX2,96
Ethiopia,FX3,2
Ethiopia,I51,1
Ethiopia,IR1,56
Ethiopia,IR2,47
Ethiopia,IR3,6
Ethiopia,IR4,2
Ethiopia,IR5,125
Ethiopia,SE1,2
Ethiopia,SE2,2
Ethiopia,SE3,4
Fiji,CR1,7
Fiji,DV1,7
Fiji,DV2,3
Fiji,DV3,4
Fiji,E11,1
Fiji,F11,3
Fiji,F12,1
Fiji,F24,1
Fiji,F41,2
Fiji,F42,2
Fiji,F43,10
Fiji,FX1,2
Fiji,FX2,1
Fiji,IR1,3
Fiji,IR5,11
Fiji,SB1,1
Finland,CR1,2
Finland,DV1,3
Finland,DV2,1
Finland,DV3,1
Finland,E21,1
Finland,IR1,1
Finland,IR5,2
France,CR1,9
France,DV1,10
France,DV2,2
France,E11,2
France,E14,1
France,E15,1
France,E21,5
France,E22,4
France,E23,4
France,E31,1
France,E34,1
France,E35,2
France,F11,3
France,F12,1
France,F24,1
France,F33,1
France,FX1,4
France,FX2,4
France,FX3,2
France,I51,1
France,IR1,10
France,IR2,3
France,IR5,5
Gabon,E14,1
Gabon,FX1,1
Gabon,IR1,1
Gabon,IR2,1
Gabon,IR5,1
"Gambia, The",CR1,2
"Gambia, The",F11,1
"Gambia, The",F21,1
"Gambia, The",FX2,10
"Gambia, The",FX3,2
"Gambia, The",IR1,9
"Gambia, The",IR2,14
"Gambia, The",IR5,17
Georgia,CR1,8
Georgia,DV1,17
Georgia,DV2,9
Georgia,DV3,7
Georgia,E21,1
Georgia,E23,1
Georgia,F11,10
Georgia,F12,7
Georgia,F21,2
Georgia,F22,1
Georgia,F24,1
Georgia,FX1,1
Georgia,FX2,3
Georgia,FX3,1
Georgia,IR1,1
Georgia,IR2,3
Georgia,IR5,19
Germany,CR1,34
Germany,CR2,3
Germany,DV1,7
Germany,DV2,4
Germany,DV3,5
Germany,E11,6
Germany,E14,1
Germany,E15,4
Germany,E22,1
Germany,E31,2
Germany,F11,2
Germany,F12,2
Germany,F24,1
Germany,F33,3
Germany,FX1,2
Germany,FX2,2
Germany,FX3,3
Germany,I51,1
Germany,IR1,19
Germany,IR2,2
Germany,IR5,3
Germany,SB1,2
Ghana,CR1,65
Ghana,CR2,5
Ghana,DV1,12
Ghana,DV2,3
Ghana,DV3,3
Ghana,F11,33
Ghana,F12,16
Ghana,F21,11
Ghana,F22,8
Ghana,F23,5
Ghana,F24,9
Ghana,F25,10
Ghana,F31,5
Ghana,F32,4
Ghana,F33,6
Ghana,F41,8
Ghana,F42,4
Ghana,F43,10
Ghana,FX1,27
Ghana,FX2,41
Ghana,FX3,18
Ghana,IR1,95
Ghana,IR2,133
Ghana,IR5,80
Ghana,IW1,1
Ghana,SB1,1
Great Britain and Northern Ireland,CR1,53
Great Britain and Northern Ireland,CR2,7
Great Britain and Northern Ireland,E11,10
Great Britain and Northern Ireland,E14,2
Great Britain and Northern Ireland,E15,4
Great Britain and Northern Ireland,E21,1
Great Britain and Northern Ireland,E23,6
Great Britain and Northern Ireland,E31,1
Great Britain and Northern Ireland,E32,2
Great Britain and Northern Ireland,E34,3
Great Britain and Northern Ireland,E35,2
Great Britain and Northern Ireland,F11,3
Great Britain and Northern Ireland,F12,7
Great Britain and Northern Ireland,F31,3
Great Britain and Northern Ireland,F32,6
Great Britain and Northern Ireland,F33,18
Great Britain and Northern Ireland,F41,4
Great Britain and Northern Ireland,F42,1
Great Britain and Northern Ireland,F43,27
Great Britain and Northern Ireland,FX1,2
Great Britain and Northern Ireland,FX2,4
Great Britain and Northern Ireland,FX3,4
Great Britain and Northern Ireland,I51,4
Great Britain and Northern Ireland,I52,2
Great Britain and Northern Ireland,I53,1
Great Britain and Northern Ireland,IR1,41
Great Britain and Northern Ireland,IR2,11
Great Britain and Northern Ireland,IR5,9
Great Britain and Northern Ireland,SB1,2
Great Britain and Northern Ireland,SR1,1
Great Britain and Northern Ireland,T53,2
Greece,CR1,1
Greece,DV1,1
Greece,DV2,2
Greece,E15,1
Greece,E31,1
Greece,E34,1
Greece,E35,2
Greece,F32,1
Greece,F33,1
Greece,F43,1
Greece,IR1,9
Greece,IR2,5
Greece,IR5,2
Greece,SB1,1
Grenada,F11,4
Grenada,F12,4
Grenada,F24,1
Grenada,F25,2
Grenada,F42,2
Grenada,F43,1
Grenada,IR2,6
Grenada,IR5,3
Guatemala,CR1,42
Guatemala,CR2,6
Guatemala,DV1,1
Guatemala,F11,41
Guatemala,F12,32
Guatemala,F21,5
Guatemala,F22,6
Guatemala,F23,4
Guatemala,F24,31
Guatemala,F25,16
Guatemala,F31,3
Guatemala,F32,2
Guatemala,F33,11
Guatemala,F41,18
Guatemala,F42,5
Guatemala,F43,10
Guatemala,FX1,61
Guatemala,FX2,48
Guatemala,FX3,49
Guatemala,IB1,1
Guatemala,IB3,5
Guatemala,IR1,379
Guatemala,IR2,64
Guatemala,IR5,73
Guatemala,SU3,2
Guinea,CR1,2
Guinea,CR2,1
Guinea,DV1,1
Guinea,F11,2
Guinea,F21,2
Guinea,F22,5
Guinea,FX1,5
Guinea,FX2,9
Guinea,IR1,11
Guinea,IR2,20
Guinea,IR5,17
Guinea,SE1,1
Guinea-Bissau,F11,1
Guinea-Bissau,IR2,1
Guyana,CR1,22
Guyana,CR2,4
Guyana,F11,74
Guyana,F12,99
Guyana,F21,13
Guyana,F22,9
Guyana,F23,3
Guyana,F24,10
Guyana,F25,8
Guyana,F31,7
Guyana,F32,5
Guyana,F33,5
Guyana,F41,20
Guyana,F42,13
Guyana,F43,13
Guyana,FX1,16
Guyana,FX2,13
Guyana,FX3,5
Guyana,IB2,1
Guyana,IR1,19
Guyana,IR2,19
Guyana,IR3,1
Guyana,IR5,29
Haiti,CR1,72
Haiti,CR2,25
Haiti,F11,114
Haiti,F12,67
Haiti,F21,9
Haiti,F22,12
Haiti,F23,5
Haiti,F24,93
Haiti,F25,81
Haiti,F31,12
Haiti,F32,9
Haiti,F33,26
Haiti,F41,54
Haiti,F42,19
Haiti,F43,88
Haiti,FX1,74
Haiti,FX2,91
Haiti,FX3,57
Haiti,IH3,10
Haiti,IR1,147
Haiti,IR2,195
Haiti,IR3,5
Haiti,IR5,212
Haiti,SB1,7
Haiti,SE1,2
Haiti,SE2,2
Honduras,CR1,14
Honduras,CR2,6
Honduras,DV1,2
Honduras,DV2,1
Honduras,DV3,5
Honduras,E35,1
Honduras,F11,27
Honduras,F12,23
Honduras,F21,2
Honduras,F22,4
Honduras,F23,3
Honduras,F24,10
Honduras,F25,6
Honduras,F31,5
Honduras,F32,4
Honduras,F33,10
Honduras,F41,10
Honduras,F42,6
Honduras,F43,17
Honduras,FX1,28
Honduras,FX2,31
Honduras,FX3,38
Honduras,IB1,1
Honduras,IB3,2
Honduras,IR1,165
Honduras,IR2,64
Honduras,IR3,2
Honduras,IR5,42
Hong Kong S.A.R.,CR1,3
Hong Kong S.A.R.,CR2,1
Hong Kong S.A.R.,DV1,3
Hong Kong S.A.R.,DV3,1
Hong Kong S.A.R.,E11,1
Hong Kong S.A.R.,E15,2
Hong Kong S.A.R.,E22,1
Hong Kong S.A.R.,F11,5
Hong Kong S.A.R.,F12,3
Hong Kong S.A.R.,F22,1
Hong Kong S.A.R.,F24,1
Hong Kong S.A.R.,F25,3
Hong Kong S.A.R.,F31,3
Hong Kong S.A.R.,F32,4
Hong Kong S.A.R.,F33,1
Hong Kong S.A.R.,F41,12
Hong Kong S.A.R.,F42,7
Hong Kong S.A.R.,F43,26
Hong Kong S.A.R.,FX1,3
Hong Kong S.A.R.,FX2,7
Hong Kong S.A.R.,FX3,5
Hong Kong S.A.R.,I51,4
Hong Kong S.A.R.,I52,3
Hong Kong S.A.R.,I53,3
Hong Kong S.A.R.,IR1,6
Hong Kong S.A.R.,IR2,1
Hong Kong S.A.R.,IR5,5
Hong Kong S.A.R.,SD1,1
Hong Kong S.A.R.,SD2,1
Hong Kong S.A.R.,T51,1
Hong Kong S.A.R.,T53,1
Hungary,E14,1
Hungary,E22,1
Hungary,F11,2
Hungary,F43,1
Hungary,IR1,2
Hungary,IR2,1
Hungary,IR5,4
India,CR1,123
India,CR2,8
India,E11,14
India,E14,19
India,E15,19
India,E21,3
India,E22,4
India,E23,2
India,E31,4
India,E32,1
India,E34,6
India,E35,8
India,EW3,1
India,F11,30
India,F12,11
India,F21,23
India,F22,10
India,F23,4
India,F24,12
India,F25,2
India,F31,88
India,F32,80
India,F33,125
India,F41,298
India,F42,278
India,F43,390
India,FX1,67
India,FX2,8
India,FX3,25
India,I51,6
India,I52,4
India,I53,5
India,IH3,22
India,IH4,1
India,IR1,57
India,IR2,23
India,IR5,444
India,SB1,7
India,SD2,1
India,SD3,2
India,SE1,3
India,SE2,3
India,SE3,4
India,T51,2
India,T52,2
India,T53,3
Indonesia,CR1,5
Indonesia,CR2,1
Indonesia,E31,4
Indonesia,E34,1
Indonesia,E35,1
Indonesia,F11,5
Indonesia,F12,4
Indonesia,F24,1
Indonesia,F41,1
Indonesia,F43,4
Indonesia,FX1,3
Indonesia,FX2,1
Indonesia,IR1,5
Indonesia,IR2,2
Indonesia,IR5,13
Iran,CR1,20
Iran,CR2,2
Iran,DV1,48
Iran,DV2,12
Iran,DV3,12
Iran,E11,9
Iran,E13,1
Iran,E14,5
Iran,E15,4
Iran,E21,9
Iran,E22,7
Iran,E31,5
Iran,E35,1
Iran,EW5,1
Iran,F11,42
Iran,F12,10
Iran,F21,4
Iran,F22,2
Iran,F24,22
Iran,F31,16
Iran,F32,5
Iran,F33,12
Iran,F41,40
Iran,F42,25
Iran,F43,24
Iran,FX1,33
Iran,FX2,7
Iran,FX3,7
Iran,I51,1
Iran,I52,2
Iran,I53,2
Iran,IR1,17
Iran,IR2,3
Iran,IR5,130
Iran,SB1,3
Iran,SQ2,1
Iraq,CR1,29
Iraq,DV1,1
Iraq,DV2,2
Iraq,DV3,2
Iraq,F24,2
Iraq,F31,2
Iraq,F32,1
Iraq,F33,5
Iraq,F41,2
Iraq,F42,1
Iraq,F43,3
Iraq,FX1,14
Iraq,FX2,5
Iraq,FX3,5
Iraq,IR1,12
Iraq,IR2,5
Iraq,IR5,27
Iraq,SB1,3
Iraq,SQ1,43
Iraq,SQ2,33
Iraq,SQ3,65
Ireland,CR1,2
Ireland,E21,1
Ireland,E31,1
Ireland,EW3,1
Ireland,F21,1
Ireland,F22,1
Ireland,F41,1
Ireland,FX1,1
Ireland,IR1,4
Israel,CR1,4
Israel,E23,1
Israel,E31,1
Israel,E32,1
Israel,E34,2
Israel,E35,5
Israel,F11,2
Israel,F12,4
Israel,F33,2
Israel,F41,1
Israel,F43,3
Israel,FX1,1
Israel,FX2,1
Israel,IR1,4
Israel,IR2,5
Israel,IR5,10
Italy,CR1,9
Italy,CR2,1
Italy,DV1,6
Italy,E11,5
Italy,E14,2
Italy,E15,5
Italy,E21,1
Italy,E31,4
Italy,F12,1
Italy,F25,2
Italy,F32,1
Italy,F33,3
Italy,F41,1
Italy,F43,5
Italy,FX1,2
Italy,FX2,3
Italy,FX3,3
Italy,I51,1
Italy,I52,1
Italy,I53,1
Italy,IR1,12
Italy,IR2,8
Italy,IR5,7
Jamaica,CR1,69
Jamaica,CR2,24
Jamaica,E31,33
Jamaica,E34,13
Jamaica,E35,31
Jamaica,EW5,2
Jamaica,F11,175
Jamaica,F12,187
Jamaica,F21,7
Jamaica,F22,23
Jamaica,F23,3
Jamaica,F24,16
Jamaica,F25,19
Jamaica,F31,27
Jamaica,F32,21
Jamaica,F33,37
Jamaica,F41,33
Jamaica,F42,11
Jamaica,F43,31
Jamaica,FX1,13
Jamaica,FX2,60
Jamaica,FX3,18
Jamaica,IB2,1
Jamaica,IB3,4
Jamaica,IR1,75
Jamaica,IR2,199
Jamaica,IR3,1
Jamaica,IR5,165
Jamaica,SD2,1
Japan,CR1,48
Japan,DV1,4
Japan,DV2,1
Japan,E11,1
Japan,E14,1
Japan,E15,2
Japan,E23,1
Japan,E32,2
Japan,F11,2
Japan,F12,3
Japan,F42,1
Japan,F43,1
Japan,FX1,2
Japan,FX3,1
Japan,I51,1
Japan,I53,1
Japan,IR1,42
Japan,IR2,3
Japan,IR3,2
Japan,IR4,2
Japan,IR5,3
Japan,SB1,1
Kazakhstan,FX2,1
Kazakhstan,FX3,2
Kazakhstan,IR5,7
Kenya,CR1,9
Kenya,CR2,2
Kenya,DV1,20
Kenya,DV2,2
Kenya,DV3,4
Kenya,E31,4
Kenya,E34,3
Kenya,E35,4
Kenya,F11,8
Kenya,F12,11
Kenya,F22,1
Kenya,F24,2
Kenya,F33,1
Kenya,F41,3
Kenya,F42,1
Kenya,F43,7
Kenya,FX1,7
Kenya,FX2,22
Kenya,IB3,1
Kenya,IH3,1
Kenya,IR1,19
Kenya,IR2,49
Kenya,IR5,33
Kenya,SB1,1
"Korea, South",CR1,29
"Korea, South",CR2,1
"Korea, South",E11,8
"Korea, South",E14,5
"Korea, South",E15,5
"Korea, South",E21,41
"Korea, South",E22,36
"Korea, South",E23,48
"Korea, South",E31,16
"Korea, South",E34,8
"Korea, South",E35,5
"Korea, South",EW3,2
"Korea, South",EW5,2
"Korea, South",F11,14
"Korea, South",F12,2
"Korea, South",F21,3
"Korea, South",F22,1
"Korea, South",F24,5
"Korea, South",F31,5
"Korea, South",F32,3
"Korea, South",F33,4
"Korea, South",F41,20
"Korea, South",F42,7
"Korea, South",F43,9
"Korea, South",FX1,4
"Korea, South",FX2,2
"Korea, South",FX3,2
"Korea, South",I51,9
"Korea, South",I52,6
"Korea, South",I53,13
"Korea, South",IR1,29
"Korea, South",IR2,7
"Korea, South",IR3,18
"Korea, South",IR5,38
"Korea, South",SB1,1
"Korea, South",SE1,1
"Korea, South",SE2,1
Kosovo,CR1,5
Kosovo,DV1,12
Kosovo,DV2,7
Kosovo,DV3,13
Kosovo,F31,2
Kosovo,F32,2
Kosovo,F33,4
Kosovo,FX1,5
Kosovo,FX2,1
Kosovo,IR1,6
Kosovo,IR5,10
Kuwait,CR1,5
Kuwait,DV1,1
Kuwait,E21,2
Kuwait,E22,1
Kuwait,E23,2
Kuwait,F11,3
Kuwait,F24,2
Kuwait,F31,7
Kuwait,F32,2
Kuwait,F41,5
Kuwait,F42,2
Kuwait,F43,2
Kuwait,FX1,2
Kuwait,FX2,5
Kuwait,IR1,8
Kuwait,IR2,1
Kuwait,IR5,6
Kuwait,SE1,1
Kyrgyzstan,DV1,7
Kyrgyzstan,DV2,2
Kyrgyzstan,DV3,5
Kyrgyzstan,F11,1
Kyrgyzstan,FX1,6
Kyrgyzstan,FX2,7
Kyrgyzstan,IR5,5
Kyrgyzstan,SB1,1
Laos,F22,2
Laos,FX1,2
Laos,FX2,4
Laos,IR1,1
Laos,IR2,1
Laos,IR5,9
Latvia,DV1,3
Latvia,DV2,1
Latvia,F11,3
Latvia,IH3,10
Latvia,IR5,1
Lebanon,CR1,15
Lebanon,E31,1
Lebanon,F11,6
Lebanon,F22,2
Lebanon,F24,5
Lebanon,F31,12
Lebanon,F32,10
Lebanon,F33,22
Lebanon,F41,16
Lebanon,F42,9
Lebanon,F43,33
Lebanon,FX1,9
Lebanon,FX2,4
Lebanon,FX3,2
Lebanon,I51,1
Lebanon,IR1,15
Lebanon,IR2,12
Lebanon,IR5,36
Lebanon,SB1,1
Lebanon,SR1,1
Lebanon,SR2,1
Lebanon,SR3,1
Liberia,CR1,13
Liberia,CR2,2
Liberia,DV1,15
Liberia,DV2,5
Liberia,DV3,10
Liberia,F11,8
Liberia,F12,4
Liberia,F22,2
Liberia,F24,1
Liberia,FX1,2
Liberia,FX2,11
Liberia,IR1,12
Liberia,IR2,29
Liberia,IR5,44
Liberia,SB1,1
Libya,CR1,3
Libya,DV2,1
Libya,F11,2
Libya,FX1,2
Libya,IR1,9
Libya,IR2,13
Libya,IR5,8
Libya,SB1,1
Lithuania,DV1,3
Lithuania,DV2,2
Lithuania,DV3,1
Lithuania,F22,1
Lithuania,IH3,1
Lithuania,IR1,7
Lithuania,IR5,7
Luxembourg,CR1,1
Luxembourg,IR1,1
Macau,F11,1
Macau,F12,1
Macau,F25,2
Macau,FX1,1
Macedonia,CR1,6
Macedonia,DV1,16
Macedonia,DV2,11
Macedonia,DV3,8
Macedonia,F11,1
Macedonia,F31,2
Macedonia,F32,2
Macedonia,F33,2
Macedonia,F41,1
Macedonia,F42,1
Macedonia,F43,2
Macedonia,FX1,2
Macedonia,FX2,2
Macedonia,IR1,4
Macedonia,IR2,5
Macedonia,IR5,10
Madagascar,IH3,1
Malawi,CR1,1
Malawi,IR1,2
Malawi,IR2,1
Malawi,IR5,1
Malaysia,CR1,1
Malaysia,DV1,2
Malaysia,EW3,1
Malaysia,EW4,1
Malaysia,EW5,2
Malaysia,F11,5
Malaysia,F12,1
Malaysia,F21,1
Malaysia,F24,3
Malaysia,F41,5
Malaysia,F42,3
Malaysia,F43,7
Malaysia,FX1,2
Malaysia,FX2,2
Malaysia,FX3,1
Malaysia,IR1,2
Malaysia,IR5,8
Maldives,F43,1
Mali,CR1,4
Mali,F21,1
Mali,F23,1
Mali,IR1,5
Mali,IR2,8
Mali,IR5,5
Mauritania,FX1,1
Mauritania,FX2,1
Mauritania,IR1,1
Mauritania,IR2,1
Mauritania,SE2,1
Mauritania,SE3,2
Mauritius,CR1,1
Mauritius,IR5,1
Mexico,CR1,212
Mexico,CR2,29
Mexico,E11,2
Mexico,E14,1
Mexico,E15,1
Mexico,E21,1
Mexico,E22,1
Mexico,E31,2
Mexico,E34,4
Mexico,E35,9
Mexico,EW3,2
Mexico,EW4,2
Mexico,EW5,8
Mexico,F11,31
Mexico,F12,13
Mexico,F24,27
Mexico,F25,29
Mexico,F31,14
Mexico,F32,12
Mexico,F33,19
Mexico,F41,259
Mexico,F42,155
Mexico,F43,222
Mexico,FX1,778
Mexico,FX2,940
Mexico,FX3,13
Mexico,I51,1
Mexico,I52,1
Mexico,I53,1
Mexico,IH3,2
Mexico,IR1,"1,948"
Mexico,IR2,353
Mexico,IR5,533
Mexico,IW1,5
Mexico,SB1,3
Mexico,SU3,3
Moldova,CR1,2
Moldova,DV1,12
Moldova,DV2,11
Moldova,DV3,6
Moldova,F11,2
Moldova,F12,1
Moldova,F21,3
Moldova,F22,1
Moldova,FX1,5
Moldova,FX3,6
Moldova,IR5,8
Mongolia,CR1,2
Mongolia,E35,1
Mongolia,FX1,2
Mongolia,FX2,1
Mongolia,IR1,1
Mongolia,IR2,1
Mongolia,IR5,2
Montenegro,CR1,3
Montenegro,F11,1
Montenegro,F41,2
Montenegro,F42,2
Montenegro,F43,3
Montenegro,IR1,2
Morocco,CR1,39
Morocco,DV1,16
Morocco,DV2,4
Morocco,DV3,4
Morocco,E31,1
Morocco,F11,4
Morocco,F12,2
Morocco,F21,3
Morocco,F41,3
Morocco,F42,2
Morocco,F43,5
Morocco,FX1,6
Morocco,FX2,6
Morocco,IR1,16
Morocco,IR2,7
Morocco,IR4,1
Morocco,IR5,34
Morocco,SE1,1
Namibia,I53,1
Nepal,CR1,39
Nepal,DV1,157
Nepal,DV2,71
Nepal,DV3,44
Nepal,E11,2
Nepal,E14,5
Nepal,E15,6
Nepal,E22,1
Nepal,E31,1
Nepal,E34,4
Nepal,E35,2
Nepal,EW3,1
Nepal,EW4,1
Nepal,EW5,1
Nepal,F11,4
Nepal,F21,11
Nepal,F22,4
Nepal,F24,2
Nepal,F31,1
Nepal,F32,1
Nepal,F33,2
Nepal,F41,3
Nepal,F42,3
Nepal,F43,1
Nepal,FX1,17
Nepal,FX2,14
Nepal,IR1,8
Nepal,IR2,4
Nepal,IR5,72
Nepal,SB1,3
Netherlands,F12,2
Netherlands,I51,1
Netherlands,IR1,2
New Zealand,CR1,1
New Zealand,DV1,3
New Zealand,DV2,2
New Zealand,DV3,2
New Zealand,E11,1
New Zealand,E22,1
New Zealand,F12,1
New Zealand,F43,3
New Zealand,IR1,6
New Zealand,SB1,1
Nicaragua,CR1,15
Nicaragua,CR2,3
Nicaragua,F11,31
Nicaragua,F12,27
Nicaragua,F21,2
Nicaragua,F22,4
Nicaragua,F24,2
Nicaragua,F25,2
Nicaragua,F31,1
Nicaragua,F32,1
Nicaragua,F33,2
Nicaragua,F41,9
Nicaragua,F42,5
Nicaragua,F43,4
Nicaragua,FX1,8
Nicaragua,FX2,6
Nicaragua,FX3,3
Nicaragua,IR1,45
Nicaragua,IR2,33
Nicaragua,IR3,1
Nicaragua,IR5,8
Nicaragua,SE1,3
Nicaragua,SE2,2
Nicaragua,SE3,3
Niger,CR1,1
Niger,CR2,1
Niger,FX2,1
Nigeria,CR1,44
Nigeria,CR2,2
Nigeria,E11,1
Nigeria,E14,2
Nigeria,E15,2
Nigeria,E31,5
Nigeria,E34,4
Nigeria,E35,16
Nigeria,F11,51
Nigeria,F12,16
Nigeria,F21,6
Nigeria,F22,6
Nigeria,F23,3
Nigeria,F24,19
Nigeria,F25,7
Nigeria,F31,10
Nigeria,F32,9
Nigeria,F33,13
Nigeria,F41,49
Nigeria,F42,30
Nigeria,F43,73
Nigeria,FX1,39
Nigeria,FX2,50
Nigeria,FX3,23
Nigeria,I51,1
Nigeria,I52,1
Nigeria,IR1,47
Nigeria,IR2,42
Nigeria,IR3,9
Nigeria,IR5,94
Nigeria,SB1,8
Nigeria,SD1,2
Nigeria,SD2,2
Nigeria,SD3,5
Nigeria,SE1,1
Nigeria,SE2,1
Nigeria,SE3,3
Northern Ireland (DV only),DV1,1
Norway,DV1,1
Norway,DV2,1
Norway,IR1,3
Norway,SQ3,2
Oman,E21,1
Oman,E22,1
Pakistan,CR1,93
Pakistan,E21,1
Pakistan,E22,1
Pakistan,E23,1
Pakistan,E31,4
Pakistan,E32,1
Pakistan,E34,3
Pakistan,E35,5
Pakistan,F11,24
Pakistan,F12,2
Pakistan,F21,14
Pakistan,F22,4
Pakistan,F23,1
Pakistan,F24,17
Pakistan,F25,3
Pakistan,F31,10
Pakistan,F32,12
Pakistan,F33,26
Pakistan,F41,119
Pakistan,F42,97
Pakistan,F43,233
Pakistan,FX1,44
Pakistan,FX2,14
Pakistan,FX3,21
Pakistan,I51,4
Pakistan,I52,4
Pakistan,I53,5
Pakistan,IR1,72
Pakistan,IR2,35
Pakistan,IR4,7
Pakistan,IR5,164
Pakistan,SB1,5
Pakistan,SE1,5
Pakistan,SE2,6
Pakistan,SE3,10
Panama,CR1,1
Panama,F11,5
Panama,F12,3
Panama,F31,1
Panama,F41,2
Panama,F43,1
Panama,FX2,2
Panama,IB1,1
Panama,IR1,1
Panama,IR2,7
Panama,IR5,1
Paraguay,CR1,2
Paraguay,F21,1
Paraguay,IR1,7
Paraguay,IR2,5
Paraguay,IR5,2
Peru,CR1,27
Peru,CR2,8
Peru,E31,1
Peru,F11,38
Peru,F12,22
Peru,F21,4
Peru,F22,3
Peru,F23,2
Peru,F24,16
Peru,F25,7
Peru,F31,7
Peru,F32,7
Peru,F33,12
Peru,F41,20
Peru,F42,12
Peru,F43,20
Peru,FX1,18
Peru,FX2,12
Peru,FX3,7
Peru,I51,1
Peru,IB1,1
Peru,IR1,74
Peru,IR2,33
Peru,IR5,73
Peru,SB1,3
Philippines,CR1,124
Philippines,CR2,36
Philippines,E11,1
Philippines,E21,27
Philippines,E22,15
Philippines,E23,27
Philippines,E31,56
Philippines,E32,45
Philippines,E34,69
Philippines,E35,90
Philippines,EW3,5
Philippines,EW4,6
Philippines,EW5,10
Philippines,F11,246
Philippines,F12,174
Philippines,F21,45
Philippines,F22,47
Philippines,F23,24
Philippines,F24,253
Philippines,F25,231
Philippines,F31,49
Philippines,F32,42
Philippines,F33,86
Philippines,F41,132
Philippines,F42,73
Philippines,F43,78
Philippines,FX1,111
Philippines,FX2,103
Philippines,FX3,77
Philippines,IB3,1
Philippines,IH4,14
Philippines,IR1,158
Philippines,IR2,235
Philippines,IR5,429
Philippines,IW1,9
Philippines,IW2,3
Philippines,SB1,15
Philippines,SD1,2
Philippines,SE1,3
Philippines,SE2,1
Philippines,SE3,2
Poland,CR1,15
Poland,CR2,1
Poland,DV1,6
Poland,DV2,4
Poland,DV3,4
Poland,E31,1
Poland,E34,1
Poland,E35,3
Poland,EW3,1
Poland,F11,8
Poland,F12,3
Poland,F24,3
Poland,F31,3
Poland,F41,11
Poland,F42,8
Poland,F43,12
Poland,FX1,11
Poland,FX2,1
Poland,FX3,3
Poland,I51,1
Poland,I52,1
Poland,I53,1
Poland,IH3,1
Poland,IR1,25
Poland,IR2,9
Poland,IR5,22
Poland,SB1,1
Portugal,CR1,3
Portugal,CR2,1
Portugal,DV1,1
Portugal,DV2,1
Portugal,DV3,3
Portugal,F33,1
Portugal,FX1,1
Portugal,FX2,1
Portugal,IR1,2
Portugal,IR2,2
Portugal,IR5,1
Qatar,E31,1
Qatar,F33,1
Qatar,IR1,1
Romania,CR1,8
Romania,CR2,1
Romania,DV1,5
Romania,DV2,1
Romania,DV3,2
Romania,E22,1
Romania,E23,1
Romania,E34,1
Romania,F11,2
Romania,F12,1
Romania,F21,1
Romania,F24,2
Romania,F31,1
Romania,F41,1
Romania,F42,1
Romania,F43,1
Romania,FX1,3
Romania,FX2,3
Romania,IH3,1
Romania,IR1,10
Romania,IR2,2
Romania,IR5,17
Romania,SB1,2
Romania,SR1,1
Russia,BC1,1
Russia,CR1,16
Russia,CR2,2
Russia,DV1,28
Russia,DV2,22
Russia,DV3,12
Russia,E11,1
Russia,E14,2
Russia,E15,1
Russia,E21,3
Russia,E22,3
Russia,E23,1
Russia,E34,1
Russia,F11,12
Russia,F12,5
Russia,F21,2
Russia,F22,2
Russia,F24,2
Russia,F25,1
Russia,F31,3
Russia,F32,4
Russia,F33,5
Russia,F41,6
Russia,F42,3
Russia,F43,4
Russia,FX1,8
Russia,FX2,7
Russia,I51,3
Russia,I52,2
Russia,I53,4
Russia,IR1,12
Russia,IR2,3
Russia,IR5,74
Russia,SB1,1
Russia,SE1,1
Rwanda,CR1,1
Rwanda,DV1,8
Rwanda,DV2,5
Rwanda,DV3,6
Rwanda,F21,1
Rwanda,FX2,2
Saint Kitts and Nevis,CR1,2
Saint Kitts and Nevis,F11,6
Saint Kitts and Nevis,F12,5
Saint Kitts and Nevis,F24,2
Saint Kitts and Nevis,F25,1
Saint Kitts and Nevis,F31,1
Saint Kitts and Nevis,F32,1
Saint Kitts and Nevis,F33,3
Saint Kitts and Nevis,F41,2
Saint Kitts and Nevis,F43,2
Saint Kitts and Nevis,FX2,1
Saint Kitts and Nevis,IR1,1
Saint Kitts and Nevis,IR2,2
Saint Kitts and Nevis,IR5,1
Saint Lucia,CR1,3
Saint Lucia,E31,1
Saint Lucia,E35,1
Saint Lucia,F11,9
Saint Lucia,F12,3
Saint Lucia,F41,1
Saint Lucia,F43,2
Saint Lucia,IR1,4
Saint Lucia,IR2,7
Saint Lucia,IR5,4
Saint Martin,IR2,1
Saint Vincent and the Grenadines,CR1,2
Saint Vincent and the Grenadines,F11,5
Saint Vincent and the Grenadines,F12,1
Saint Vincent and the Grenadines,F31,1
Saint Vincent and the Grenadines,F32,1
Saint Vincent and the Grenadines,F41,1
Saint Vincent and the Grenadines,F42,1
Saint Vincent and the Grenadines,F43,1
Saint Vincent and the Grenadines,FX1,1
Saint Vincent and the Grenadines,IR1,1
Saint Vincent and the Grenadines,IR2,2
Saint Vincent and the Grenadines,IR5,5
Samoa,F41,1
Samoa,F42,1
Samoa,F43,1
Samoa,IR1,1
Saudi Arabia,CR1,14
Saudi Arabia,DV1,1
Saudi Arabia,E23,1
Saudi Arabia,F11,3
Saudi Arabia,F22,4
Saudi Arabia,F24,1
Saudi Arabia,F31,2
Saudi Arabia,F32,3
Saudi Arabia,F33,7
Saudi Arabia,F41,1
Saudi Arabia,F43,2
Saudi Arabia,FX1,6
Saudi Arabia,FX2,1
Saudi Arabia,FX3,2
Saudi Arabia,IR1,11
Saudi Arabia,IR2,3
Saudi Arabia,IR5,2
Saudi Arabia,SB1,1
Saudi Arabia,SE2,1
Senegal,CR1,8
Senegal,DV1,3
Senegal,F11,6
Senegal,F12,3
Senegal,F22,2
Senegal,F24,1
Senegal,F41,1
Senegal,FX1,1
Senegal,FX2,2
Senegal,IR1,12
Senegal,IR2,25
Senegal,IR5,11
Senegal,SE3,2
Serbia,CR1,4
Serbia,CR2,1
Serbia,DV1,9
Serbia,DV2,6
Serbia,DV3,3
Serbia,E32,1
Serbia,E34,1
Serbia,F11,1
Serbia,F24,1
Serbia,F41,1
Serbia,IH3,1
Serbia,IR1,2
Serbia,IR5,3
Serbia,SB1,1
Sierra Leone,CR1,8
Sierra Leone,CR2,1
Sierra Leone,F11,6
Sierra Leone,F12,1
Sierra Leone,F21,2
Sierra Leone,F22,3
Sierra Leone,F42,1
Sierra Leone,FX1,1
Sierra Leone,FX2,2
Sierra Leone,IR1,4
Sierra Leone,IR2,36
Sierra Leone,IR3,6
Sierra Leone,IR5,35
Singapore,CR1,1
Singapore,E35,1
Singapore,F41,1
Singapore,F43,1
Singapore,IR1,2
Singapore,SB1,1
Sint Maarten,FX2,1
Sint Maarten,FX3,1
Sint Maarten,IR1,1
Sint Maarten,IR2,1
Slovakia,CR1,3
Slovakia,F11,2
Slovakia,FX1,1
Slovakia,IR1,2
Slovakia,IR5,2
Slovenia,DV1,1
Slovenia,IR1,1
Somalia,CR1,19
Somalia,CR2,3
Somalia,DV1,1
Somalia,DV2,1
Somalia,DV3,3
Somalia,E21,1
Somalia,E22,1
Somalia,E23,4
Somalia,F11,5
Somalia,F22,1
Somalia,F24,1
Somalia,FX1,10
Somalia,FX2,16
Somalia,IR1,45
Somalia,IR2,73
Somalia,IR5,25
South Africa,CR1,9
South Africa,CR2,4
South Africa,DV1,2
South Africa,DV2,2
South Africa,DV3,4
South Africa,E11,4
South Africa,E14,4
South Africa,E15,5
South Africa,E21,1
South Africa,E31,2
South Africa,E34,2
South Africa,F11,1
South Africa,F21,1
South Africa,F22,1
South Africa,F43,1
South Africa,FX1,1
South Africa,I51,5
South Africa,I52,6
South Africa,I53,7
South Africa,IH3,3
South Africa,IR1,5
South Africa,IR2,2
South Africa,IR5,2
South Africa,SD1,1
South Africa,SD2,1
South Africa,SD3,4
South Sudan,CR1,1
South Sudan,IR1,3
South Sudan,IR5,2
Spain,CR1,5
Spain,CR2,4
Spain,DV1,2
Spain,DV2,2
Spain,DV3,1
Spain,E11,1
Spain,E14,1
Spain,E21,1
Spain,E23,1
Spain,F12,1
Spain,F21,1
Spain,F42,1
Spain,F43,5
Spain,FX1,3
Spain,FX2,1
Spain,FX3,3
Spain,IR1,6
Spain,IR2,2
Spain,IR5,5
Sri Lanka,CR1,1
Sri Lanka,DV1,3
Sri Lanka,DV2,1
Sri Lanka,DV3,1
Sri Lanka,E11,1
Sri Lanka,E14,2
Sri Lanka,E15,2
Sri Lanka,E22,1
Sri Lanka,F11,2
Sri Lanka,F41,3
Sri Lanka,F42,4
Sri Lanka,F43,4
Sri Lanka,FX1,4
Sri Lanka,FX2,2
Sri Lanka,IR1,3
Sri Lanka,IR2,1
Sri Lanka,IR5,8
Sudan,CR1,13
Sudan,DV1,36
Sudan,DV2,13
Sudan,DV3,30
Sudan,E34,1
Sudan,E35,3
Sudan,F11,2
Sudan,F22,2
Sudan,F24,2
Sudan,FX1,15
Sudan,FX2,10
Sudan,IR1,33
Sudan,IR2,22
Sudan,IR5,21
Suriname,CR1,1
Suriname,CR2,2
Suriname,F11,1
Suriname,F12,1
Suriname,F21,1
Suriname,IR5,1
Sweden,CR1,3
Sweden,DV1,3
Sweden,E11,1
Sweden,E14,1
Sweden,E15,3
Sweden,E34,1
Sweden,E35,1
Sweden,F11,2
Sweden,F33,1
Sweden,FX2,1
Sweden,IR1,5
Sweden,IR2,1
Sweden,SD1,1
Sweden,SQ3,2
Switzerland,CR1,2
Switzerland,DV1,1
Switzerland,DV2,1
Switzerland,DV3,1
Switzerland,IR1,1
Syria,CR1,9
Syria,DV1,4
Syria,DV2,2
Syria,DV3,2
Syria,E31,1
Syria,E34,1
Syria,E35,2
Syria,F11,1
Syria,F21,1
Syria,F22,2
Syria,F24,2
Syria,F31,5
Syria,F32,6
Syria,F33,11
Syria,F41,14
Syria,F42,12
Syria,F43,16
Syria,FX1,17
Syria,FX2,4
Syria,FX3,3
Syria,I51,3
Syria,I52,2
Syria,I53,6
Syria,IR1,10
Syria,IR2,5
Syria,IR5,54
Syria,SE2,1
Syria,SE3,1
Tajikistan,B23,2
Tajikistan,DV1,10
Tajikistan,DV2,7
Tajikistan,DV3,12
Tajikistan,F21,1
Tajikistan,F24,1
Tajikistan,IR5,2
Tanzania,DV1,2
Tanzania,DV2,1
Tanzania,F42,1
Tanzania,IR2,4
Tanzania,IR5,9
Tanzania,SE1,2
Tanzania,SE2,2
Tanzania,SE3,5
Thailand,CR1,25
Thailand,CR2,6
Thailand,DV1,2
Thailand,DV2,1
Thailand,DV3,2
Thailand,EW3,1
Thailand,F11,13
Thailand,F21,1
Thailand,F22,1
Thailand,F31,1
Thailand,F32,1
Thailand,F33,2
Thailand,F41,1
Thailand,F43,2
Thailand,FX1,3
Thailand,FX2,2
Thailand,FX3,5
Thailand,I52,1
Thailand,IH4,2
Thailand,IR1,25
Thailand,IR2,14
Thailand,IR5,17
Thailand,IW1,1
Togo,CR1,5
Togo,CR2,2
Togo,DV1,20
Togo,E21,1
Togo,E22,1
Togo,F11,4
Togo,F12,1
Togo,F22,1
Togo,F24,1
Togo,F41,3
Togo,F42,2
Togo,F43,7
Togo,FX1,7
Togo,FX2,12
Togo,IR1,6
Togo,IR2,12
Togo,IR5,11
Tonga,DV1,1
Tonga,DV3,1
Tonga,F41,1
Tonga,F42,1
Tonga,F43,4
Tonga,FX1,1
Tonga,FX3,1
Tonga,IR2,1
Tonga,IR3,1
Tonga,IR5,3
Trinidad and Tobago,CR1,18
Trinidad and Tobago,CR2,1
Trinidad and Tobago,E31,3
Trinidad and Tobago,E34,1
Trinidad and Tobago,E35,1
Trinidad and Tobago,F11,22
Trinidad and Tobago,F12,8
Trinidad and Tobago,F22,1
Trinidad and Tobago,F24,2
Trinidad and Tobago,F25,3
Trinidad and Tobago,F31,6
Trinidad and Tobago,F32,5
Trinidad and Tobago,F33,4
Trinidad and Tobago,F41,9
Trinidad and Tobago,F42,3
Trinidad and Tobago,F43,5
Trinidad and Tobago,FX1,3
Trinidad and Tobago,FX2,4
Trinidad and Tobago,FX3,1
Trinidad and Tobago,IR1,11
Trinidad and Tobago,IR2,12
Trinidad and Tobago,IR5,19
Trinidad and Tobago,SB1,1
Tunisia,CR1,9
Tunisia,DV1,3
Tunisia,DV2,1
Tunisia,DV3,3
Tunisia,F21,1
Tunisia,IR1,5
Tunisia,IR2,1
Tunisia,IR5,4
Turkey,CR1,9
Turkey,CR2,3
Turkey,DV1,68
Turkey,DV2,40
Turkey,DV3,46
Turkey,E11,8
Turkey,E14,7
Turkey,E15,6
Turkey,E21,1
Turkey,E22,1
Turkey,E31,2
Turkey,E32,1
Turkey,E34,2
Turkey,E35,1
Turkey,F11,3
Turkey,F21,3
Turkey,F23,2
Turkey,F24,2
Turkey,F25,1
Turkey,F41,7
Turkey,F42,5
Turkey,F43,11
Turkey,FX1,2
Turkey,FX2,1
Turkey,FX3,2
Turkey,I51,1
Turkey,I52,1
Turkey,I53,4
Turkey,IR1,12
Turkey,IR2,11
Turkey,IR5,9
Turkey,IW1,1
Turkey,SQ3,1
Turkmenistan,DV1,1
Turkmenistan,FX1,1
Turkmenistan,IR1,2
Turkmenistan,IR5,3
Turkmenistan,SE1,1
Turkmenistan,SE3,2
Turks and Caicos Islands,FX3,1
Uganda,B22,3
Uganda,CR1,1
Uganda,DV1,4
Uganda,DV2,1
Uganda,DV3,1
Uganda,F41,3
Uganda,F42,3
Uganda,F43,4
Uganda,FX1,2
Uganda,FX2,3
Uganda,IR1,4
Uganda,IR2,8
Uganda,IR3,2
Uganda,IR4,3
Uganda,IR5,3
Ukraine,CR1,17
Ukraine,CR2,4
Ukraine,DV1,72
Ukraine,DV2,46
Ukraine,DV3,61
Ukraine,E11,1
Ukraine,E14,1
Ukraine,E15,1
Ukraine,E21,2
Ukraine,E22,2
Ukraine,EW3,1
Ukraine,EW5,1
Ukraine,F11,15
Ukraine,F12,5
Ukraine,F21,6
Ukraine,F25,1
Ukraine,F31,5
Ukraine,F32,3
Ukraine,F33,8
Ukraine,F41,3
Ukraine,F42,1
Ukraine,FX1,17
Ukraine,FX2,22
Ukraine,I51,1
Ukraine,I52,2
Ukraine,I53,4
Ukraine,IR1,19
Ukraine,IR2,8
Ukraine,IR3,12
Ukraine,IR4,6
Ukraine,IR5,79
Ukraine,SB1,2
United Arab Emirates,CR1,2
United Arab Emirates,CR2,3
United Arab Emirates,E22,1
United Arab Emirates,E23,2
United Arab Emirates,E31,1
United Arab Emirates,E34,1
United Arab Emirates,E35,3
United Arab Emirates,F11,1
United Arab Emirates,F22,1
United Arab Emirates,F31,1
United Arab Emirates,F33,1
United Arab Emirates,F41,1
United Arab Emirates,F43,15
United Arab Emirates,FX1,2
United Arab Emirates,FX2,3
United Arab Emirates,I53,1
United Arab Emirates,IR1,6
United Arab Emirates,IR2,4
Uruguay,F11,1
Uruguay,F22,1
Uruguay,IR1,4
Uzbekistan,CR1,3
Uzbekistan,DV1,79
Uzbekistan,DV2,60
Uzbekistan,DV3,92
Uzbekistan,F11,1
Uzbekistan,F21,7
Uzbekistan,F22,3
Uzbekistan,F23,1
Uzbekistan,F24,1
Uzbekistan,F25,1
Uzbekistan,F31,1
Uzbekistan,FX1,16
Uzbekistan,FX2,16
Uzbekistan,IR1,1
Uzbekistan,IR2,5
Uzbekistan,IR3,1
Uzbekistan,IR5,28
Uzbekistan,SB1,2
Venezuela,CR1,13
Venezuela,CR2,4
Venezuela,DV1,14
Venezuela,DV2,8
Venezuela,DV3,12
Venezuela,E11,3
Venezuela,E13,1
Venezuela,E14,4
Venezuela,E15,8
Venezuela,E21,6
Venezuela,E22,3
Venezuela,E23,2
Venezuela,E31,3
Venezuela,E34,3
Venezuela,E35,2
Venezuela,F11,20
Venezuela,F12,6
Venezuela,F21,4
Venezuela,F22,8
Venezuela,F23,2
Venezuela,F24,5
Venezuela,F25,4
Venezuela,F31,4
Venezuela,F32,4
Venezuela,F33,9
Venezuela,F41,6
Venezuela,F42,3
Venezuela,F43,4
Venezuela,FX1,5
Venezuela,FX2,4
Venezuela,FX3,2
Venezuela,I51,1
Venezuela,I52,1
Venezuela,I53,3
Venezuela,IR1,12
Venezuela,IR2,18
Venezuela,IR5,58
Venezuela,SB1,3
Vietnam,AM1,2
Vietnam,AM2,5
Vietnam,CR1,208
Vietnam,CR2,32
Vietnam,E21,1
Vietnam,E22,1
Vietnam,E23,1
Vietnam,E31,3
Vietnam,E34,3
Vietnam,E35,8
Vietnam,F11,118
Vietnam,F12,75
Vietnam,F21,25
Vietnam,F22,12
Vietnam,F23,6
Vietnam,F24,44
Vietnam,F25,14
Vietnam,F31,90
Vietnam,F32,84
Vietnam,F33,153
Vietnam,F41,172
Vietnam,F42,142
Vietnam,F43,229
Vietnam,FX1,108
Vietnam,FX2,56
Vietnam,FX3,71
Vietnam,I51,14
Vietnam,I52,13
Vietnam,I53,25
Vietnam,IH3,2
Vietnam,IR1,88
Vietnam,IR2,36
Vietnam,IR5,525
Vietnam,SB1,7
Vietnam,SD1,1
Vietnam,SE1,4
Vietnam,SE2,5
Vietnam,SE3,6
Yemen,CR1,13
Yemen,DV1,3
Yemen,DV2,1
Yemen,DV3,6
Yemen,F11,7
Yemen,F22,5
Yemen,F24,1
Yemen,F31,5
Yemen,F32,4
Yemen,F33,28
Yemen,F41,4
Yemen,F42,2
Yemen,F43,10
Yemen,FX1,8
Yemen,FX2,25
Yemen,IB2,2
Yemen,IR1,104
Yemen,IR2,152
Yemen,IR5,44
Yemen,IW1,1
Yemen,SB1,4
Yemen,SU3,1
Zambia,CR1,1
Zambia,F41,1
Zambia,F42,1
Zambia,FX2,1
Zambia,IR1,1
Zambia,IR2,1
Zimbabwe,CR1,2
Zimbabwe,DV1,1
Zimbabwe,DV2,1
Zimbabwe,E31,1
Zimbabwe,F11,2
Zimbabwe,F41,1
Zimbabwe,F42,1
Zimbabwe,FX1,1
Zimbabwe,FX2,1
Zimbabwe,FX3,1
Zimbabwe,IR1,2
Zimbabwe,IR5,6
Zimbabwe,SB1,1
Grand Total,,"48,161"
