Afghanistan,CR1,6
Afghanistan,DV1,1
Afghanistan,DV2,1
Afghanistan,DV3,1
Afghanistan,F11,1
Afghanistan,F12,1
Afghanistan,F21,8
Afghanistan,F22,1
Afghanistan,F23,8
Afghanistan,F24,1
Afghanistan,F31,1
Afghanistan,F41,1
Afghanistan,F42,2
Afghanistan,F43,3
Afghanistan,FX1,19
Afghanistan,FX2,2
Afghanistan,FX3,1
Afghanistan,IR1,6
Afghanistan,IR2,1
Afghanistan,IR5,18
Afghanistan,SI1,2
Afghanistan,SI2,1
Afghanistan,SI3,5
Afghanistan,SQ1,23
Afghanistan,SQ2,51
Afghanistan,SQ3,124
Albania,CR1,20
Albania,DV1,99
Albania,DV2,48
Albania,DV3,46
Albania,F11,3
Albania,F12,1
Albania,F21,10
Albania,F22,3
Albania,F23,1
Albania,F24,2
Albania,F31,4
Albania,F32,2
Albania,F33,3
Albania,F41,11
Albania,F42,8
Albania,F43,10
Albania,FX1,5
Albania,FX2,1
Albania,IH3,1
Albania,IR1,10
Albania,IR2,2
Albania,IR5,68
Albania,SB1,1
Albania,SE1,1
Albania,SE2,1
Algeria,CR1,17
Algeria,DV1,69
Algeria,DV2,20
Algeria,DV3,22
Algeria,F11,1
Algeria,F21,9
Algeria,F24,2
Algeria,F41,3
Algeria,F42,2
Algeria,F43,1
Algeria,FX1,7
Algeria,FX2,5
Algeria,IR1,10
Algeria,IR2,3
Algeria,IR5,10
Angola,DV1,1
Angola,IR1,1
Antigua and Barbuda,CR1,1
Antigua and Barbuda,F11,2
Antigua and Barbuda,F12,1
Antigua and Barbuda,F41,3
Antigua and Barbuda,F42,2
Antigua and Barbuda,FX1,1
Antigua and Barbuda,FX2,1
Antigua and Barbuda,IR2,2
Antigua and Barbuda,IR5,7
Antigua and Barbuda,SB1,1
Argentina,CR1,3
Argentina,CR2,1
Argentina,DV1,1
Argentina,E11,1
Argentina,E14,2
Argentina,E15,2
Argentina,E21,3
Argentina,E22,3
Argentina,E23,4
Argentina,E31,1
Argentina,E32,1
Argentina,E34,1
Argentina,E35,2
Argentina,F11,3
Argentina,F12,1
Argentina,F31,1
Argentina,F32,1
Argentina,F33,2
Argentina,F41,1
Argentina,F43,1
Argentina,FX1,1
Argentina,FX2,1
Argentina,IR1,7
Argentina,IR2,6
Argentina,IR5,6
Argentina,SB1,2
Armenia,CR1,10
Armenia,CR2,2
Armenia,DV1,65
Armenia,DV2,41
Armenia,DV3,54
Armenia,E21,1
Armenia,E22,1
Armenia,E23,1
Armenia,E31,1
Armenia,E34,1
Armenia,F11,3
Armenia,F12,4
Armenia,F24,1
Armenia,F25,1
Armenia,F31,3
Armenia,F32,3
Armenia,F33,3
Armenia,F41,2
Armenia,FX1,6
Armenia,FX2,3
Armenia,IH3,1
Armenia,IR1,4
Armenia,IR2,3
Armenia,IR5,53
Aruba,F41,1
Australia,CR1,8
Australia,CR2,1
Australia,DV1,36
Australia,DV2,7
Australia,DV3,8
Australia,E11,3
Australia,E14,2
Australia,E23,1
Australia,E31,1
Australia,E34,1
Australia,E35,1
Australia,F31,1
Australia,F42,1
Australia,FX2,1
Australia,IR1,16
Australia,IR5,4
Australia,SB1,1
Austria,CR1,3
Austria,DV1,1
Austria,E11,2
Austria,E14,1
Austria,F24,1
Austria,F43,1
Austria,IR1,2
Austria,IR5,1
Austria,IW1,1
Azerbaijan,CR1,2
Azerbaijan,DV1,31
Azerbaijan,DV2,20
Azerbaijan,DV3,21
Azerbaijan,F11,1
Azerbaijan,F21,1
Azerbaijan,F23,2
Azerbaijan,F41,1
Azerbaijan,IR1,1
Azerbaijan,IR5,20
"Bahamas, The",CR1,3
"Bahamas, The",CR2,2
"Bahamas, The",F24,2
"Bahamas, The",F31,1
"Bahamas, The",F32,1
"Bahamas, The",F33,3
"Bahamas, The",FX2,2
"Bahamas, The",IR1,4
"Bahamas, The",IR2,2
"Bahamas, The",IR5,1
Bahrain,IR1,1
Bahrain,IR2,3
Bahrain,IR5,1
Bangladesh,CR1,94
Bangladesh,CR2,8
Bangladesh,E14,1
Bangladesh,E15,3
Bangladesh,E21,1
Bangladesh,E22,2
Bangladesh,E23,2
Bangladesh,E31,2
Bangladesh,EW3,1
Bangladesh,F11,5
Bangladesh,F21,2
Bangladesh,F22,1
Bangladesh,F24,12
Bangladesh,F31,3
Bangladesh,F32,3
Bangladesh,F33,5
Bangladesh,F41,159
Bangladesh,F42,138
Bangladesh,F43,253
Bangladesh,FX1,85
Bangladesh,FX2,55
Bangladesh,FX3,33
Bangladesh,IR1,105
Bangladesh,IR2,42
Bangladesh,IR4,3
Bangladesh,IR5,448
Barbados,CR1,1
Barbados,CR2,1
Barbados,E31,1
Barbados,E35,1
Barbados,F11,1
Barbados,F12,1
Barbados,F24,1
Barbados,FX1,2
Barbados,IR2,4
Barbados,IR5,3
Belarus,CR1,2
Belarus,CR2,1
Belarus,DV1,26
Belarus,DV2,17
Belarus,DV3,14
Belarus,F11,2
Belarus,F21,3
Belarus,F22,1
Belarus,F24,1
Belarus,F41,1
Belarus,F43,1
Belarus,I52,1
Belarus,IR1,5
Belarus,IR2,3
Belarus,IR5,20
Belgium,CR1,3
Belgium,DV3,1
Belgium,F33,1
Belgium,FX1,1
Belgium,FX2,1
Belgium,I53,1
Belgium,IR5,1
Belize,CR1,4
Belize,F11,1
Belize,F22,1
Belize,F31,1
Belize,F32,1
Belize,IR1,2
Belize,IR2,4
Belize,IR5,3
Benin,CR1,1
Benin,DV1,20
Benin,DV2,7
Benin,DV3,6
Benin,F11,2
Benin,F21,2
Benin,F22,2
Benin,IR1,3
Benin,IR2,4
Benin,IR5,2
Bermuda,CR1,1
Bermuda,E35,1
Bermuda,F11,1
Bermuda,IR1,2
Bhutan,CR1,1
Bhutan,DV1,1
Bhutan,E21,1
Bhutan,E22,1
Bolivia,CR1,3
Bolivia,E31,1
Bolivia,E35,1
Bolivia,F11,4
Bolivia,F12,1
Bolivia,F24,1
Bolivia,F41,2
Bolivia,FX1,2
Bolivia,FX2,1
Bolivia,FX3,3
Bolivia,IR1,9
Bolivia,IR2,9
Bolivia,IR5,11
Bosnia and Herzegovina,CR1,4
Bosnia and Herzegovina,DV1,2
Bosnia and Herzegovina,DV2,1
Bosnia and Herzegovina,DV3,2
Bosnia and Herzegovina,F11,1
Bosnia and Herzegovina,F31,1
Bosnia and Herzegovina,F32,1
Bosnia and Herzegovina,F33,2
Bosnia and Herzegovina,F41,4
Bosnia and Herzegovina,F42,2
Bosnia and Herzegovina,F43,1
Bosnia and Herzegovina,IR1,1
Bosnia and Herzegovina,IR2,1
Bosnia and Herzegovina,IR5,2
Botswana,IR5,3
Brazil,B23,1
Brazil,CR1,25
Brazil,CR2,6
Brazil,E11,12
Brazil,E13,1
Brazil,E14,10
Brazil,E15,16
Brazil,E21,3
Brazil,E22,4
Brazil,E23,6
Brazil,E31,8
Brazil,E32,1
Brazil,E34,8
Brazil,E35,6
Brazil,F11,14
Brazil,F12,6
Brazil,F21,3
Brazil,F22,1
Brazil,F24,6
Brazil,F25,3
Brazil,F31,3
Brazil,F33,1
Brazil,F41,10
Brazil,F42,5
Brazil,F43,6
Brazil,FX1,8
Brazil,FX2,7
Brazil,FX3,1
Brazil,I51,7
Brazil,I52,6
Brazil,I53,11
Brazil,IB3,3
Brazil,IH3,1
Brazil,IR1,106
Brazil,IR2,29
Brazil,IR5,93
Brazil,IW1,3
Brazil,SB1,2
Brazil,SE1,2
Brazil,SE2,1
Brazil,SE3,3
Brazil,T51,1
Brazil,T52,1
Brazil,T53,2
British Virgin Islands,IR5,1
Brunei,CR1,1
Bulgaria,CR1,3
Bulgaria,CR2,1
Bulgaria,DV1,8
Bulgaria,DV2,4
Bulgaria,DV3,6
Bulgaria,E11,2
Bulgaria,E31,3
Bulgaria,E35,1
Bulgaria,F22,1
Bulgaria,F31,1
Bulgaria,F32,1
Bulgaria,F33,2
Bulgaria,F41,3
Bulgaria,F42,1
Bulgaria,F43,1
Bulgaria,FX1,2
Bulgaria,IH3,10
Bulgaria,IR1,10
Bulgaria,IR2,1
Bulgaria,IR5,14
Bulgaria,SB1,5
Burkina Faso,CR1,2
Burkina Faso,DV1,4
Burkina Faso,DV2,1
Burkina Faso,DV3,1
Burkina Faso,F21,1
Burkina Faso,IH3,1
Burkina Faso,IR1,1
Burkina Faso,IR2,7
Burkina Faso,IR5,1
Burma,CR1,14
Burma,DV1,8
Burma,DV2,1
Burma,DV3,3
Burma,F11,1
Burma,F21,3
Burma,F22,2
Burma,F24,2
Burma,F31,3
Burma,F32,5
Burma,F33,6
Burma,F41,13
Burma,F42,6
Burma,F43,10
Burma,FX1,2
Burma,FX2,1
Burma,IR1,6
Burma,IR2,1
Burma,IR5,21
Burma,SB1,1
Burundi,DV1,3
Burundi,DV2,1
Burundi,DV3,5
Burundi,FX2,1
Burundi,IH3,1
Burundi,IR1,1
Burundi,IR5,1
Cabo Verde,CR1,1
Cabo Verde,CR2,3
Cabo Verde,EW3,1
Cabo Verde,F11,4
Cabo Verde,F12,5
Cabo Verde,F21,6
Cabo Verde,F22,7
Cabo Verde,F23,4
Cabo Verde,F24,10
Cabo Verde,F25,9
Cabo Verde,F31,1
Cabo Verde,F41,2
Cabo Verde,F42,2
Cabo Verde,F43,2
Cabo Verde,FX1,2
Cabo Verde,FX2,3
Cabo Verde,FX3,2
Cabo Verde,IR1,3
Cabo Verde,IR2,5
Cabo Verde,IR5,6
Cambodia,CR1,12
Cambodia,DV1,6
Cambodia,DV2,2
Cambodia,DV3,3
Cambodia,F11,5
Cambodia,F12,2
Cambodia,F21,7
Cambodia,F22,1
Cambodia,F23,1
Cambodia,F24,2
Cambodia,F31,1
Cambodia,F41,4
Cambodia,F42,2
Cambodia,F43,5
Cambodia,FX1,2
Cambodia,FX2,7
Cambodia,FX3,1
Cambodia,IR1,14
Cambodia,IR2,4
Cambodia,IR5,133
Cambodia,SD1,1
Cambodia,SE1,4
Cambodia,SE2,4
Cambodia,SE3,8
Cameroon,CR1,8
Cameroon,DV1,86
Cameroon,DV2,11
Cameroon,DV3,26
Cameroon,E31,1
Cameroon,F11,4
Cameroon,F21,10
Cameroon,F22,5
Cameroon,F23,2
Cameroon,F41,4
Cameroon,F43,4
Cameroon,FX1,9
Cameroon,FX2,11
Cameroon,FX3,7
Cameroon,IR1,9
Cameroon,IR2,24
Cameroon,IR5,68
Canada,CR1,10
Canada,E11,2
Canada,E14,2
Canada,E15,2
Canada,E21,1
Canada,E22,1
Canada,E35,6
Canada,F11,1
Canada,F12,2
Canada,F32,2
Canada,F33,1
Canada,F41,1
Canada,F43,4
Canada,FX1,1
Canada,FX3,2
Canada,I51,2
Canada,I52,1
Canada,IR1,28
Canada,IR2,10
Canada,IR5,9
Canada,IW1,1
Canada,SQ3,2
Cayman Islands,IR2,1
Central African Republic,IR5,2
Chad,CR1,2
Chad,DV1,4
Chad,FX2,1
Chad,IR5,1
Chile,CR1,5
Chile,DV1,2
Chile,DV2,2
Chile,DV3,1
Chile,F11,3
Chile,F12,3
Chile,F22,1
Chile,F31,2
Chile,F33,2
Chile,F41,1
Chile,F43,1
Chile,FX1,1
Chile,I52,1
Chile,IR1,7
Chile,IR2,1
Chile,IR5,4
China - mainland born,C53,1
China - mainland born,CR1,154
China - mainland born,CR2,31
China - mainland born,E21,2
China - mainland born,E22,4
China - mainland born,E23,2
China - mainland born,E31,17
China - mainland born,E34,18
China - mainland born,E35,25
China - mainland born,EW4,2
China - mainland born,EW5,2
China - mainland born,F11,19
China - mainland born,F12,8
China - mainland born,F21,173
China - mainland born,F22,61
China - mainland born,F23,2
China - mainland born,F24,76
China - mainland born,F25,19
China - mainland born,F31,19
China - mainland born,F32,19
China - mainland born,F33,19
China - mainland born,F41,176
China - mainland born,F42,139
China - mainland born,F43,124
China - mainland born,FX1,117
China - mainland born,FX2,65
China - mainland born,FX3,5
China - mainland born,I51,17
China - mainland born,I52,15
China - mainland born,I53,30
China - mainland born,IH3,107
China - mainland born,IR1,138
China - mainland born,IR2,56
China - mainland born,IR5,537
China - mainland born,IW1,1
China - mainland born,SB1,2
China - mainland born,SR1,1
China - mainland born,SR3,1
China - mainland born,T52,1
China - Taiwan born,CR1,10
China - Taiwan born,CR2,2
China - Taiwan born,DV1,5
China - Taiwan born,DV2,2
China - Taiwan born,DV3,4
China - Taiwan born,E11,2
China - Taiwan born,E14,2
China - Taiwan born,E15,1
China - Taiwan born,E21,10
China - Taiwan born,E22,7
China - Taiwan born,E23,11
China - Taiwan born,E31,1
China - Taiwan born,E32,1
China - Taiwan born,E34,1
China - Taiwan born,F11,4
China - Taiwan born,F12,4
China - Taiwan born,F24,2
China - Taiwan born,F31,4
China - Taiwan born,F32,3
China - Taiwan born,F33,7
China - Taiwan born,F41,17
China - Taiwan born,F42,11
China - Taiwan born,F43,20
China - Taiwan born,FX1,1
China - Taiwan born,FX3,2
China - Taiwan born,I51,17
China - Taiwan born,I52,13
China - Taiwan born,I53,20
China - Taiwan born,IR1,13
China - Taiwan born,IR2,7
China - Taiwan born,IR3,6
China - Taiwan born,IR5,15
China - Taiwan born,SE1,1
China - Taiwan born,SE2,1
Colombia,CR1,59
Colombia,CR2,23
Colombia,E11,3
Colombia,E14,2
Colombia,E15,2
Colombia,E22,1
Colombia,E32,5
Colombia,E34,2
Colombia,E35,4
Colombia,F11,35
Colombia,F12,23
Colombia,F21,24
Colombia,F22,12
Colombia,F23,5
Colombia,F24,15
Colombia,F25,8
Colombia,F31,6
Colombia,F32,7
Colombia,F33,12
Colombia,F41,29
Colombia,F42,15
Colombia,F43,25
Colombia,FX1,17
Colombia,FX2,7
Colombia,FX3,3
Colombia,I51,1
Colombia,I52,1
Colombia,I53,2
Colombia,IB1,1
Colombia,IB2,1
Colombia,IB3,1
Colombia,IH3,25
Colombia,IR1,79
Colombia,IR2,82
Colombia,IR5,99
Colombia,SB1,1
Colombia,T53,2
"Congo, Democratic Republic of the",CR1,8
"Congo, Democratic Republic of the",DV1,96
"Congo, Democratic Republic of the",DV2,36
"Congo, Democratic Republic of the",DV3,70
"Congo, Democratic Republic of the",E21,1
"Congo, Democratic Republic of the",E22,1
"Congo, Democratic Republic of the",F11,1
"Congo, Democratic Republic of the",F12,1
"Congo, Democratic Republic of the",F21,8
"Congo, Democratic Republic of the",F22,13
"Congo, Democratic Republic of the",F24,2
"Congo, Democratic Republic of the",FX1,4
"Congo, Democratic Republic of the",FX2,9
"Congo, Democratic Republic of the",IR1,5
"Congo, Democratic Republic of the",IR2,15
"Congo, Democratic Republic of the",IR5,23
"Congo, Republic of the",DV1,4
"Congo, Republic of the",DV2,1
"Congo, Republic of the",DV3,1
"Congo, Republic of the",IR1,1
"Congo, Republic of the",IR2,2
"Congo, Republic of the",IR5,1
"Congo, Republic of the",SE1,2
"Congo, Republic of the",SE2,1
"Congo, Republic of the",SE3,4
Costa Rica,CR1,8
Costa Rica,CR2,4
Costa Rica,E31,1
Costa Rica,F11,2
Costa Rica,F24,2
Costa Rica,F31,1
Costa Rica,F32,1
Costa Rica,F33,3
Costa Rica,F41,1
Costa Rica,F42,1
Costa Rica,FX1,1
Costa Rica,IH3,3
Costa Rica,IR1,16
Costa Rica,IR2,9
Costa Rica,IR5,12
Cote d'Ivoire,CR1,2
Cote d'Ivoire,DV1,15
Cote d'Ivoire,DV2,5
Cote d'Ivoire,DV3,4
Cote d'Ivoire,F21,1
Cote d'Ivoire,F22,3
Cote d'Ivoire,FX1,2
Cote d'Ivoire,FX2,5
Cote d'Ivoire,IR1,3
Cote d'Ivoire,IR2,4
Cote d'Ivoire,IR5,4
Cote d'Ivoire,SE1,2
Cote d'Ivoire,SE2,1
Croatia,F11,2
Croatia,FX1,1
Croatia,IR2,1
Croatia,IR5,1
Cuba,CR1,2
Cuba,F11,4
Cuba,F12,2
Cuba,FX1,3
Cuba,FX2,4
Cuba,FX3,2
Cuba,IR1,3
Cuba,IR2,5
Cuba,IR5,26
Curacao,F25,1
Cyprus,E11,1
Cyprus,E14,1
Cyprus,FX1,1
Cyprus,FX2,2
Cyprus,IR5,3
Czech Republic,CR1,3
Czech Republic,DV1,3
Czech Republic,DV2,1
Czech Republic,DV3,2
Czech Republic,F41,1
Czech Republic,F42,1
Czech Republic,IR1,3
Denmark,CR1,1
Denmark,DV1,1
Denmark,DV3,1
Denmark,IR5,2
Djibouti,DV1,3
Djibouti,DV2,1
Djibouti,DV3,1
Djibouti,IR2,2
Dominica,CR1,1
Dominica,F11,2
Dominica,F12,2
Dominica,F21,1
Dominica,F22,1
Dominica,F41,4
Dominica,F42,1
Dominica,F43,7
Dominica,FX2,1
Dominica,IR1,1
Dominica,IR2,3
Dominica,IR5,6
Dominican Republic,CR1,329
Dominican Republic,CR2,111
Dominican Republic,F11,180
Dominican Republic,F12,216
Dominican Republic,F21,123
Dominican Republic,F22,61
Dominican Republic,F23,98
Dominican Republic,F24,472
Dominican Republic,F25,587
Dominican Republic,F31,14
Dominican Republic,F32,13
Dominican Republic,F33,18
Dominican Republic,F41,67
Dominican Republic,F42,29
Dominican Republic,F43,73
Dominican Republic,FX1,472
Dominican Republic,FX2,263
Dominican Republic,FX3,362
Dominican Republic,IB2,1
Dominican Republic,IB3,3
Dominican Republic,IH3,1
Dominican Republic,IR1,295
Dominican Republic,IR2,389
Dominican Republic,IR5,449
Dominican Republic,IW1,7
Dominican Republic,IW2,3
Dominican Republic,SB1,7
Ecuador,CR1,53
Ecuador,CR2,18
Ecuador,DV1,9
Ecuador,DV2,5
Ecuador,DV3,10
Ecuador,F11,21
Ecuador,F12,13
Ecuador,F21,24
Ecuador,F22,14
Ecuador,F23,15
Ecuador,F24,35
Ecuador,F25,32
Ecuador,F31,10
Ecuador,F32,8
Ecuador,F33,23
Ecuador,F41,16
Ecuador,F42,9
Ecuador,F43,21
Ecuador,FX1,23
Ecuador,FX2,14
Ecuador,FX3,19
Ecuador,IH3,1
Ecuador,IR1,206
Ecuador,IR2,51
Ecuador,IR5,148
Egypt,CR1,33
Egypt,DV1,131
Egypt,DV2,84
Egypt,DV3,134
Egypt,E11,2
Egypt,E14,2
Egypt,E15,5
Egypt,E21,1
Egypt,E22,1
Egypt,E23,3
Egypt,E31,1
Egypt,F11,4
Egypt,F12,2
Egypt,F21,4
Egypt,F24,4
Egypt,F31,2
Egypt,F32,2
Egypt,F33,4
Egypt,F41,6
Egypt,F42,5
Egypt,F43,12
Egypt,FX1,7
Egypt,FX2,9
Egypt,FX3,1
Egypt,IR1,45
Egypt,IR2,48
Egypt,IR5,54
Egypt,SB1,3
El Salvador,B22,1
El Salvador,CR1,73
El Salvador,CR2,32
El Salvador,E31,1
El Salvador,E35,2
El Salvador,EW3,2
El Salvador,EW4,2
El Salvador,EW5,1
El Salvador,F11,38
El Salvador,F12,28
El Salvador,F21,45
El Salvador,F22,31
El Salvador,F23,20
El Salvador,F24,85
El Salvador,F25,43
El Salvador,F31,14
El Salvador,F32,8
El Salvador,F33,20
El Salvador,F41,22
El Salvador,F42,10
El Salvador,F43,18
El Salvador,FX1,80
El Salvador,FX2,33
El Salvador,FX3,30
El Salvador,IB2,2
El Salvador,IB3,1
El Salvador,IR1,342
El Salvador,IR2,143
El Salvador,IR5,137
El Salvador,IW1,1
El Salvador,IW2,2
Eritrea,CR1,10
Eritrea,DV1,7
Eritrea,DV2,6
Eritrea,DV3,9
Eritrea,F11,2
Eritrea,F12,1
Eritrea,F21,5
Eritrea,F22,2
Eritrea,F24,1
Eritrea,FX1,6
Eritrea,FX2,4
Eritrea,I51,1
Eritrea,IR1,9
Eritrea,IR2,7
Eritrea,IR5,15
Eritrea,SE1,1
Eritrea,SE2,1
Eritrea,SE3,1
Estonia,CR1,1
Estonia,DV2,1
Ethiopia,CR1,54
Ethiopia,CR2,2
Ethiopia,DV1,160
Ethiopia,DV2,40
Ethiopia,DV3,48
Ethiopia,F11,3
Ethiopia,F12,1
Ethiopia,F21,42
Ethiopia,F22,46
Ethiopia,F24,21
Ethiopia,F25,2
Ethiopia,F41,1
Ethiopia,F42,1
Ethiopia,FX1,24
Ethiopia,FX2,51
Ethiopia,FX3,7
Ethiopia,IR1,40
Ethiopia,IR2,67
Ethiopia,IR3,19
Ethiopia,IR5,120
Ethiopia,SE1,2
Ethiopia,SE2,1
Ethiopia,SE3,2
Fiji,CR1,8
Fiji,DV1,8
Fiji,DV2,3
Fiji,DV3,5
Fiji,F11,3
Fiji,F12,5
Fiji,F21,2
Fiji,F31,4
Fiji,F32,4
Fiji,F33,8
Fiji,F41,6
Fiji,F42,7
Fiji,F43,4
Fiji,FX1,1
Fiji,FX2,2
Fiji,IR1,2
Fiji,IR2,2
Fiji,IR5,4
Finland,CR1,1
Finland,DV1,1
Finland,DV2,1
Finland,I52,1
Finland,IR1,2
France,CR1,5
France,CR2,3
France,DV1,10
France,DV2,5
France,DV3,4
France,E11,2
France,E14,1
France,E15,2
France,E35,1
France,F11,1
France,F21,2
France,FX1,1
France,I51,2
France,I52,1
France,I53,2
France,IR1,10
France,IR2,10
France,IR5,3
France,SB1,1
French Polynesia,IR1,1
French Polynesia,IR2,1
Gabon,IR2,2
"Gambia, The",CR1,3
"Gambia, The",DV1,3
"Gambia, The",F22,5
"Gambia, The",FX2,2
"Gambia, The",FX3,1
"Gambia, The",IR1,5
"Gambia, The",IR2,10
"Gambia, The",IR5,10
Georgia,CR1,5
Georgia,CR2,2
Georgia,DV1,25
Georgia,DV2,14
Georgia,DV3,20
Georgia,F21,4
Georgia,F22,1
Georgia,F23,1
Georgia,F24,1
Georgia,F25,1
Georgia,F31,1
Georgia,F32,1
Georgia,F33,2
Georgia,FX2,1
Georgia,IR1,5
Georgia,IR2,7
Georgia,IR5,23
Georgia,SE1,1
Georgia,SE2,1
Georgia,SE3,3
Germany,CR1,25
Germany,CR2,2
Germany,DV1,13
Germany,DV2,6
Germany,DV3,4
Germany,E11,3
Germany,E14,1
Germany,E15,1
Germany,E21,1
Germany,E23,1
Germany,E31,1
Germany,E34,1
Germany,E35,2
Germany,F11,4
Germany,F24,2
Germany,F32,1
Germany,F33,7
Germany,F42,2
Germany,F43,2
Germany,FX1,2
Germany,IR1,27
Germany,IR2,4
Germany,IR5,5
Germany,SB1,1
Ghana,CR1,51
Ghana,CR2,8
Ghana,DV1,57
Ghana,DV2,14
Ghana,DV3,11
Ghana,F11,2
Ghana,F12,1
Ghana,F21,5
Ghana,F22,12
Ghana,F23,7
Ghana,F24,1
Ghana,F32,1
Ghana,F41,4
Ghana,F43,4
Ghana,FX1,14
Ghana,FX2,25
Ghana,FX3,14
Ghana,IB3,1
Ghana,IR1,76
Ghana,IR2,105
Ghana,IR5,120
Ghana,SD1,1
Ghana,SD2,1
Ghana,SE1,4
Ghana,SE2,4
Ghana,SE3,7
Great Britain and Northern Ireland,CR1,50
Great Britain and Northern Ireland,CR2,6
Great Britain and Northern Ireland,E11,12
Great Britain and Northern Ireland,E14,5
Great Britain and Northern Ireland,E15,10
Great Britain and Northern Ireland,E22,1
Great Britain and Northern Ireland,E23,2
Great Britain and Northern Ireland,E31,8
Great Britain and Northern Ireland,E32,1
Great Britain and Northern Ireland,E34,3
Great Britain and Northern Ireland,E35,17
Great Britain and Northern Ireland,EW5,1
Great Britain and Northern Ireland,F11,3
Great Britain and Northern Ireland,F12,5
Great Britain and Northern Ireland,F22,1
Great Britain and Northern Ireland,F25,1
Great Britain and Northern Ireland,F32,1
Great Britain and Northern Ireland,F33,3
Great Britain and Northern Ireland,F41,2
Great Britain and Northern Ireland,F42,1
Great Britain and Northern Ireland,F43,8
Great Britain and Northern Ireland,FX1,2
Great Britain and Northern Ireland,FX2,1
Great Britain and Northern Ireland,FX3,1
Great Britain and Northern Ireland,I51,2
Great Britain and Northern Ireland,I53,2
Great Britain and Northern Ireland,IR1,44
Great Britain and Northern Ireland,IR2,14
Great Britain and Northern Ireland,IR5,12
Great Britain and Northern Ireland,SB1,2
Great Britain and Northern Ireland,SD3,1
Great Britain and Northern Ireland,SK3,1
Great Britain and Northern Ireland,SR1,1
Great Britain and Northern Ireland,SR2,1
Great Britain and Northern Ireland,SR3,2
Great Britain and Northern Ireland,T53,1
Greece,CR1,7
Greece,DV1,4
Greece,DV2,1
Greece,E21,1
Greece,EW3,1
Greece,F41,1
Greece,F43,5
Greece,IR1,7
Greece,IR2,10
Greece,IR5,1
Grenada,CR1,3
Grenada,CR2,1
Grenada,E31,2
Grenada,E34,2
Grenada,E35,1
Grenada,F11,2
Grenada,F22,1
Grenada,F31,1
Grenada,F32,1
Grenada,F33,2
Grenada,F43,1
Grenada,FX2,1
Grenada,IR1,1
Grenada,IR2,4
Grenada,IR3,2
Grenada,IR5,2
Guatemala,CR1,41
Guatemala,CR2,6
Guatemala,DV1,2
Guatemala,DV2,1
Guatemala,DV3,3
Guatemala,F11,29
Guatemala,F12,7
Guatemala,F21,10
Guatemala,F22,3
Guatemala,F23,6
Guatemala,F24,13
Guatemala,F25,18
Guatemala,F31,2
Guatemala,F32,1
Guatemala,F33,1
Guatemala,F41,8
Guatemala,F42,4
Guatemala,F43,5
Guatemala,FX1,46
Guatemala,FX2,24
Guatemala,FX3,18
Guatemala,IR1,453
Guatemala,IR2,90
Guatemala,IR5,106
Guatemala,IW1,1
Guatemala,IW2,3
Guinea,CR1,7
Guinea,DV1,5
Guinea,DV2,3
Guinea,DV3,2
Guinea,F11,2
Guinea,F22,2
Guinea,FX2,2
Guinea,FX3,1
Guinea,IR1,8
Guinea,IR2,31
Guinea,IR5,11
Guinea-Bissau,IR5,1
Guyana,CR1,11
Guyana,CR2,4
Guyana,E31,2
Guyana,F11,41
Guyana,F12,46
Guyana,F21,17
Guyana,F22,5
Guyana,F23,7
Guyana,F24,12
Guyana,F25,7
Guyana,F31,13
Guyana,F32,10
Guyana,F33,19
Guyana,F41,15
Guyana,F42,9
Guyana,F43,11
Guyana,FX1,21
Guyana,FX2,4
Guyana,FX3,11
Guyana,IR1,21
Guyana,IR2,28
Guyana,IR5,32
Guyana,IW1,1
Guyana,IW2,1
Haiti,CR1,65
Haiti,CR2,22
Haiti,F11,62
Haiti,F12,72
Haiti,F21,30
Haiti,F22,33
Haiti,F23,13
Haiti,F24,75
Haiti,F25,80
Haiti,F31,5
Haiti,F32,6
Haiti,F33,15
Haiti,F41,18
Haiti,F42,5
Haiti,F43,36
Haiti,FX1,75
Haiti,FX2,83
Haiti,FX3,67
Haiti,IB3,3
Haiti,IH3,9
Haiti,IR1,103
Haiti,IR2,187
Haiti,IR3,1
Haiti,IR5,207
Haiti,SB1,3
Haiti,SE1,2
Haiti,SE3,2
Honduras,CR1,22
Honduras,CR2,4
Honduras,DV1,3
Honduras,DV2,2
Honduras,DV3,3
Honduras,F11,28
Honduras,F12,23
Honduras,F21,2
Honduras,F22,2
Honduras,F23,1
Honduras,F24,8
Honduras,F25,9
Honduras,F31,3
Honduras,F32,3
Honduras,F33,4
Honduras,F41,7
Honduras,F43,16
Honduras,FX1,32
Honduras,FX2,29
Honduras,FX3,25
Honduras,IB3,2
Honduras,IR1,211
Honduras,IR2,86
Honduras,IR5,28
Hong Kong S.A.R.,CR1,3
Hong Kong S.A.R.,DV1,1
Hong Kong S.A.R.,E31,1
Hong Kong S.A.R.,F12,1
Hong Kong S.A.R.,F24,1
Hong Kong S.A.R.,F31,2
Hong Kong S.A.R.,F32,1
Hong Kong S.A.R.,F33,3
Hong Kong S.A.R.,F41,15
Hong Kong S.A.R.,F42,13
Hong Kong S.A.R.,F43,21
Hong Kong S.A.R.,FX1,2
Hong Kong S.A.R.,FX3,3
Hong Kong S.A.R.,I51,5
Hong Kong S.A.R.,I52,3
Hong Kong S.A.R.,I53,6
Hong Kong S.A.R.,IR1,6
Hong Kong S.A.R.,IR2,1
Hong Kong S.A.R.,IR5,2
Hungary,CR1,4
Hungary,DV1,7
Hungary,DV2,5
Hungary,DV3,9
Hungary,E13,1
Hungary,E14,2
Hungary,E15,2
Hungary,F11,2
Hungary,FX1,1
Hungary,IH3,1
Hungary,IR1,5
Hungary,IR2,1
Hungary,IR5,2
Iceland,CR1,1
Iceland,E11,1
Iceland,E14,1
Iceland,E35,1
India,CR1,359
India,CR2,6
India,E13,1
India,E14,3
India,E15,2
India,E21,1
India,E22,4
India,E23,3
India,E31,29
India,E34,40
India,E35,44
India,EW3,1
India,F11,20
India,F12,13
India,F21,123
India,F22,5
India,F23,15
India,F24,28
India,F31,55
India,F32,54
India,F33,80
India,F41,287
India,F42,264
India,F43,380
India,FX1,61
India,FX2,10
India,FX3,17
India,I51,16
India,I52,12
India,I53,17
India,IB1,1
India,IH3,30
India,IR1,86
India,IR2,34
India,IR5,654
India,IW1,1
India,SB1,8
India,SD1,1
India,SD2,5
India,SD3,12
India,SE1,5
India,SE2,3
India,SE3,11
India,SR2,2
India,T53,1
Indonesia,CR1,3
Indonesia,E15,1
Indonesia,F11,1
Indonesia,F21,1
Indonesia,F24,1
Indonesia,F41,1
Indonesia,F42,1
Indonesia,FX1,1
Indonesia,FX2,3
Indonesia,IR1,7
Indonesia,IR2,4
Indonesia,IR5,11
Indonesia,T51,1
Iran,CR1,3
Iran,DV1,5
Iran,DV2,2
Iran,E21,1
Iran,E22,1
Iran,E23,1
Iran,F11,5
Iran,F31,2
Iran,F32,2
Iran,F33,2
Iran,F41,6
Iran,F42,1
Iran,F43,1
Iran,FX1,2
Iran,FX2,1
Iran,I51,1
Iran,I52,1
Iran,I53,3
Iran,IR1,2
Iran,IR5,16
Iraq,CR1,20
Iraq,CR2,1
Iraq,DV1,4
Iraq,DV2,3
Iraq,DV3,5
Iraq,F11,2
Iraq,F21,8
Iraq,F24,2
Iraq,F41,1
Iraq,F42,1
Iraq,FX1,16
Iraq,FX2,1
Iraq,FX3,1
Iraq,IR1,16
Iraq,IR2,2
Iraq,IR5,40
Iraq,SQ1,7
Iraq,SQ2,4
Iraq,SQ3,18
Ireland,CR1,1
Ireland,DV1,2
Ireland,DV2,2
Ireland,E11,2
Ireland,E32,1
Ireland,FX2,2
Ireland,IR1,6
Ireland,IW1,1
Ireland,SB1,1
Israel,CR1,8
Israel,CR2,1
Israel,E11,1
Israel,E14,2
Israel,E21,2
Israel,E22,1
Israel,EW5,2
Israel,F11,4
Israel,F12,2
Israel,F21,1
Israel,F22,1
Israel,F23,2
Israel,F24,1
Israel,F41,1
Israel,F42,1
Israel,F43,1
Israel,FX1,1
Israel,FX2,4
Israel,FX3,2
Israel,I51,1
Israel,I53,2
Israel,IR1,16
Israel,IR2,13
Israel,IR5,17
Italy,CR1,13
Italy,DV1,5
Italy,DV2,1
Italy,DV3,3
Italy,E11,3
Italy,E13,1
Italy,E14,1
Italy,E21,1
Italy,E31,1
Italy,F11,1
Italy,F12,1
Italy,F23,1
Italy,F25,3
Italy,F33,1
Italy,F43,5
Italy,FX1,1
Italy,FX2,3
Italy,IR1,13
Italy,IR2,5
Italy,IR5,4
Italy,IW1,1
Italy,IW2,1
Jamaica,CR1,64
Jamaica,CR2,26
Jamaica,E31,9
Jamaica,E34,4
Jamaica,E35,14
Jamaica,EW3,1
Jamaica,EW4,2
Jamaica,EW5,5
Jamaica,F11,98
Jamaica,F12,89
Jamaica,F21,19
Jamaica,F22,55
Jamaica,F23,18
Jamaica,F24,16
Jamaica,F25,11
Jamaica,F31,16
Jamaica,F32,11
Jamaica,F33,20
Jamaica,F41,26
Jamaica,F42,6
Jamaica,F43,17
Jamaica,FX1,17
Jamaica,FX2,41
Jamaica,FX3,12
Jamaica,IB3,4
Jamaica,IR1,69
Jamaica,IR2,196
Jamaica,IR4,2
Jamaica,IR5,161
Jamaica,SB1,2
Jamaica,SE1,3
Jamaica,SE2,3
Jamaica,SE3,1
Japan,CR1,30
Japan,CR2,2
Japan,DV1,3
Japan,E21,2
Japan,E31,4
Japan,E34,4
Japan,EW3,2
Japan,F21,2
Japan,F24,1
Japan,F43,2
Japan,FX1,4
Japan,IR1,46
Japan,IR2,6
Japan,IR5,5
Japan,SB1,2
Japan,SD1,1
Japan,T51,1
Japan,T52,1
Japan,T53,1
Jordan,CR1,53
Jordan,DV1,6
Jordan,DV2,3
Jordan,DV3,6
Jordan,E21,1
Jordan,E31,1
Jordan,E34,1
Jordan,F11,5
Jordan,F12,3
Jordan,F21,1
Jordan,F22,10
Jordan,F23,3
Jordan,F24,3
Jordan,F31,3
Jordan,F32,4
Jordan,F33,16
Jordan,F41,10
Jordan,F42,7
Jordan,F43,20
Jordan,FX1,10
Jordan,FX2,8
Jordan,FX3,5
Jordan,I53,1
Jordan,IR1,37
Jordan,IR2,18
Jordan,IR5,33
Jordan,SB1,2
Kazakhstan,CR1,1
Kazakhstan,DV1,21
Kazakhstan,DV2,13
Kazakhstan,DV3,15
Kazakhstan,E11,2
Kazakhstan,F11,1
Kazakhstan,F31,2
Kazakhstan,F32,2
Kazakhstan,F33,3
Kazakhstan,IR1,4
Kazakhstan,IR2,1
Kazakhstan,IR5,12
Kenya,CR1,24
Kenya,CR2,2
Kenya,DV1,70
Kenya,DV2,9
Kenya,DV3,20
Kenya,E31,8
Kenya,E34,5
Kenya,E35,10
Kenya,F11,8
Kenya,F12,1
Kenya,F21,2
Kenya,F22,6
Kenya,F24,1
Kenya,F31,1
Kenya,F32,1
Kenya,F33,5
Kenya,F41,2
Kenya,F42,1
Kenya,F43,4
Kenya,FX1,11
Kenya,FX2,15
Kenya,FX3,1
Kenya,IB1,1
Kenya,IR1,12
Kenya,IR2,49
Kenya,IR5,50
Kenya,SB1,1
Kenya,SR1,1
Kenya,SR3,3
"Korea, North",IR5,2
"Korea, South",CR1,36
"Korea, South",CR2,1
"Korea, South",E11,4
"Korea, South",E14,3
"Korea, South",E15,8
"Korea, South",E21,21
"Korea, South",E22,16
"Korea, South",E23,34
"Korea, South",E31,18
"Korea, South",E34,10
"Korea, South",E35,12
"Korea, South",EW3,2
"Korea, South",EW4,3
"Korea, South",EW5,7
"Korea, South",F11,12
"Korea, South",F21,3
"Korea, South",F22,5
"Korea, South",F24,7
"Korea, South",F25,1
"Korea, South",F31,4
"Korea, South",F32,5
"Korea, South",F33,6
"Korea, South",F41,15
"Korea, South",F42,10
"Korea, South",F43,22
"Korea, South",FX1,6
"Korea, South",FX2,4
"Korea, South",FX3,4
"Korea, South",I51,6
"Korea, South",I52,3
"Korea, South",I53,8
"Korea, South",IR1,49
"Korea, South",IR2,5
"Korea, South",IR3,11
"Korea, South",IR5,38
"Korea, South",SB1,2
"Korea, South",SR1,1
"Korea, South",SR2,1
"Korea, South",SR3,1
Kosovo,CR1,6
Kosovo,DV1,9
Kosovo,DV2,5
Kosovo,DV3,4
Kosovo,F11,1
Kosovo,F31,3
Kosovo,F32,3
Kosovo,F33,5
Kosovo,FX1,3
Kosovo,FX2,1
Kosovo,IR1,4
Kosovo,IR2,5
Kosovo,IR5,7
Kosovo,SE3,1
Kuwait,CR1,1
Kuwait,DV1,1
Kuwait,DV2,1
Kuwait,DV3,1
Kuwait,E35,1
Kuwait,F24,3
Kuwait,F31,3
Kuwait,F33,1
Kuwait,F41,3
Kuwait,F42,1
Kuwait,F43,1
Kuwait,FX1,1
Kuwait,FX2,2
Kuwait,IR1,3
Kuwait,IR5,2
Kuwait,SE1,1
Kyrgyzstan,CR1,2
Kyrgyzstan,DV1,15
Kyrgyzstan,DV2,7
Kyrgyzstan,DV3,12
Kyrgyzstan,F22,1
Kyrgyzstan,F41,2
Kyrgyzstan,IR1,1
Kyrgyzstan,IR2,2
Kyrgyzstan,IR5,8
Laos,F11,1
Laos,F21,1
Laos,F22,2
Laos,F31,1
Laos,F41,1
Laos,F43,2
Laos,FX2,1
Laos,IR1,4
Laos,IR2,3
Laos,IR5,9
Laos,SB1,1
Latvia,CR1,2
Latvia,CR2,1
Latvia,DV1,2
Latvia,E11,1
Latvia,E31,1
Latvia,E34,1
Latvia,E35,2
Latvia,F11,1
Latvia,F21,1
Latvia,IH3,6
Latvia,IR5,3
Lebanon,CR1,7
Lebanon,DV1,1
Lebanon,E14,1
Lebanon,E31,3
Lebanon,E34,1
Lebanon,E35,2
Lebanon,F11,7
Lebanon,F12,2
Lebanon,F21,2
Lebanon,F22,2
Lebanon,F23,1
Lebanon,F24,4
Lebanon,F31,6
Lebanon,F32,5
Lebanon,F33,17
Lebanon,F41,13
Lebanon,F42,12
Lebanon,F43,32
Lebanon,FX1,5
Lebanon,FX3,3
Lebanon,I51,1
Lebanon,IR1,13
Lebanon,IR2,6
Lebanon,IR5,24
Lebanon,SB1,3
Lebanon,SE1,1
Lebanon,SU2,1
Lesotho,E11,1
Liberia,CR1,9
Liberia,CR2,1
Liberia,DV1,52
Liberia,DV2,23
Liberia,DV3,38
Liberia,F11,6
Liberia,F12,5
Liberia,F21,3
Liberia,F22,9
Liberia,F24,2
Liberia,F25,1
Liberia,FX1,2
Liberia,FX2,12
Liberia,IB1,1
Liberia,IB3,2
Liberia,IR1,6
Liberia,IR2,23
Liberia,IR3,6
Liberia,IR5,31
Liberia,SB1,1
Libya,E11,1
Libya,F24,1
Libya,FX2,1
Libya,IR1,1
Lithuania,CR1,1
Lithuania,DV1,1
Lithuania,IH3,1
Lithuania,IR1,2
Lithuania,IR5,9
Macau,DV1,1
Macau,FX1,1
Macau,IR1,1
Macau,IR5,1
Macedonia,CR1,6
Macedonia,CR2,2
Macedonia,DV1,12
Macedonia,DV2,10
Macedonia,DV3,9
Macedonia,F11,1
Macedonia,F41,5
Macedonia,F42,5
Macedonia,F43,4
Macedonia,FX1,3
Macedonia,FX2,1
Macedonia,IR1,3
Macedonia,IR2,5
Macedonia,IR5,8
Malawi,IR1,1
Malawi,IR3,2
Malawi,IR5,1
Malawi,SE1,1
Malaysia,CR1,5
Malaysia,CR2,2
Malaysia,DV1,1
Malaysia,DV2,1
Malaysia,DV3,4
Malaysia,E21,1
Malaysia,E22,1
Malaysia,E31,1
Malaysia,E32,1
Malaysia,F11,2
Malaysia,F21,1
Malaysia,F41,4
Malaysia,F42,3
Malaysia,F43,2
Malaysia,FX1,2
Malaysia,FX3,1
Malaysia,IR1,1
Malaysia,IR2,1
Malaysia,IR5,11
Malaysia,T51,1
Mali,CR1,2
Mali,DV1,1
Mali,F11,1
Mali,F12,2
Mali,IR1,5
Mali,IR2,6
Mali,IR5,4
Malta,IR1,1
Marshall Islands,IR2,1
Mauritania,DV1,2
Mauritania,DV2,1
Mauritania,IR1,1
Mauritania,IR5,1
Mauritius,F11,1
Mauritius,I51,1
Mauritius,IR2,1
Mauritius,IR5,1
Mexico,CR1,346
Mexico,CR2,46
Mexico,E14,2
Mexico,E15,3
Mexico,E21,4
Mexico,E22,2
Mexico,E23,5
Mexico,E31,5
Mexico,E32,1
Mexico,E34,6
Mexico,E35,7
Mexico,EW3,7
Mexico,EW4,4
Mexico,EW5,7
Mexico,F11,71
Mexico,F12,58
Mexico,F24,48
Mexico,F25,45
Mexico,F31,19
Mexico,F32,15
Mexico,F33,29
Mexico,F41,72
Mexico,F42,47
Mexico,F43,75
Mexico,FX1,518
Mexico,FX2,645
Mexico,FX3,14
Mexico,IB1,1
Mexico,IR1,"2,754"
Mexico,IR2,613
Mexico,IR5,869
Mexico,IW1,11
Mexico,IW2,2
Mexico,SU3,5
"Micronesia, Federated States of",IR1,1
Moldova,CR1,5
Moldova,DV1,31
Moldova,DV2,24
Moldova,DV3,19
Moldova,E34,1
Moldova,F11,1
Moldova,F31,4
Moldova,F32,2
Moldova,F33,2
Moldova,FX1,4
Moldova,FX3,3
Moldova,IR2,1
Moldova,IR5,7
Moldova,SB1,2
Monaco,IR2,1
Mongolia,CR1,1
Mongolia,DV1,2
Mongolia,DV2,1
Mongolia,DV3,4
Mongolia,F21,1
Mongolia,F22,1
Mongolia,SB1,1
Montenegro,DV1,1
Montenegro,DV2,1
Montenegro,F21,1
Montenegro,F41,1
Montenegro,F43,1
Montenegro,FX1,1
Montenegro,IR1,1
Montenegro,IR5,5
Morocco,CR1,52
Morocco,DV1,41
Morocco,DV2,2
Morocco,DV3,1
Morocco,E31,1
Morocco,F11,2
Morocco,F21,5
Morocco,F22,2
Morocco,F41,8
Morocco,F42,2
Morocco,F43,3
Morocco,FX1,7
Morocco,FX2,5
Morocco,IR1,18
Morocco,IR2,8
Morocco,IR4,2
Morocco,IR5,29
Morocco,SB1,1
Morocco,SE1,1
Morocco,SE2,1
Morocco,SE3,3
Mozambique,CR1,1
Nepal,CR1,70
Nepal,CR2,3
Nepal,DV1,185
Nepal,DV2,100
Nepal,DV3,85
Nepal,E11,4
Nepal,E13,1
Nepal,E14,5
Nepal,E15,5
Nepal,E21,1
Nepal,E22,1
Nepal,E23,2
Nepal,E31,2
Nepal,E34,2
Nepal,EW4,1
Nepal,EW5,2
Nepal,F11,1
Nepal,F21,39
Nepal,F22,8
Nepal,F24,3
Nepal,F41,4
Nepal,F42,4
Nepal,F43,4
Nepal,FX1,17
Nepal,FX2,10
Nepal,IR1,9
Nepal,IR2,6
Nepal,IR5,56
Nepal,SD2,1
Nepal,SD3,1
Nepal,SE1,2
Nepal,SE2,2
Nepal,SE3,2
Netherlands,CR1,1
Netherlands,E11,1
Netherlands,F11,1
Netherlands,F22,1
Netherlands,FX1,1
Netherlands,IR1,5
Netherlands,IR2,2
Netherlands,IR5,1
New Zealand,CR1,5
New Zealand,DV1,9
New Zealand,DV2,3
New Zealand,DV3,1
New Zealand,E11,1
New Zealand,E14,1
New Zealand,E31,1
New Zealand,FX1,1
New Zealand,IR1,8
New Zealand,IR5,1
Nicaragua,CR1,15
Nicaragua,CR2,3
Nicaragua,F11,13
Nicaragua,F12,12
Nicaragua,F21,2
Nicaragua,F22,1
Nicaragua,F24,2
Nicaragua,F31,2
Nicaragua,F33,1
Nicaragua,F41,1
Nicaragua,FX1,10
Nicaragua,FX2,5
Nicaragua,FX3,5
Nicaragua,IR1,74
Nicaragua,IR2,21
Nicaragua,IR5,15
Nicaragua,SE1,1
Niger,CR1,2
Niger,FX2,1
Niger,IR1,1
Niger,IR2,6
Niger,IR5,1
Nigeria,CR1,104
Nigeria,CR2,8
Nigeria,E21,2
Nigeria,E22,2
Nigeria,E23,5
Nigeria,E31,7
Nigeria,E34,7
Nigeria,E35,7
Nigeria,F11,22
Nigeria,F12,20
Nigeria,F21,6
Nigeria,F22,6
Nigeria,F24,8
Nigeria,F31,4
Nigeria,F32,4
Nigeria,F33,9
Nigeria,F41,20
Nigeria,F42,14
Nigeria,F43,38
Nigeria,FX1,15
Nigeria,FX2,12
Nigeria,FX3,15
Nigeria,I51,3
Nigeria,I52,2
Nigeria,I53,7
Nigeria,IR1,80
Nigeria,IR2,134
Nigeria,IR3,16
Nigeria,IR5,127
Nigeria,R51,1
Nigeria,R52,1
Nigeria,R53,3
Nigeria,SB1,9
Nigeria,SE1,2
Nigeria,SE2,2
Nigeria,SE3,7
Norway,DV1,1
Norway,DV2,1
Norway,DV3,2
Norway,E11,1
Norway,F12,2
Norway,FX2,1
Norway,IR1,2
Oman,CR2,1
Pakistan,CR1,132
Pakistan,CR2,7
Pakistan,E21,2
Pakistan,E22,2
Pakistan,E23,4
Pakistan,E31,1
Pakistan,E34,2
Pakistan,E35,2
Pakistan,EW3,1
Pakistan,EW4,1
Pakistan,EW5,2
Pakistan,F11,5
Pakistan,F12,6
Pakistan,F21,49
Pakistan,F22,15
Pakistan,F23,11
Pakistan,F24,13
Pakistan,F31,11
Pakistan,F32,11
Pakistan,F33,25
Pakistan,F41,79
Pakistan,F42,62
Pakistan,F43,174
Pakistan,FX1,19
Pakistan,FX2,16
Pakistan,FX3,7
Pakistan,I51,1
Pakistan,I52,1
Pakistan,I53,2
Pakistan,IR1,56
Pakistan,IR2,42
Pakistan,IR4,2
Pakistan,IR5,168
Pakistan,SB1,5
Pakistan,SE1,9
Pakistan,SE2,6
Pakistan,SE3,17
Panama,CR1,3
Panama,CR2,4
Panama,F11,4
Panama,F12,4
Panama,F22,1
Panama,F24,1
Panama,F25,2
Panama,F31,1
Panama,F41,1
Panama,F42,1
Panama,F43,3
Panama,FX2,4
Panama,IB2,1
Panama,IR1,4
Panama,IR2,8
Panama,IR5,3
Paraguay,CR1,2
Paraguay,F12,1
Paraguay,IR1,1
Paraguay,IR2,1
Peru,CR1,41
Peru,CR2,7
Peru,E22,1
Peru,E34,1
Peru,E35,2
Peru,EW3,1
Peru,EW5,2
Peru,F11,29
Peru,F12,12
Peru,F21,9
Peru,F22,6
Peru,F23,9
Peru,F24,26
Peru,F25,23
Peru,F31,5
Peru,F32,4
Peru,F33,5
Peru,F41,28
Peru,F42,17
Peru,F43,31
Peru,FX1,23
Peru,FX2,11
Peru,FX3,9
Peru,IH3,2
Peru,IR1,56
Peru,IR2,46
Peru,IR5,106
Peru,IW1,2
Peru,IW2,1
Peru,SB1,5
Philippines,CR1,140
Philippines,CR2,31
Philippines,E21,7
Philippines,E22,5
Philippines,E23,7
Philippines,E31,110
Philippines,E32,36
Philippines,E34,85
Philippines,E35,108
Philippines,EW3,30
Philippines,EW4,10
Philippines,EW5,15
Philippines,F11,53
Philippines,F12,54
Philippines,F21,79
Philippines,F22,59
Philippines,F23,38
Philippines,F24,120
Philippines,F25,119
Philippines,F31,31
Philippines,F32,24
Philippines,F33,64
Philippines,F41,190
Philippines,F42,92
Philippines,F43,123
Philippines,FX1,94
Philippines,FX2,86
Philippines,FX3,80
Philippines,IH4,9
Philippines,IR1,149
Philippines,IR2,216
Philippines,IR5,397
Philippines,IW1,11
Philippines,IW2,1
Philippines,SB1,9
Philippines,SE2,1
Philippines,SE3,2
Poland,CR1,4
Poland,DV1,8
Poland,DV2,5
Poland,DV3,1
Poland,E11,1
Poland,E31,2
Poland,E32,2
Poland,E34,1
Poland,E35,1
Poland,EW3,3
Poland,EW4,3
Poland,EW5,2
Poland,F11,6
Poland,F12,2
Poland,F21,1
Poland,F22,1
Poland,F24,3
Poland,F31,7
Poland,F32,5
Poland,F33,4
Poland,F41,2
Poland,F42,3
Poland,F43,2
Poland,FX1,3
Poland,FX2,1
Poland,FX3,1
Poland,IH3,1
Poland,IR1,10
Poland,IR2,10
Poland,IR5,9
Poland,SB1,2
Poland,SD1,1
Portugal,CR1,4
Portugal,DV1,1
Portugal,DV3,2
Portugal,E14,1
Portugal,FX1,1
Portugal,I51,1
Portugal,IR1,1
Portugal,IR5,2
Qatar,CR1,1
Qatar,DV3,2
Qatar,E31,1
Qatar,F22,1
Qatar,I51,1
Qatar,I52,1
Qatar,I53,1
Qatar,IR1,1
Qatar,IR2,2
Qatar,SB1,1
Romania,CR1,14
Romania,CR2,3
Romania,DV1,7
Romania,DV2,5
Romania,DV3,5
Romania,E11,1
Romania,E32,1
Romania,E35,1
Romania,EW3,1
Romania,F11,1
Romania,F24,1
Romania,F31,2
Romania,F32,2
Romania,F33,1
Romania,F41,3
Romania,F42,1
Romania,F43,2
Romania,FX1,4
Romania,FX2,2
Romania,I52,1
Romania,IR1,9
Romania,IR2,1
Romania,IR5,10
Romania,SB1,1
Russia,CR1,17
Russia,CR2,3
Russia,DV1,100
Russia,DV2,59
Russia,DV3,55
Russia,E11,4
Russia,E14,3
Russia,E15,3
Russia,E21,1
Russia,E22,2
Russia,E23,4
Russia,E32,1
Russia,E34,2
Russia,E35,2
Russia,F11,5
Russia,F12,2
Russia,F21,3
Russia,F22,2
Russia,F31,3
Russia,F32,3
Russia,F33,7
Russia,F41,4
Russia,F42,5
Russia,F43,9
Russia,FX1,6
Russia,FX2,5
Russia,I51,5
Russia,I52,3
Russia,I53,5
Russia,IR1,8
Russia,IR2,12
Russia,IR5,102
Russia,SB1,1
Russia,SD2,1
Russia,SD3,4
Russia,SE1,3
Russia,SE2,1
Rwanda,DV1,11
Rwanda,DV2,8
Rwanda,DV3,17
Rwanda,F41,2
Rwanda,F42,1
Rwanda,IR1,1
Rwanda,IR2,2
Saint Kitts and Nevis,CR1,1
Saint Kitts and Nevis,F11,4
Saint Kitts and Nevis,F12,5
Saint Kitts and Nevis,F25,1
Saint Kitts and Nevis,FX2,1
Saint Kitts and Nevis,IR5,4
Saint Lucia,CR1,4
Saint Lucia,CR2,1
Saint Lucia,DV1,1
Saint Lucia,DV3,1
Saint Lucia,F11,3
Saint Lucia,F12,3
Saint Lucia,F33,1
Saint Lucia,F41,3
Saint Lucia,F42,1
Saint Lucia,F43,4
Saint Lucia,FX1,1
Saint Lucia,IR1,3
Saint Lucia,IR2,7
Saint Lucia,IR5,9
Saint Vincent and the Grenadines,CR1,1
Saint Vincent and the Grenadines,IR1,4
Saint Vincent and the Grenadines,IR2,1
Saint Vincent and the Grenadines,IR5,4
Samoa,IR1,1
Samoa,IR5,2
Saudi Arabia,CR1,4
Saudi Arabia,DV1,9
Saudi Arabia,DV2,3
Saudi Arabia,DV3,11
Saudi Arabia,E35,4
Saudi Arabia,F11,1
Saudi Arabia,F21,4
Saudi Arabia,F22,2
Saudi Arabia,F24,1
Saudi Arabia,F31,1
Saudi Arabia,F32,2
Saudi Arabia,F33,2
Saudi Arabia,F43,8
Saudi Arabia,FX1,1
Saudi Arabia,FX2,7
Saudi Arabia,IR1,10
Saudi Arabia,IR2,5
Saudi Arabia,IR5,3
Senegal,CR1,8
Senegal,DV1,5
Senegal,DV3,1
Senegal,F11,2
Senegal,F24,1
Senegal,FX1,2
Senegal,FX2,2
Senegal,IR1,6
Senegal,IR2,28
Senegal,IR5,8
Senegal,SE1,2
Senegal,SE2,2
Senegal,SE3,5
Serbia,CR1,5
Serbia,CR2,1
Serbia,DV1,7
Serbia,DV2,8
Serbia,DV3,2
Serbia,E11,1
Serbia,F11,2
Serbia,F21,1
Serbia,F24,1
Serbia,F31,2
Serbia,F32,1
Serbia,F33,2
Serbia,FX2,1
Serbia,IH3,1
Serbia,IR1,2
Serbia,IR5,6
Sierra Leone,CR1,10
Sierra Leone,DV1,14
Sierra Leone,DV2,1
Sierra Leone,E31,1
Sierra Leone,F11,5
Sierra Leone,F12,1
Sierra Leone,F21,1
Sierra Leone,F22,8
Sierra Leone,F24,1
Sierra Leone,F41,3
Sierra Leone,F42,1
Sierra Leone,FX1,3
Sierra Leone,FX2,9
Sierra Leone,IR1,7
Sierra Leone,IR2,17
Sierra Leone,IR3,1
Sierra Leone,IR5,27
Singapore,CR1,2
Singapore,E11,1
Singapore,E15,1
Singapore,E35,1
Singapore,F43,5
Singapore,FX1,1
Singapore,IR1,6
Singapore,IR2,2
Singapore,IR5,8
Singapore,T52,1
Sint Maarten,CR2,2
Sint Maarten,F22,1
Slovakia,CR1,1
Slovakia,DV1,3
Slovakia,DV2,1
Slovakia,F31,1
Slovakia,F32,1
Slovakia,F33,2
Slovakia,FX1,1
Slovakia,IR1,1
Slovakia,IR5,4
Slovenia,IR1,1
Somalia,CR1,4
Somalia,F11,3
Somalia,FX1,1
Somalia,FX2,8
Somalia,IR1,2
Somalia,IR2,4
Somalia,IR5,2
Somalia,SB1,1
South Africa,CR1,5
South Africa,CR2,1
South Africa,DV1,7
South Africa,DV2,6
South Africa,DV3,7
South Africa,E11,1
South Africa,E21,1
South Africa,E22,1
South Africa,E23,6
South Africa,E31,3
South Africa,E34,1
South Africa,E35,2
South Africa,EW3,1
South Africa,F11,1
South Africa,F21,1
South Africa,FX1,1
South Africa,FX2,1
South Africa,I51,3
South Africa,I52,2
South Africa,I53,4
South Africa,IH3,3
South Africa,IR1,8
South Africa,IR2,1
South Africa,IR5,12
South Sudan,F21,1
South Sudan,IR1,6
South Sudan,IR2,1
South Sudan,IR5,2
Spain,CR1,8
Spain,DV1,3
Spain,DV2,1
Spain,DV3,1
Spain,E11,2
Spain,E14,2
Spain,E15,3
Spain,E21,1
Spain,E22,1
Spain,E31,1
Spain,E34,1
Spain,F11,1
Spain,F43,2
Spain,FX1,2
Spain,FX2,4
Spain,IR1,6
Spain,IR2,3
Spain,IR5,1
Spain,IW1,1
Spain,SB1,2
Sri Lanka,CR1,10
Sri Lanka,DV1,12
Sri Lanka,DV2,8
Sri Lanka,DV3,9
Sri Lanka,E32,1
Sri Lanka,E34,1
Sri Lanka,F11,1
Sri Lanka,F21,4
Sri Lanka,F24,1
Sri Lanka,F41,4
Sri Lanka,F42,2
Sri Lanka,F43,3
Sri Lanka,FX1,2
Sri Lanka,IR1,6
Sri Lanka,IR2,3
Sri Lanka,IR5,13
Sudan,CR1,5
Sudan,DV1,70
Sudan,DV2,31
Sudan,DV3,67
Sudan,F11,1
Sudan,F21,2
Sudan,FX1,1
Sudan,IR1,12
Sudan,IR2,6
Sudan,IR5,10
Sudan,IW1,1
Sudan,SB1,2
Suriname,CR1,1
Suriname,CR2,1
Suriname,F11,1
Suriname,I52,1
Suriname,IR1,1
Suriname,IR5,1
Sweden,CR1,8
Sweden,E15,1
Sweden,E21,1
Sweden,E22,1
Sweden,F12,1
Sweden,F32,1
Sweden,F33,2
Sweden,IR1,6
Sweden,IR2,2
Switzerland,CR1,2
Switzerland,F11,1
Switzerland,IR1,2
Syria,CR1,1
Syria,F11,2
Syria,F12,1
Syria,F24,1
Syria,F32,1
Syria,F41,10
Syria,F42,10
Syria,F43,14
Syria,FX1,3
Syria,FX2,2
Syria,FX3,1
Syria,IR1,4
Syria,IR2,2
Syria,IR5,19
Syria,SE1,2
Syria,SE2,3
Syria,SE3,6
Tajikistan,CR1,2
Tajikistan,DV1,21
Tajikistan,DV2,15
Tajikistan,DV3,19
Tajikistan,F11,1
Tajikistan,IR2,4
Tajikistan,IR5,7
Tanzania,CR1,1
Tanzania,DV1,2
Tanzania,DV2,1
Tanzania,DV3,3
Tanzania,E22,1
Tanzania,F11,1
Tanzania,F21,2
Tanzania,F22,3
Tanzania,F41,2
Tanzania,F42,3
Tanzania,F43,3
Tanzania,FX1,2
Tanzania,IR1,1
Tanzania,IR2,1
Tanzania,IR5,4
Thailand,CR1,34
Thailand,CR2,11
Thailand,DV1,2
Thailand,DV2,1
Thailand,E15,2
Thailand,E21,1
Thailand,E31,1
Thailand,E32,1
Thailand,E34,2
Thailand,EW3,2
Thailand,EW4,1
Thailand,F11,8
Thailand,F12,7
Thailand,F21,1
Thailand,F24,2
Thailand,F25,1
Thailand,F41,7
Thailand,F42,5
Thailand,F43,8
Thailand,FX1,1
Thailand,FX2,3
Thailand,FX3,1
Thailand,IH4,6
Thailand,IR1,23
Thailand,IR2,28
Thailand,IR5,13
Thailand,SE1,1
Timor-Leste,IR1,1
Togo,CR1,6
Togo,DV1,47
Togo,DV2,8
Togo,DV3,9
Togo,F21,2
Togo,FX1,8
Togo,FX2,8
Togo,IR1,4
Togo,IR2,16
Togo,IR5,20
Tonga,CR1,1
Tonga,CR2,2
Tonga,DV1,1
Tonga,DV2,1
Tonga,DV3,2
Tonga,F31,1
Tonga,F32,1
Tonga,F33,7
Tonga,IR5,2
Trinidad and Tobago,CR1,13
Trinidad and Tobago,DV1,1
Trinidad and Tobago,F11,11
Trinidad and Tobago,F12,4
Trinidad and Tobago,F21,4
Trinidad and Tobago,F23,1
Trinidad and Tobago,F24,1
Trinidad and Tobago,F25,1
Trinidad and Tobago,F31,4
Trinidad and Tobago,F32,4
Trinidad and Tobago,F33,9
Trinidad and Tobago,F41,9
Trinidad and Tobago,F42,6
Trinidad and Tobago,F43,6
Trinidad and Tobago,FX1,1
Trinidad and Tobago,IR1,8
Trinidad and Tobago,IR2,8
Trinidad and Tobago,IR5,30
Tunisia,CR1,7
Tunisia,CR2,2
Tunisia,DV1,2
Tunisia,E21,1
Tunisia,F24,1
Tunisia,FX1,1
Tunisia,IR1,4
Turkey,CR1,16
Turkey,CR2,2
Turkey,DV1,64
Turkey,DV2,34
Turkey,DV3,34
Turkey,E11,2
Turkey,E12,2
Turkey,E14,1
Turkey,E15,3
Turkey,E21,3
Turkey,E22,1
Turkey,E23,2
Turkey,EW3,1
Turkey,F22,1
Turkey,F41,1
Turkey,F42,1
Turkey,F43,3
Turkey,FX1,2
Turkey,FX2,1
Turkey,I51,3
Turkey,I52,2
Turkey,I53,2
Turkey,IR1,10
Turkey,IR2,1
Turkey,IR5,18
Turkey,SE1,2
Turkey,SE2,1
Turkmenistan,CR1,1
Turkmenistan,CR2,1
Turkmenistan,DV1,5
Turkmenistan,DV2,3
Turkmenistan,DV3,9
Turkmenistan,IR1,1
Turkmenistan,IR2,1
Turkmenistan,IR5,1
Turks and Caicos Islands,IR1,1
Uganda,CR1,8
Uganda,CR2,2
Uganda,DV1,10
Uganda,DV2,3
Uganda,DV3,4
Uganda,E11,1
Uganda,F11,1
Uganda,F22,1
Uganda,F41,2
Uganda,F42,2
Uganda,FX1,1
Uganda,FX2,1
Uganda,IR1,6
Uganda,IR2,14
Uganda,IR3,2
Uganda,IR5,9
Uganda,SB1,1
Uganda,SD1,1
Uganda,SD3,3
Ukraine,CR1,12
Ukraine,CR2,2
Ukraine,DV1,140
Ukraine,DV2,97
Ukraine,DV3,115
Ukraine,E21,1
Ukraine,E22,1
Ukraine,E31,1
Ukraine,EW4,1
Ukraine,EW5,1
Ukraine,F11,6
Ukraine,F12,4
Ukraine,F21,14
Ukraine,F22,13
Ukraine,F23,2
Ukraine,F24,4
Ukraine,F31,1
Ukraine,F32,2
Ukraine,F33,1
Ukraine,F41,3
Ukraine,F42,1
Ukraine,FX1,19
Ukraine,FX2,11
Ukraine,FX3,1
Ukraine,IR1,13
Ukraine,IR2,7
Ukraine,IR3,21
Ukraine,IR4,2
Ukraine,IR5,54
Ukraine,SB1,3
Ukraine,SD2,1
Ukraine,SD3,1
United Arab Emirates,CR1,1
United Arab Emirates,CR2,1
United Arab Emirates,E15,1
United Arab Emirates,E35,24
United Arab Emirates,F21,1
United Arab Emirates,F22,3
United Arab Emirates,F24,1
United Arab Emirates,F42,1
United Arab Emirates,F43,11
United Arab Emirates,FX1,1
United Arab Emirates,FX2,1
United Arab Emirates,FX3,6
United Arab Emirates,I53,3
United Arab Emirates,IR1,5
United Arab Emirates,IR2,6
Uruguay,CR1,2
Uruguay,F11,1
Uruguay,F21,1
Uruguay,F23,2
Uruguay,F24,1
Uruguay,F25,1
Uruguay,FX1,1
Uruguay,FX2,1
Uruguay,IR1,2
Uruguay,IR2,1
Uruguay,IR5,6
Uzbekistan,CR1,4
Uzbekistan,DV1,50
Uzbekistan,DV2,34
Uzbekistan,DV3,37
Uzbekistan,F11,4
Uzbekistan,F12,1
Uzbekistan,F21,4
Uzbekistan,F22,2
Uzbekistan,F24,1
Uzbekistan,F31,1
Uzbekistan,F32,1
Uzbekistan,F33,1
Uzbekistan,FX1,26
Uzbekistan,FX2,19
Uzbekistan,IR1,3
Uzbekistan,IR2,5
Uzbekistan,IR5,12
Venezuela,C51,1
Venezuela,C52,1
Venezuela,C53,1
Venezuela,CR1,8
Venezuela,CR2,1
Venezuela,DV1,27
Venezuela,DV2,19
Venezuela,DV3,19
Venezuela,E11,3
Venezuela,E14,4
Venezuela,E15,6
Venezuela,E21,3
Venezuela,E22,1
Venezuela,E23,1
Venezuela,E31,2
Venezuela,E32,2
Venezuela,E34,2
Venezuela,E35,2
Venezuela,F11,1
Venezuela,F21,1
Venezuela,F22,5
Venezuela,F23,1
Venezuela,F24,7
Venezuela,F25,5
Venezuela,F33,1
Venezuela,F41,6
Venezuela,F42,4
Venezuela,F43,11
Venezuela,FX1,2
Venezuela,FX2,3
Venezuela,I51,4
Venezuela,I52,3
Venezuela,I53,8
Venezuela,IR1,18
Venezuela,IR2,22
Venezuela,IR5,51
Vietnam,AM1,5
Vietnam,AM2,14
Vietnam,AM3,2
Vietnam,CR1,187
Vietnam,CR2,40
Vietnam,E21,1
Vietnam,E22,1
Vietnam,E31,1
Vietnam,E35,1
Vietnam,EW3,1
Vietnam,EW4,1
Vietnam,EW5,2
Vietnam,F11,45
Vietnam,F12,32
Vietnam,F21,26
Vietnam,F22,9
Vietnam,F23,16
Vietnam,F24,24
Vietnam,F25,5
Vietnam,F31,32
Vietnam,F32,27
Vietnam,F33,52
Vietnam,F41,126
Vietnam,F42,103
Vietnam,F43,170
Vietnam,FX1,85
Vietnam,FX2,37
Vietnam,FX3,51
Vietnam,IH3,1
Vietnam,IR1,84
Vietnam,IR2,52
Vietnam,IR5,399
Vietnam,SB1,1
Vietnam,SE1,3
Vietnam,SE2,3
Vietnam,SE3,4
Yemen,CR1,2
Yemen,F24,1
Yemen,F31,1
Yemen,F32,1
Yemen,F33,3
Yemen,F42,1
Yemen,F43,4
Yemen,FX1,3
Yemen,FX2,1
Yemen,FX3,6
Yemen,IR1,7
Yemen,IR2,7
Yemen,IW1,1
Zambia,DV1,1
Zambia,DV2,1
Zambia,EW4,1
Zambia,IR1,2
Zambia,IR2,1
Zambia,IR5,3
Zimbabwe,DV1,4
Zimbabwe,DV2,3
Zimbabwe,DV3,5
Zimbabwe,F11,2
Zimbabwe,F21,1
Zimbabwe,F22,1
Zimbabwe,F23,1
Zimbabwe,FX1,2
Zimbabwe,FX2,2
Zimbabwe,IR5,10
Grand Total,,"45,036"
