Foreign State,area,type,2008,2009,2010,2011,2012,2013,2014,2015,2016,2017,2018
Afghanistan,Asia,Diversity Immigrants,32,46,60,25,43,59,95,28,192,144,27
Afghanistan,Asia,Employment Preference,12,18,27,22,13,48,57,8,31,15,17
Afghanistan,Asia,Family Visas,793,924,681,621,654,728,1209,947,1183,1142,843
Afghanistan,Asia,Special Immigrants,817,680,111,121,237,1597,9283,6884,12298,16370,8144
Afghanistan,Asia,Total,1654,1668,879,789,947,2432,10644,7867,13704,17671,9031
Albania,Europe,Diversity Immigrants,2049,2021,1632,954,524,987,1567,1908,1502,2430,2702
Albania,Europe,Employment Preference,9,24,40,33,7,25,38,26,13,28,39
Albania,Europe,Family Visas,1746,1593,1840,1677,2022,1581,1673,2647,3157,2379,2072
Albania,Europe,Special Immigrants,5,0,1,7,5,6,4,7,13,7,5
Albania,Europe,Total,3809,3638,3513,2671,2558,2599,3282,4588,4685,4844,4818
Algeria,Africa,Diversity Immigrants,821,797,795,846,341,1055,971,1086,1271,992,1283
Algeria,Africa,Employment Preference,4,8,1,8,5,9,4,0,9,21,27
Algeria,Africa,Family Visas,223,281,260,335,396,359,410,500,581,566,683
Algeria,Africa,Special Immigrants,0,3,0,1,0,0,1,1,2,2,3
Algeria,Africa,Total,1048,1089,1056,1190,742,1423,1386,1587,1863,1581,1996
Andorra,Europe,Diversity Immigrants,0,0,0,0,0,0,0,2,0,0,
Andorra,Europe,Employment Preference,0,0,0,0,0,0,0,0,0,0,
Andorra,Europe,Family Visas,0,2,1,0,0,0,0,0,0,0,
Andorra,Europe,Special Immigrants,0,0,0,0,0,0,0,0,0,0,
Andorra,Europe,Total,0,2,1,0,0,0,0,2,0,0,
Angola,Africa,Diversity Immigrants,4,12,4,14,7,6,8,7,37,12,9
Angola,Africa,Employment Preference,3,1,1,0,0,0,4,0,2,1,
Angola,Africa,Family Visas,37,34,25,38,43,31,29,29,41,51,41
Angola,Africa,Special Immigrants,0,0,0,0,0,0,1,1,0,0,
Angola,Africa,Total,44,47,30,52,50,37,42,37,80,64,50
Anguilla,Europe,Diversity Immigrants,0,0,0,0,0,0,0,0,0,0,
Anguilla,Europe,Employment Preference,0,0,0,0,0,0,0,0,0,0,
Anguilla,Europe,Family Visas,9,7,9,18,5,12,9,7,10,13,11
Anguilla,Europe,Special Immigrants,0,0,0,0,0,0,0,0,0,0,
Anguilla,Europe,Total,9,7,9,18,5,12,9,7,10,13,11
Antigua and Barbuda,North America,Diversity Immigrants,0,1,6,1,0,6,6,4,0,1,
Antigua and Barbuda,North America,Employment Preference,0,0,1,1,1,0,0,0,4,5,9
Antigua and Barbuda,North America,Family Visas,212,201,162,164,176,177,152,149,183,181,170
Antigua and Barbuda,North America,Special Immigrants,0,0,1,0,0,0,0,0,1,0,2
Antigua and Barbuda,North America,Total,212,202,170,166,177,183,158,153,188,187,181
Argentina,South America,Diversity Immigrants,40,53,61,37,29,21,58,42,22,30,23
Argentina,South America,Employment Preference,43,40,41,55,24,28,47,37,77,60,116
Argentina,South America,Family Visas,336,291,286,344,445,424,373,535,572,381,474
Argentina,South America,Special Immigrants,3,1,4,2,5,8,10,10,7,7,6
Argentina,South America,Total,422,385,392,438,503,481,488,624,678,478,619
Armenia,Europe,Diversity Immigrants,813,936,980,990,627,893,1268,1544,992,1559,1557
Armenia,Europe,Employment Preference,15,21,34,30,20,13,31,29,3,65,68
Armenia,Europe,Family Visas,389,544,556,589,764,868,695,838,1405,1042,1212
Armenia,Europe,Special Immigrants,1,2,3,2,3,1,3,3,2,4,9
Armenia,Europe,Total,1218,1503,1573,1611,1414,1775,1997,2414,2402,2670,2846
Aruba,Europe,Diversity Immigrants,6,4,0,1,1,0,0,0,0,0,
Aruba,Europe,Employment Preference,0,0,0,0,0,0,0,0,0,0,2
Aruba,Europe,Family Visas,3,4,7,9,17,8,12,7,3,14,8
Aruba,Europe,Special Immigrants,0,0,0,0,0,0,1,0,0,0,
Aruba,Europe,Total,9,8,7,10,18,8,13,7,3,14,10
Australia,Oceania,Diversity Immigrants,205,173,238,239,246,355,328,400,246,337,423
Australia,Oceania,Employment Preference,33,26,42,22,42,37,38,40,50,50,86
Australia,Oceania,Family Visas,440,401,404,456,367,391,336,489,506,347,359
Australia,Oceania,Special Immigrants,6,2,5,8,9,6,2,5,3,8,6
Australia,Oceania,Total,684,602,689,725,664,789,704,934,805,742,874
Austria,Europe,Diversity Immigrants,25,43,51,60,31,37,23,47,8,34,9
Austria,Europe,Employment Preference,9,4,8,15,1,8,6,12,7,7,11
Austria,Europe,Family Visas,66,66,66,66,62,58,60,68,75,44,71
Austria,Europe,Special Immigrants,0,2,1,1,2,3,1,0,1,2,5
Austria,Europe,Total,100,115,126,142,96,106,90,127,91,87,96
Azerbaijan,Europe,Diversity Immigrants,160,215,197,220,141,178,182,282,195,433,503
Azerbaijan,Europe,Employment Preference,4,1,5,16,1,13,14,0,5,10,21
Azerbaijan,Europe,Family Visas,114,168,168,192,208,183,152,225,236,235,234
Azerbaijan,Europe,Special Immigrants,1,5,0,3,1,0,0,4,3,1,2
Azerbaijan,Europe,Total,279,389,370,431,351,374,348,511,439,679,760
Bahamas,North America,Diversity Immigrants,5,0,13,2,3,13,2,7,5,3,
Bahamas,North America,Employment Preference,2,0,1,3,4,2,10,12,19,28,
Bahamas,North America,Family Visas,106,86,113,123,110,107,127,150,160,199,
Bahamas,North America,Special Immigrants,0,0,0,0,0,0,0,0,0,0,
Bahamas,North America,Total,113,86,127,128,117,122,139,169,184,230,
"Bahamas, The",,Diversity Immigrants,,,,,,,,,,,2
"Bahamas, The",,Employment Preference,,,,,,,,,,,30
"Bahamas, The",,Family Visas,,,,,,,,,,,188
"Bahamas, The",,Total,,,,,,,,,,,220
Bahrain,Asia,Diversity Immigrants,0,4,0,2,10,4,2,2,2,1,
Bahrain,Asia,Employment Preference,2,4,0,1,6,1,1,2,9,5,6
Bahrain,Asia,Family Visas,24,15,24,38,29,18,17,34,35,22,36
Bahrain,Asia,Special Immigrants,0,0,0,0,0,0,0,0,0,0,
Bahrain,Asia,Total,26,23,24,41,45,23,20,38,46,28,42
Bangladesh,Asia,Diversity Immigrants,2268,2657,3015,3074,293,0,0,0,0,0,
Bangladesh,Asia,Employment Preference,200,215,212,100,101,93,90,65,74,69,108
Bangladesh,Asia,Family Visas,6937,12620,10054,11840,13366,10586,12002,14015,17069,12252,14034
Bangladesh,Asia,Special Immigrants,4,2,6,5,14,14,7,13,4,10,11
Bangladesh,Asia,Total,9409,15494,13287,15019,13774,10693,12099,14093,17147,12331,14153
Barbados,North America,Diversity Immigrants,2,2,10,5,3,0,4,6,0,2,
Barbados,North America,Employment Preference,6,1,3,4,1,1,4,7,3,4,20
Barbados,North America,Family Visas,142,203,143,136,123,173,100,145,144,150,156
Barbados,North America,Special Immigrants,0,1,1,1,1,1,3,0,1,0,
Barbados,North America,Total,150,207,157,146,128,175,111,158,148,156,176
Belarus,Europe,Diversity Immigrants,753,772,716,665,279,841,832,859,560,792,750
Belarus,Europe,Employment Preference,14,11,15,15,7,6,3,6,35,19,26
Belarus,Europe,Family Visas,208,246,296,301,295,345,290,465,400,376,354
Belarus,Europe,Special Immigrants,1,2,4,1,1,0,4,2,3,2,3
Belarus,Europe,Total,976,1031,1031,982,582,1192,1129,1332,998,1189,1133
Belgium,Europe,Diversity Immigrants,31,38,38,15,40,33,22,29,11,36,18
Belgium,Europe,Employment Preference,15,14,14,8,21,19,7,20,11,11,23
Belgium,Europe,Family Visas,76,65,65,101,68,85,67,93,75,80,81
Belgium,Europe,Special Immigrants,0,1,1,0,2,0,3,0,0,2,3
Belgium,Europe,Total,122,118,118,124,131,137,99,142,97,129,125
Belize,North America,Diversity Immigrants,7,5,2,8,0,9,0,0,0,3,3
Belize,North America,Employment Preference,7,0,1,0,0,5,7,11,11,2,5
Belize,North America,Family Visas,298,263,266,265,303,283,198,274,296,250,249
Belize,North America,Special Immigrants,0,1,1,0,0,0,1,1,0,1,
Belize,North America,Total,312,269,270,273,303,297,206,286,307,256,257
Benin,Africa,Diversity Immigrants,176,192,220,213,82,223,180,190,280,236,186
Benin,Africa,Employment Preference,15,3,2,3,1,0,0,6,6,5,2
Benin,Africa,Family Visas,22,43,37,38,51,58,114,84,123,155,194
Benin,Africa,Special Immigrants,0,0,0,0,1,0,1,1,0,0,
Benin,Africa,Total,213,238,259,254,135,281,295,281,409,396,382
Bermuda,Europe,Diversity Immigrants,0,0,0,0,0,0,0,0,0,0,
Bermuda,Europe,Employment Preference,1,2,0,2,1,0,9,4,2,0,2
Bermuda,Europe,Family Visas,39,32,20,19,12,30,28,39,38,29,21
Bermuda,Europe,Special Immigrants,0,0,0,0,0,0,0,0,0,0,
Bermuda,Europe,Total,40,34,20,21,13,30,37,43,40,29,23
Bhutan,Asia,Diversity Immigrants,7,5,0,4,4,8,7,1,7,7,2
Bhutan,Asia,Employment Preference,0,0,3,1,0,0,0,1,5,0,3
Bhutan,Asia,Family Visas,3,5,18,2,8,10,7,14,20,30,20
Bhutan,Asia,Special Immigrants,0,0,0,0,0,0,0,0,0,0,
Bhutan,Asia,Total,10,10,21,7,12,18,14,16,32,37,25
Bolivia,South America,Diversity Immigrants,79,50,72,28,27,30,21,21,23,10,17
Bolivia,South America,Employment Preference,198,178,66,75,63,114,80,44,29,11,27
Bolivia,South America,Family Visas,680,598,627,601,545,610,495,687,696,532,642
Bolivia,South America,Special Immigrants,0,0,0,0,0,1,5,6,2,3,3
Bolivia,South America,Total,957,826,765,704,635,755,601,758,750,556,689
Bosnia and Herzegovina,Europe,Diversity Immigrants,27,57,35,28,37,30,32,75,48,83,44
Bosnia and Herzegovina,Europe,Employment Preference,6,0,5,6,5,3,7,10,4,6,11
Bosnia and Herzegovina,Europe,Family Visas,321,365,286,267,225,248,178,292,314,290,236
Bosnia and Herzegovina,Europe,Special Immigrants,0,1,0,1,3,0,1,0,0,0,
Bosnia and Herzegovina,Europe,Total,354,423,326,302,270,281,218,377,366,379,291
Botswana,Africa,Diversity Immigrants,7,0,9,3,0,1,2,3,1,2,
Botswana,Africa,Employment Preference,0,0,2,1,0,0,0,0,0,1,
Botswana,Africa,Family Visas,2,8,2,13,9,7,9,9,19,8,12
Botswana,Africa,Special Immigrants,0,0,0,0,0,0,0,0,0,0,
Botswana,Africa,Total,9,8,13,17,9,8,11,12,20,11,12
Brazil,South America,Diversity Immigrants,0,0,0,0,0,0,0,0,0,0,
Brazil,South America,Employment Preference,158,192,155,111,95,112,112,94,163,296,585
Brazil,South America,Family Visas,1479,1501,1441,1745,1785,1581,1512,2370,3136,3045,3747
Brazil,South America,Special Immigrants,3,3,5,12,26,11,8,14,11,25,14
Brazil,South America,Total,1640,1696,1601,1868,1906,1704,1632,2478,3310,3366,4346
British Indian Ocean Territory,Europe,Diversity Immigrants,,,,0,0,0,0,0,0,0,
British Indian Ocean Territory,Europe,Employment Preference,,,,0,0,0,0,0,0,0,
British Indian Ocean Territory,Europe,Family Visas,,,,0,0,0,0,0,0,0,
British Indian Ocean Territory,Europe,Special Immigrants,,,,0,0,0,0,0,0,0,
British Indian Ocean Territory,Europe,Total,,,,0,0,0,0,0,0,0,
British Virgin Islands,Europe,Diversity Immigrants,0,0,0,0,0,0,0,0,0,0,
British Virgin Islands,Europe,Employment Preference,0,0,0,0,0,1,0,0,0,1,2
British Virgin Islands,Europe,Family Visas,17,23,22,14,20,13,20,17,10,9,17
British Virgin Islands,Europe,Special Immigrants,0,0,0,0,0,0,0,0,0,0,
British Virgin Islands,Europe,Total,17,23,22,14,20,14,20,17,10,10,19
Brunei,Asia,Diversity Immigrants,1,0,0,0,0,0,0,0,0,0,3
Brunei,Asia,Employment Preference,0,0,1,0,2,1,1,1,1,1,6
Brunei,Asia,Family Visas,2,2,3,3,0,3,4,5,7,1,9
Brunei,Asia,Special Immigrants,0,0,0,0,0,0,0,0,0,0,
Brunei,Asia,Total,3,2,4,3,2,4,5,6,8,2,18
Bulgaria,Europe,Diversity Immigrants,1051,728,547,624,434,950,998,820,608,535,338
Bulgaria,Europe,Employment Preference,13,20,36,22,4,23,17,10,17,23,35
Bulgaria,Europe,Family Visas,437,520,578,608,608,710,622,715,812,560,626
Bulgaria,Europe,Special Immigrants,10,8,6,10,13,7,9,15,7,5,9
Bulgaria,Europe,Total,1511,1276,1167,1264,1059,1690,1646,1560,1444,1123,1008
Burkina Faso,Africa,Diversity Immigrants,111,90,103,105,100,220,116,120,131,134,74
Burkina Faso,Africa,Employment Preference,13,0,16,16,1,4,4,6,2,25,
Burkina Faso,Africa,Family Visas,15,24,35,53,82,96,66,129,140,120,144
Burkina Faso,Africa,Special Immigrants,0,0,0,0,0,0,0,0,0,0,2
Burkina Faso,Africa,Total,139,114,154,174,183,320,186,255,273,279,220
Burma,Asia,Diversity Immigrants,111,368,281,250,189,262,199,88,138,145,57
Burma,Asia,Employment Preference,13,20,21,21,36,16,2,2,19,12,6
Burma,Asia,Family Visas,820,792,881,1080,984,990,757,1029,1211,1147,1076
Burma,Asia,Special Immigrants,0,2,2,0,1,0,1,4,2,5,2
Burma,Asia,Total,944,1182,1185,1351,1210,1268,959,1123,1370,1309,1141
Burundi,Africa,Diversity Immigrants,9,21,40,25,11,28,37,47,64,75,65
Burundi,Africa,Employment Preference,0,0,2,0,0,0,5,0,0,0,
Burundi,Africa,Family Visas,17,11,16,14,23,33,23,50,42,71,75
Burundi,Africa,Special Immigrants,0,0,0,0,0,0,0,0,0,0,
Burundi,Africa,Total,26,32,58,39,34,61,65,97,106,146,140
Cabo Verde,,Employment Preference,,,,,,,,,,,2
Cabo Verde,,Family Visas,,,,,,,,,,,1509
Cabo Verde,,Special Immigrants,,,,,,,,,,,2
Cabo Verde,,Total,,,,,,,,,,,1513
Cambodia,Asia,Diversity Immigrants,92,119,132,167,188,399,333,152,266,196,80
Cambodia,Asia,Employment Preference,8,12,20,17,12,21,29,31,33,120,147
Cambodia,Asia,Family Visas,2031,1813,1445,1564,1576,1385,1472,1138,2324,3084,2379
Cambodia,Asia,Special Immigrants,0,0,1,2,1,0,2,0,0,0,
Cambodia,Asia,Total,2131,1944,1598,1750,1777,1805,1836,1321,2623,3400,2606
Cameroon,Africa,Diversity Immigrants,1164,1496,1556,1666,813,1588,1285,1450,1615,1206,1395
Cameroon,Africa,Employment Preference,12,33,7,8,6,5,8,2,11,4,12
Cameroon,Africa,Family Visas,340,365,537,670,797,876,926,1489,1766,1654,1637
Cameroon,Africa,Special Immigrants,3,3,4,4,3,3,4,8,13,10,11
Cameroon,Africa,Total,1519,1897,2104,2348,1619,2472,2223,2949,3405,2874,3055
Canada,North America,Diversity Immigrants,0,0,0,0,0,0,0,0,0,0,
Canada,North America,Employment Preference,406,365,366,287,314,254,265,211,237,247,273
Canada,North America,Family Visas,1905,1497,1567,1905,1897,1688,1193,1949,1951,1527,1326
Canada,North America,Special Immigrants,1,10,2,2,0,1,4,5,2,4,6
Canada,North America,Total,2312,1872,1935,2194,2211,1943,1462,2165,2190,1778,1605
Cape Verde,Africa,Diversity Immigrants,0,8,0,10,0,7,2,12,0,2,
Cape Verde,Africa,Employment Preference,5,17,12,0,7,2,1,2,1,3,
Cape Verde,Africa,Family Visas,1374,1471,1174,1254,1298,1315,837,1044,1720,1876,
Cape Verde,Africa,Special Immigrants,3,0,0,0,0,0,0,0,2,1,
Cape Verde,Africa,Total,1382,1496,1186,1264,1305,1324,840,1058,1723,1882,
Cayman Islands,Europe,Diversity Immigrants,0,0,0,0,0,0,0,0,0,0,
Cayman Islands,Europe,Employment Preference,0,0,0,0,0,0,0,0,0,2,
Cayman Islands,Europe,Family Visas,7,10,14,13,23,19,14,8,22,15,15
Cayman Islands,Europe,Special Immigrants,1,0,0,0,0,0,0,0,0,0,
Cayman Islands,Europe,Total,8,10,14,13,23,19,14,8,22,17,15
Central African Republic,Africa,Diversity Immigrants,0,2,11,2,0,3,1,3,8,2,2
Central African Republic,Africa,Employment Preference,0,0,1,5,0,0,4,0,2,0,
Central African Republic,Africa,Family Visas,3,3,10,13,8,8,8,9,22,25,12
Central African Republic,Africa,Special Immigrants,0,0,0,0,0,0,0,0,0,0,
Central African Republic,Africa,Total,3,5,22,20,8,11,13,12,32,27,14
Chad,Africa,Diversity Immigrants,6,10,6,16,3,10,9,15,17,10,6
Chad,Africa,Employment Preference,0,2,0,1,0,0,0,5,1,0,
Chad,Africa,Family Visas,6,4,3,9,22,11,11,19,21,14,23
Chad,Africa,Special Immigrants,0,0,0,1,0,0,0,0,1,0,
Chad,Africa,Total,12,16,9,27,25,21,20,39,40,24,29
Chile,South America,Diversity Immigrants,10,23,11,11,4,8,17,8,1,13,12
Chile,South America,Employment Preference,13,8,13,9,10,15,3,13,10,21,15
Chile,South America,Family Visas,362,324,364,313,303,296,218,337,290,254,287
Chile,South America,Special Immigrants,1,3,7,6,1,7,1,3,1,0,3
Chile,South America,Total,386,0,395,339,318,326,239,361,302,288,317
China - mainland born,Asia,Diversity Immigrants,0,0,0,0,0,0,0,0,0,0,
China - mainland born,Asia,Employment Preference,1251,2338,2994,4076,7460,8006,10034,9005,8673,8039,7581
China - mainland born,Asia,Family Visas,29253,21407,27406,31486,32813,24738,26071,30191,33342,27272,23162
China - mainland born,Asia,Special Immigrants,44,27,25,36,30,81,33,55,54,39,30
China - mainland born,Asia,Total,30548,23772,30425,35598,40303,32825,36138,39251,42069,35350,30773
China - Taiwan born,Asia,Diversity Immigrants,242,213,196,191,132,133,179,86,152,148,110
China - Taiwan born,Asia,Employment Preference,159,284,175,201,220,206,190,214,286,311,644
China - Taiwan born,Asia,Family Visas,3191,2633,2527,1830,1717,1179,1032,1106,1402,1050,1422
China - Taiwan born,Asia,Special Immigrants,7,3,11,11,4,5,11,14,10,6,3
China - Taiwan born,Asia,Total,3599,3133,2909,2233,2073,1523,1412,1420,1850,1515,2179
Christmas Island,Oceania,Diversity Immigrants,0,0,0,0,0,0,0,0,0,0,
Christmas Island,Oceania,Employment Preference,0,0,0,0,0,0,0,0,0,0,
Christmas Island,Oceania,Family Visas,0,1,0,0,0,0,0,0,0,0,
Christmas Island,Oceania,Special Immigrants,0,0,0,0,0,0,0,0,0,0,
Christmas Island,Oceania,Total,0,1,0,0,0,0,0,0,0,0,
Cocos Islands,Oceania,Diversity Immigrants,0,0,0,0,0,0,0,0,0,0,
Cocos Islands,Oceania,Employment Preference,0,0,0,0,0,0,0,0,0,0,
Cocos Islands,Oceania,Family Visas,0,0,0,0,0,0,0,0,0,0,
Cocos Islands,Oceania,Special Immigrants,0,0,0,0,0,0,0,0,0,0,
Cocos Islands,Oceania,Total,0,0,0,0,0,0,0,0,0,0,
Colombia,South America,Diversity Immigrants,0,0,0,0,0,0,0,0,0,0,
Colombia,South America,Employment Preference,117,132,107,60,133,107,96,76,91,82,191
Colombia,South America,Family Visas,6936,5854,6910,7843,8262,8014,6492,7441,7619,6727,7329
Colombia,South America,Special Immigrants,19,24,33,22,22,22,19,34,38,39,27
Colombia,South America,Total,7072,358,7050,7925,8417,8143,6607,7551,7748,6848,7547
Comoros,Africa,Diversity Immigrants,1,2,3,1,0,1,0,0,0,1,
Comoros,Africa,Employment Preference,0,0,0,0,0,0,0,0,0,0,
Comoros,Africa,Family Visas,0,0,0,0,2,2,2,0,2,0,2
Comoros,Africa,Special Immigrants,0,0,0,0,0,0,0,0,0,0,
Comoros,Africa,Total,1,2,3,1,2,3,2,0,2,1,2
"Congo, Dem. Rep. of the",Africa,Diversity Immigrants,502,20,915,1516,1219,2231,2435,2631,2770,2664,
"Congo, Dem. Rep. of the",Africa,Employment Preference,5,0,5,6,6,1,7,0,2,21,
"Congo, Dem. Rep. of the",Africa,Family Visas,88,13,183,312,515,545,583,600,733,615,
"Congo, Dem. Rep. of the",Africa,Special Immigrants,0,0,0,0,1,2,7,2,1,1,
"Congo, Dem. Rep. of the",Africa,Total,595,33,1103,1834,1741,2779,3032,3233,3506,3301,
"Congo, Democratic Republic of the",,Diversity Immigrants,,,,,,,,,,,1977
"Congo, Democratic Republic of the",,Employment Preference,,,,,,,,,,,26
"Congo, Democratic Republic of the",,Family Visas,,,,,,,,,,,791
"Congo, Democratic Republic of the",,Special Immigrants,,,,,,,,,,,3
"Congo, Democratic Republic of the",,Total,,,,,,,,,,,2797
"Congo, Republic of the",Africa,Diversity Immigrants,43,596,33,44,11,47,54,48,50,42,54
"Congo, Republic of the",Africa,Employment Preference,3,13,7,0,0,0,0,0,0,0,18
"Congo, Republic of the",Africa,Family Visas,9,150,11,30,30,27,27,44,38,35,59
"Congo, Republic of the",Africa,Special Immigrants,0,1,0,0,1,1,1,0,0,0,
"Congo, Republic of the",Africa,Total,55,760,51,74,42,75,82,92,88,77,131
Cook Islands,Oceania,Diversity Immigrants,0,0,0,0,0,0,0,0,0,0,
Cook Islands,Oceania,Employment Preference,0,0,0,0,0,0,0,0,0,0,
Cook Islands,Oceania,Family Visas,0,0,0,1,0,0,0,1,0,0,
Cook Islands,Oceania,Special Immigrants,0,0,0,0,0,0,0,0,0,0,
Cook Islands,Oceania,Total,0,0,0,1,0,0,0,1,0,0,
Costa Rica,North America,Diversity Immigrants,3,1,17,11,1,18,25,6,10,12,9
Costa Rica,North America,Employment Preference,14,11,16,10,5,6,10,7,19,7,26
Costa Rica,North America,Family Visas,354,341,390,437,469,445,386,621,651,665,774
Costa Rica,North America,Special Immigrants,0,0,0,0,0,4,0,2,1,2,2
Costa Rica,North America,Total,371,353,423,458,475,473,421,636,681,686,811
Cote d'Ivoire,Africa,Diversity Immigrants,191,206,222,290,152,319,371,375,508,440,210
Cote d'Ivoire,Africa,Employment Preference,11,3,2,6,21,6,1,5,5,0,17
Cote d'Ivoire,Africa,Family Visas,280,249,168,235,472,414,299,342,476,588,497
Cote d'Ivoire,Africa,Special Immigrants,0,0,0,1,2,1,0,1,2,1,
Cote d'Ivoire,Africa,Total,482,458,392,532,647,740,671,723,991,1029,724
Croatia,Europe,Diversity Immigrants,15,33,25,17,29,18,40,29,21,21,23
Croatia,Europe,Employment Preference,2,5,8,2,5,1,5,1,4,8,5
Croatia,Europe,Family Visas,95,89,83,76,57,75,50,75,101,73,78
Croatia,Europe,Special Immigrants,1,0,0,1,1,0,0,0,3,2,
Croatia,Europe,Total,113,127,116,96,92,94,95,105,129,104,106
Cuba,North America,Diversity Immigrants,256,190,140,230,70,193,301,473,536,383,113
Cuba,North America,Employment Preference,0,0,0,0,0,4,3,6,1,4,
Cuba,North America,Family Visas,5143,3862,3219,2833,4626,4702,5781,5811,8587,9055,4548
Cuba,North America,Special Immigrants,9,15,6,4,17,18,13,8,7,11,
Cuba,North America,Total,5408,4067,3365,3067,4713,4917,6098,6298,9131,9453,4661
Curacao,Europe,Diversity Immigrants,,,,1,2,4,0,0,0,0,
Curacao,Europe,Employment Preference,,,,0,0,1,0,0,0,0,6
Curacao,Europe,Family Visas,,,,5,13,16,7,7,9,13,11
Curacao,Europe,Special Immigrants,,,,0,0,0,0,0,0,0,
Curacao,Europe,Total,,,,6,15,21,7,7,9,13,17
Cyprus,Europe,Diversity Immigrants,5,8,6,2,2,2,7,7,8,8,3
Cyprus,Europe,Employment Preference,2,5,2,0,1,2,0,1,4,5,6
Cyprus,Europe,Family Visas,20,12,33,25,18,25,20,27,32,14,35
Cyprus,Europe,Special Immigrants,0,0,0,0,0,2,0,0,1,0,
Cyprus,Europe,Total,27,25,41,27,21,31,27,35,45,27,44
Czech Republic,Europe,Diversity Immigrants,73,33,37,27,17,24,36,36,27,19,35
Czech Republic,Europe,Employment Preference,15,10,10,3,7,9,14,2,6,9,17
Czech Republic,Europe,Family Visas,109,107,83,107,89,76,83,104,91,73,72
Czech Republic,Europe,Special Immigrants,0,1,2,1,1,5,0,4,4,2,5
Czech Republic,Europe,Total,197,151,132,138,114,114,133,146,128,103,129
Denmark,Europe,Diversity Immigrants,17,5,23,12,13,18,14,16,8,20,14
Denmark,Europe,Employment Preference,23,18,9,13,2,11,14,11,14,6,18
Denmark,Europe,Family Visas,64,64,84,76,50,78,51,78,65,52,62
Denmark,Europe,Special Immigrants,0,0,1,2,0,3,0,1,1,0,
Denmark,Europe,Total,104,87,117,103,65,110,79,106,88,78,94
Djibouti,Africa,Diversity Immigrants,15,11,9,18,8,18,13,18,33,32,35
Djibouti,Africa,Employment Preference,0,0,7,1,0,2,2,1,12,7,
Djibouti,Africa,Family Visas,11,21,11,18,22,12,34,26,41,16,32
Djibouti,Africa,Special Immigrants,0,0,1,0,0,0,0,0,0,0,
Djibouti,Africa,Total,26,32,28,37,30,32,49,45,86,55,67
Dominica,North America,Diversity Immigrants,2,18,15,5,8,11,6,0,4,3,
Dominica,North America,Employment Preference,6,0,2,1,6,5,0,1,3,5,9
Dominica,North America,Family Visas,440,434,458,406,315,391,300,230,343,329,338
Dominica,North America,Special Immigrants,1,0,1,0,0,1,0,1,0,0,
Dominica,North America,Total,449,452,476,412,329,408,306,232,350,337,347
Dominican Republic,North America,Diversity Immigrants,0,0,0,0,0,0,0,0,0,0,
Dominican Republic,North America,Employment Preference,21,35,28,22,35,40,51,39,86,57,30
Dominican Republic,North America,Family Visas,23320,40772,43562,36092,33477,32959,37029,45007,53204,48119,49380
Dominican Republic,North America,Special Immigrants,23,17,25,31,33,13,19,19,49,78,71
Dominican Republic,North America,Total,23364,40824,43615,36145,33545,33012,37099,45065,53339,48254,49481
Ecuador,South America,Diversity Immigrants,89,0,0,0,0,0,0,0,0,0,258
Ecuador,South America,Employment Preference,371,218,308,294,185,195,156,94,85,37,63
Ecuador,South America,Family Visas,6412,5876,6065,6003,5057,6491,6095,6898,6544,6284,7623
Ecuador,South America,Special Immigrants,27,9,10,20,19,42,56,57,53,39,20
Ecuador,South America,Total,6899,6103,6383,6317,5261,6728,6307,7049,6682,6360,7964
Egypt,Africa,Diversity Immigrants,3279,3638,3231,3242,2004,3362,3483,3434,2848,3576,3522
Egypt,Africa,Employment Preference,105,105,190,111,132,136,185,127,163,187,290
Egypt,Africa,Family Visas,2268,2311,2899,2339,3849,2607,2859,2645,4278,2975,3246
Egypt,Africa,Special Immigrants,19,8,15,18,33,18,18,7,20,25,18
Egypt,Africa,Total,5671,6062,6335,5710,6018,6123,6545,6213,7309,6763,7076
El Salvador,North America,Diversity Immigrants,0,0,0,0,0,0,0,0,0,0,
El Salvador,North America,Employment Preference,345,223,200,133,100,117,133,66,74,49,65
El Salvador,North America,Family Visas,8827,9953,10516,11097,8598,11276,11123,12411,14255,15044,16767
El Salvador,North America,Special Immigrants,0,2,3,6,11,10,6,11,10,12,2
El Salvador,North America,Total,9172,10178,10719,11236,8709,11403,11262,12488,14339,15105,16834
Equatorial Guinea,Africa,Diversity Immigrants,1,0,2,0,0,0,0,0,0,0,3
Equatorial Guinea,Africa,Employment Preference,0,0,0,0,0,0,0,0,0,0,
Equatorial Guinea,Africa,Family Visas,1,3,5,1,5,1,2,4,3,2,
Equatorial Guinea,Africa,Special Immigrants,0,0,0,0,0,0,0,0,0,0,
Equatorial Guinea,Africa,Total,2,3,7,1,5,1,2,4,3,2,3
Eritrea,Africa,Diversity Immigrants,301,382,367,381,142,242,172,185,149,81,84
Eritrea,Africa,Employment Preference,16,36,26,17,26,20,16,18,35,25,41
Eritrea,Africa,Family Visas,274,382,387,388,568,545,522,484,638,719,759
Eritrea,Africa,Special Immigrants,0,0,0,1,0,1,1,0,1,1,
Eritrea,Africa,Total,591,800,780,787,736,808,711,687,823,826,884
Estonia,Europe,Diversity Immigrants,18,10,10,19,8,20,17,21,10,12,15
Estonia,Europe,Employment Preference,2,2,0,1,0,1,0,1,0,1,2
Estonia,Europe,Family Visas,37,41,54,36,28,31,29,33,37,31,23
Estonia,Europe,Special Immigrants,0,1,1,0,0,0,0,0,0,0,
Estonia,Europe,Total,57,54,65,56,36,52,46,55,47,44,40
Ethiopia,Africa,Diversity Immigrants,3542,3675,3752,3529,1416,2389,2539,2457,2138,2553,2637
Ethiopia,Africa,Employment Preference,53,30,67,73,25,104,59,22,52,84,104
Ethiopia,Africa,Family Visas,4585,5514,5911,5643,6851,5814,4640,3778,7718,6564,5934
Ethiopia,Africa,Special Immigrants,1,4,9,4,10,10,4,2,5,15,3
Ethiopia,Africa,Total,8181,9223,9739,9249,8302,8317,7242,6259,9913,9216,8678
Falkland Islands,Europe,Diversity Immigrants,0,0,0,0,0,0,0,0,0,0,
Falkland Islands,Europe,Employment Preference,0,0,0,0,0,0,0,0,0,0,
Falkland Islands,Europe,Family Visas,0,0,0,0,0,0,0,0,0,0,
Falkland Islands,Europe,Special Immigrants,0,0,0,0,0,0,0,0,0,0,
Falkland Islands,Europe,Total,0,0,0,0,0,0,0,0,0,0,
Faroe Islands,Europe,Diversity Immigrants,,,,0,0,0,0,0,0,0,
Faroe Islands,Europe,Employment Preference,,,,0,0,0,0,0,0,0,
Faroe Islands,Europe,Family Visas,,,,0,0,0,0,0,0,0,
Faroe Islands,Europe,Special Immigrants,,,,0,0,0,0,0,0,0,
Faroe Islands,Europe,Total,,,,0,0,0,0,0,0,0,
Fiji,Oceania,Diversity Immigrants,309,290,232,166,167,249,217,185,129,212,182
Fiji,Oceania,Employment Preference,6,2,0,8,2,5,6,3,1,1,2
Fiji,Oceania,Family Visas,474,612,735,496,523,435,392,558,484,394,455
Fiji,Oceania,Special Immigrants,3,2,4,4,4,4,2,3,3,1,2
Fiji,Oceania,Total,792,906,971,674,696,693,617,749,617,608,641
Finland,Europe,Diversity Immigrants,8,22,32,34,30,25,16,26,20,23,17
Finland,Europe,Employment Preference,10,5,5,1,3,8,6,6,4,11,18
Finland,Europe,Family Visas,50,63,64,59,55,50,56,60,90,50,38
Finland,Europe,Special Immigrants,0,0,0,0,1,0,2,0,0,0,3
Finland,Europe,Total,68,90,101,94,89,83,80,92,114,84,76
France,Europe,Diversity Immigrants,262,194,237,223,142,157,279,273,165,219,192
France,Europe,Employment Preference,93,55,73,73,48,59,55,63,77,115,186
France,Europe,Family Visas,522,387,514,576,483,505,413,573,644,496,491
France,Europe,Special Immigrants,3,6,1,7,3,6,8,4,6,8,5
France,Europe,Total,880,642,825,879,676,727,755,913,892,838,874
French Guiana,Europe,Diversity Immigrants,0,0,0,0,,,,,,,
French Guiana,Europe,Employment Preference,0,0,0,0,,,,,,,
French Guiana,Europe,Family Visas,3,10,2,0,,,,,,,
French Guiana,Europe,Special Immigrants,0,0,0,0,,,,,,,
French Guiana,Europe,Total,3,10,2,0,,,,,,,
French Polynesia,Europe,Diversity Immigrants,0,0,0,0,1,1,0,0,0,0,
French Polynesia,Europe,Employment Preference,0,0,0,2,0,0,0,0,0,0,
French Polynesia,Europe,Family Visas,5,4,2,7,5,0,2,2,5,2,5
French Polynesia,Europe,Special Immigrants,0,0,0,0,0,0,0,0,0,0,
French Polynesia,Europe,Total,5,4,2,9,6,1,2,2,5,2,5
French Southern and Antarctic Lands,Europe,Diversity Immigrants,0,0,0,0,0,0,0,0,0,0,
French Southern and Antarctic Lands,Europe,Employment Preference,0,0,0,0,0,0,0,0,0,0,
French Southern and Antarctic Lands,Europe,Family Visas,0,0,0,0,0,0,0,0,0,0,
French Southern and Antarctic Lands,Europe,Special Immigrants,0,0,0,0,0,0,0,0,0,0,
French Southern and Antarctic Lands,Europe,Total,0,0,0,0,0,0,0,0,0,0,
Gabon,Africa,Diversity Immigrants,14,3,5,6,8,6,17,11,8,11,5
Gabon,Africa,Employment Preference,0,0,0,0,0,0,0,1,1,3,3
Gabon,Africa,Family Visas,6,12,19,10,21,13,23,24,32,39,32
Gabon,Africa,Special Immigrants,0,0,0,0,0,0,1,0,0,0,
Gabon,Africa,Total,20,15,24,16,29,19,41,36,41,53,40
"Gambia, The",Africa,Diversity Immigrants,6,25,14,13,10,11,6,12,6,14,6
"Gambia, The",Africa,Employment Preference,8,16,12,15,24,5,3,12,1,4,3
"Gambia, The",Africa,Family Visas,158,168,222,256,314,268,316,406,548,568,509
"Gambia, The",Africa,Special Immigrants,0,1,0,0,1,0,0,0,0,1,
"Gambia, The",Africa,Total,172,210,248,284,349,284,325,430,555,587,518
Georgia,Europe,Diversity Immigrants,270,354,438,453,293,408,341,503,360,547,645
Georgia,Europe,Employment Preference,11,24,21,7,6,15,9,8,10,14,51
Georgia,Europe,Family Visas,153,243,351,394,371,425,356,549,588,539,560
Georgia,Europe,Special Immigrants,1,1,5,3,1,1,2,6,7,1,3
Georgia,Europe,Total,435,622,815,857,671,849,708,1066,965,1101,1259
Germany,Europe,Diversity Immigrants,752,854,882,804,546,541,463,486,265,263,290
Germany,Europe,Employment Preference,118,116,108,83,77,104,75,65,86,90,132
Germany,Europe,Family Visas,1484,1376,1460,1390,1456,1460,1200,1240,1172,981,938
Germany,Europe,Special Immigrants,9,7,13,13,5,13,3,12,6,13,14
Germany,Europe,Total,2363,2353,2463,2290,2084,2118,1741,1803,1529,1347,1374
Ghana,Africa,Diversity Immigrants,1822,1864,2606,2438,1677,1876,1454,523,428,796,729
Ghana,Africa,Employment Preference,67,33,32,39,69,74,67,27,31,21,57
Ghana,Africa,Family Visas,3824,1880,2368,2433,5433,4688,2819,3047,4485,5396,6131
Ghana,Africa,Special Immigrants,10,3,7,11,13,11,6,4,3,7,3
Ghana,Africa,Total,5723,3780,5013,4921,7192,6649,4346,3601,4947,6220,6920
Gibraltar,Europe,Diversity Immigrants,0,0,0,0,0,0,0,0,0,0,
Gibraltar,Europe,Employment Preference,0,0,0,0,0,0,0,0,0,0,
Gibraltar,Europe,Family Visas,1,2,3,1,0,4,2,1,3,1,2
Gibraltar,Europe,Special Immigrants,0,0,0,0,0,0,0,0,0,0,
Gibraltar,Europe,Total,1,2,3,1,0,4,2,1,3,1,2
Great Britain and Northern Ireland,Europe,Diversity Immigrants,0,0,0,0,0,0,0,0,0,0,
Great Britain and Northern Ireland,Europe,Employment Preference,413,503,323,345,292,311,316,434,369,325,497
Great Britain and Northern Ireland,Europe,Family Visas,2237,2065,2142,2168,2184,2381,2135,2325,2468,1996,1818
Great Britain and Northern Ireland,Europe,Special Immigrants,9,7,7,19,9,23,30,14,10,17,12
Great Britain and Northern Ireland,Europe,Total,2659,2575,2472,2532,2485,2715,2481,2773,2847,2338,2327
Greece,Europe,Diversity Immigrants,75,72,41,39,28,49,74,88,50,90,72
Greece,Europe,Employment Preference,11,7,10,8,8,14,18,14,15,24,26
Greece,Europe,Family Visas,155,166,181,342,364,496,270,292,403,300,257
Greece,Europe,Special Immigrants,1,2,4,5,2,2,1,0,2,4,6
Greece,Europe,Total,242,247,236,394,402,561,363,394,470,418,361
Greenland,Europe,Diversity Immigrants,0,0,0,0,0,0,0,0,0,0,
Greenland,Europe,Employment Preference,0,0,0,0,0,0,0,0,0,0,
Greenland,Europe,Family Visas,0,0,0,1,0,0,0,0,0,0,
Greenland,Europe,Special Immigrants,0,0,0,0,0,0,0,0,0,0,
Greenland,Europe,Total,0,0,0,1,0,0,0,0,0,0,
Grenada,North America,Diversity Immigrants,0,0,2,2,6,1,5,2,1,6,
Grenada,North America,Employment Preference,1,0,0,0,0,2,1,0,5,10,14
Grenada,North America,Family Visas,242,218,256,229,230,272,151,242,200,215,242
Grenada,North America,Special Immigrants,1,0,0,0,0,0,1,0,1,0,
Grenada,North America,Total,244,218,258,231,236,275,158,244,207,231,256
Guadeloupe,Europe,Diversity Immigrants,2,0,0,0,,,,,,,
Guadeloupe,Europe,Employment Preference,0,0,0,0,,,,,,,
Guadeloupe,Europe,Family Visas,16,17,3,0,,,,,,,
Guadeloupe,Europe,Special Immigrants,0,0,0,0,,,,,,,
Guadeloupe,Europe,Total,18,17,3,0,,,,,,,
Guatemala,North America,Diversity Immigrants,16,0,0,0,0,0,44,20,9,13,29
Guatemala,North America,Employment Preference,138,107,110,101,65,59,38,9,10,13,24
Guatemala,North America,Family Visas,8421,5023,4296,4871,4355,4675,4615,5674,6492,6364,9437
Guatemala,North America,Special Immigrants,0,1,2,7,11,8,13,4,16,20,8
Guatemala,North America,Total,8575,5131,4408,4979,4431,4742,4710,5707,6527,6410,9498
Guinea,Africa,Diversity Immigrants,107,86,268,185,113,257,264,259,293,204,72
Guinea,Africa,Employment Preference,4,8,0,11,11,4,3,4,8,5,2
Guinea,Africa,Family Visas,98,134,159,258,397,291,311,423,647,644,713
Guinea,Africa,Special Immigrants,0,0,0,0,0,0,0,1,1,0,
Guinea,Africa,Total,209,228,427,454,521,552,578,687,949,853,787
Guinea-Bissau,Africa,Diversity Immigrants,0,0,0,1,0,4,0,1,0,1,
Guinea-Bissau,Africa,Employment Preference,0,1,2,0,0,4,2,1,0,0,
Guinea-Bissau,Africa,Family Visas,9,4,13,15,16,20,13,15,12,21,9
Guinea-Bissau,Africa,Special Immigrants,0,0,0,0,0,0,0,0,0,0,
Guinea-Bissau,Africa,Total,9,5,15,16,16,28,15,17,12,22,9
Guyana,South America,Diversity Immigrants,4,17,26,23,7,14,6,13,3,2,3
Guyana,South America,Employment Preference,15,4,11,14,5,10,10,5,12,5,11
Guyana,South America,Family Visas,5195,4336,5148,4897,4380,4721,4623,4673,4851,4118,3960
Guyana,South America,Special Immigrants,0,0,0,0,2,5,5,2,3,2,3
Guyana,South America,Total,5214,4357,5185,4934,4394,4750,4644,4693,4869,4127,3977
Haiti,North America,Diversity Immigrants,0,0,0,0,0,0,0,0,0,0,
Haiti,North America,Employment Preference,16,19,20,14,5,11,8,16,105,161,66
Haiti,North America,Family Visas,14976,14030,15845,15101,16447,15157,10755,13202,18644,16482,14681
Haiti,North America,Special Immigrants,5,11,22,36,24,10,11,33,61,51,33
Haiti,North America,Total,14997,14060,15887,15151,16476,15178,10774,13251,18810,16694,14780
Honduras,North America,Diversity Immigrants,14,8,19,26,20,20,36,31,24,26,48
Honduras,North America,Employment Preference,123,72,129,84,65,98,57,51,58,12,18
Honduras,North America,Family Visas,3326,2572,3388,2717,3905,4954,3528,4676,7237,4899,5976
Honduras,North America,Special Immigrants,4,4,8,3,9,22,16,7,11,9,
Honduras,North America,Total,3467,2656,3544,2830,3999,5094,3637,4765,7330,4946,6042
Hong Kong S.A.R.,Asia,Diversity Immigrants,44,23,16,20,8,35,34,30,51,16,27
Hong Kong S.A.R.,Asia,Employment Preference,46,24,18,30,42,50,39,58,83,84,242
Hong Kong S.A.R.,Asia,Family Visas,1990,1243,1467,1091,1119,952,915,940,1224,1027,980
Hong Kong S.A.R.,Asia,Special Immigrants,4,0,2,0,5,5,4,2,1,1,2
Hong Kong S.A.R.,Asia,Total,2084,1290,1503,1141,1174,1042,992,1030,1359,1128,1251
Hungary,Europe,Diversity Immigrants,74,119,61,118,73,106,99,110,75,70,72
Hungary,Europe,Employment Preference,16,16,15,25,12,23,8,13,20,20,39
Hungary,Europe,Family Visas,169,166,165,167,152,143,124,170,141,134,165
Hungary,Europe,Special Immigrants,1,3,1,2,4,2,1,3,1,1,2
Hungary,Europe,Total,260,304,242,312,241,274,232,296,237,225,278
Iceland,Europe,Diversity Immigrants,4,9,30,11,11,13,10,11,0,9,
Iceland,Europe,Employment Preference,6,1,6,0,6,8,2,0,1,1,9
Iceland,Europe,Family Visas,15,32,18,18,20,14,12,16,20,11,9
Iceland,Europe,Special Immigrants,0,0,0,2,0,1,0,0,5,1,
Iceland,Europe,Total,25,42,54,31,37,36,24,27,26,22,18
India,Asia,Diversity Immigrants,0,0,0,0,0,0,0,0,0,0,
India,Asia,Employment Preference,937,644,904,650,616,667,745,682,676,756,1563
India,Asia,Family Visas,24686,25462,27438,23504,24061,24396,24483,29514,30470,26407,28560
India,Asia,Special Immigrants,101,142,126,132,82,137,123,185,214,140,68
India,Asia,Total,25724,26248,28468,24286,24759,25200,25351,30381,31360,27303,30191
Indonesia,Asia,Diversity Immigrants,128,101,103,66,85,55,64,33,39,37,32
Indonesia,Asia,Employment Preference,27,33,27,23,13,18,16,28,37,15,38
Indonesia,Asia,Family Visas,413,541,660,618,656,560,375,526,578,503,519
Indonesia,Asia,Special Immigrants,1,4,10,2,6,6,9,8,14,6,3
Indonesia,Asia,Total,569,679,800,709,760,639,464,595,668,561,592
Iran,Asia,Diversity Immigrants,827,1103,1842,1980,2385,3741,2326,2627,2722,2070,339
Iran,Asia,Employment Preference,240,294,272,411,359,332,409,337,294,434,182
Iran,Asia,Family Visas,5338,4902,5934,4918,5362,3969,4298,4182,4690,4116,1347
Iran,Asia,Special Immigrants,9,17,9,14,20,15,16,33,21,23,29
Iran,Asia,Total,6414,6316,8057,7323,8126,8057,7049,7179,7727,6643,1897
Iraq,Asia,Diversity Immigrants,86,48,37,57,36,65,48,23,146,145,152
Iraq,Asia,Employment Preference,9,23,19,25,22,32,14,5,14,15,47
Iraq,Asia,Family Visas,1451,1267,858,824,897,669,598,792,1230,1422,1172
Iraq,Asia,Special Immigrants,969,2828,2035,704,3898,3569,1521,1190,2270,2138,615
Iraq,Asia,Total,2515,4166,2949,1610,4853,4335,2181,2010,3660,3720,1986
Ireland,Europe,Diversity Immigrants,44,37,54,76,66,48,35,43,29,23,23
Ireland,Europe,Employment Preference,15,27,13,12,20,25,20,23,9,14,56
Ireland,Europe,Family Visas,161,150,219,218,173,180,154,184,227,144,120
Ireland,Europe,Special Immigrants,4,1,1,0,0,0,1,3,1,0,2
Ireland,Europe,Total,224,215,287,306,259,253,210,253,266,181,201
Israel,Asia,Diversity Immigrants,38,38,25,28,33,49,38,11,31,32,6
Israel,Asia,Employment Preference,86,82,64,73,45,33,41,41,79,63,84
Israel,Asia,Family Visas,534,413,413,500,467,483,445,456,540,455,474
Israel,Asia,Special Immigrants,8,3,3,10,7,6,9,7,10,10,8
Israel,Asia,Total,666,536,505,611,552,571,533,515,660,560,572
Italy,Europe,Diversity Immigrants,103,136,135,144,169,133,245,240,159,209,131
Italy,Europe,Employment Preference,58,58,49,33,35,44,39,60,74,80,158
Italy,Europe,Family Visas,426,412,391,430,479,484,541,635,701,561,605
Italy,Europe,Special Immigrants,8,7,8,3,5,4,7,9,8,5,
Italy,Europe,Total,595,613,583,610,688,665,832,944,942,855,894
Jamaica,North America,Diversity Immigrants,0,0,0,0,0,0,0,0,0,0,
Jamaica,North America,Employment Preference,117,82,85,66,77,127,203,246,485,760,851
Jamaica,North America,Family Visas,9527,11056,10157,11106,11605,11381,10127,10737,14953,12917,11897
Jamaica,North America,Special Immigrants,1,3,5,4,4,3,13,18,20,18,21
Jamaica,North America,Total,9645,11141,10247,11176,11686,11511,10343,11001,15458,13695,12769
Japan,Asia,Diversity Immigrants,259,194,169,145,168,230,228,109,163,110,81
Japan,Asia,Employment Preference,350,369,234,243,246,252,206,130,116,154,206
Japan,Asia,Family Visas,1571,1566,1555,1514,1245,1072,941,1382,1413,1155,1088
Japan,Asia,Special Immigrants,9,14,11,8,21,21,32,26,23,31,14
Japan,Asia,Total,2189,2143,1969,1910,1680,1575,1407,1647,1715,1450,1389
Jordan,Asia,Diversity Immigrants,24,90,70,84,55,122,173,62,163,93,125
Jordan,Asia,Employment Preference,30,47,39,36,60,42,51,64,71,72,78
Jordan,Asia,Family Visas,3014,3031,2782,3134,3487,3298,3625,2909,4586,4077,2837
Jordan,Asia,Special Immigrants,2,6,8,7,14,15,9,9,18,31,14
Jordan,Asia,Total,3070,3174,2899,3261,3616,3477,3858,3044,4838,4273,3054
Kazakhstan,Europe,Diversity Immigrants,166,185,189,224,229,309,311,448,236,446,462
Kazakhstan,Europe,Employment Preference,6,8,12,14,4,15,24,10,21,23,14
Kazakhstan,Europe,Family Visas,554,502,405,320,230,228,183,238,244,212,215
Kazakhstan,Europe,Special Immigrants,1,0,0,0,2,4,1,2,3,6,2
Kazakhstan,Europe,Total,727,695,606,558,465,556,519,698,504,687,693
Kenya,Africa,Diversity Immigrants,2123,2301,2367,1856,711,1224,1196,888,1092,1006,891
Kenya,Africa,Employment Preference,37,38,44,40,40,85,49,98,95,166,356
Kenya,Africa,Family Visas,702,791,867,773,1225,1672,1580,1567,1793,2405,2141
Kenya,Africa,Special Immigrants,0,4,1,1,1,4,2,7,9,10,14
Kenya,Africa,Total,2862,3134,3279,2670,1977,2985,2827,2560,2989,3587,3402
Kiribati,Oceania,Diversity Immigrants,2,2,0,0,2,0,0,0,3,0,2
Kiribati,Oceania,Employment Preference,0,0,0,0,0,0,0,0,0,0,
Kiribati,Oceania,Family Visas,3,1,1,1,3,0,2,0,0,1,
Kiribati,Oceania,Special Immigrants,0,0,0,0,0,0,0,0,0,0,
Kiribati,Oceania,Total,5,3,1,1,5,0,2,0,3,1,2
"Korea, North",Asia,Diversity Immigrants,0,0,0,0,0,0,0,0,0,0,2
"Korea, North",Asia,Employment Preference,3,3,0,0,0,0,0,0,4,0,
"Korea, North",Asia,Family Visas,22,15,12,4,6,5,1,7,5,2,3
"Korea, North",Asia,Special Immigrants,0,0,0,0,0,0,0,0,0,1,
"Korea, North",Asia,Total,25,18,12,4,6,5,1,7,9,3,5
"Korea, South",Asia,Diversity Immigrants,0,0,0,0,0,0,0,0,0,0,
"Korea, South",Asia,Employment Preference,1341,1593,953,2153,1973,2037,1609,1536,2953,2298,2678
"Korea, South",Asia,Family Visas,3675,3422,3656,3073,2702,2156,2156,2334,2442,2546,2627
"Korea, South",Asia,Special Immigrants,20,20,22,42,36,42,21,25,25,49,15
"Korea, South",Asia,Total,5036,5035,4631,5268,4711,4235,3786,3895,5420,4893,5320
Kosovo,Europe,Diversity Immigrants,2,50,89,80,71,126,93,145,164,316,239
Kosovo,Europe,Employment Preference,0,0,0,12,2,6,2,2,9,0,5
Kosovo,Europe,Family Visas,36,461,447,470,441,431,342,472,504,440,368
Kosovo,Europe,Special Immigrants,0,0,0,0,0,0,0,0,0,0,
Kosovo,Europe,Total,38,511,536,562,514,563,437,619,677,756,612
Kuwait,Asia,Diversity Immigrants,22,9,29,21,27,66,55,24,56,45,35
Kuwait,Asia,Employment Preference,6,11,8,9,16,8,22,21,25,32,48
Kuwait,Asia,Family Visas,435,424,355,369,376,315,388,332,454,388,335
Kuwait,Asia,Special Immigrants,5,2,4,0,1,4,3,1,0,3,
Kuwait,Asia,Total,468,446,396,399,420,393,468,378,535,468,418
Kyrgyzstan,Europe,Diversity Immigrants,129,120,129,142,173,183,229,271,130,220,369
Kyrgyzstan,Europe,Employment Preference,0,1,3,0,1,3,1,6,6,6,9
Kyrgyzstan,Europe,Family Visas,178,108,138,133,120,86,109,204,175,168,189
Kyrgyzstan,Europe,Special Immigrants,1,1,0,0,0,2,0,0,1,0,3
Kyrgyzstan,Europe,Total,308,230,270,275,294,274,339,481,312,394,570
Laos,Asia,Diversity Immigrants,0,1,3,0,0,0,0,0,0,0,
Laos,Asia,Employment Preference,4,5,4,1,7,1,2,9,0,17,8
Laos,Asia,Family Visas,158,180,217,159,222,186,146,212,295,279,368
Laos,Asia,Special Immigrants,0,0,1,2,0,1,3,0,2,0,2
Laos,Asia,Total,162,186,225,162,229,188,151,221,297,296,378
Latvia,Europe,Diversity Immigrants,16,39,35,68,22,54,52,30,31,22,35
Latvia,Europe,Employment Preference,0,2,1,1,4,1,5,1,1,4,12
Latvia,Europe,Family Visas,78,81,100,112,148,153,124,248,156,123,152
Latvia,Europe,Special Immigrants,0,0,0,1,2,4,2,1,0,0,
Latvia,Europe,Total,94,122,136,182,176,212,183,280,188,149,199
Lebanon,Asia,Diversity Immigrants,75,81,43,52,93,84,54,52,71,40,9
Lebanon,Asia,Employment Preference,96,67,72,75,76,81,90,97,80,94,84
Lebanon,Asia,Family Visas,2231,1893,1828,1778,1554,1554,1836,1553,1760,1669,1653
Lebanon,Asia,Special Immigrants,9,8,16,15,11,15,28,8,5,3,17
Lebanon,Asia,Total,2411,2049,1959,1920,1734,1734,2008,1710,1916,1806,1763
Lesotho,Africa,Diversity Immigrants,0,0,1,0,4,0,3,0,0,0,6
Lesotho,Africa,Employment Preference,0,0,0,0,0,0,0,0,0,0,2
Lesotho,Africa,Family Visas,2,3,14,14,7,7,3,4,8,4,3
Lesotho,Africa,Special Immigrants,0,0,0,0,0,0,0,0,0,0,
Lesotho,Africa,Total,2,3,15,14,11,7,6,4,8,4,11
Liberia,Africa,Diversity Immigrants,567,814,841,996,783,1230,1752,1740,1550,994,791
Liberia,Africa,Employment Preference,9,12,9,14,18,6,5,19,4,28,18
Liberia,Africa,Family Visas,782,646,769,1011,1202,1087,1056,1018,1257,1769,1257
Liberia,Africa,Special Immigrants,0,1,4,1,6,9,3,6,11,7,8
Liberia,Africa,Total,1358,1473,1623,2022,2009,2332,2816,2783,2822,2798,2074
Libya,Africa,Diversity Immigrants,20,55,52,31,32,61,26,36,99,90,20
Libya,Africa,Employment Preference,1,2,0,1,0,1,3,3,5,7,9
Libya,Africa,Family Visas,117,98,120,166,100,98,158,233,278,357,114
Libya,Africa,Special Immigrants,3,0,0,0,2,3,2,0,1,4,11
Libya,Africa,Total,141,155,172,198,134,163,189,272,383,458,154
Liechtenstein,Europe,Diversity Immigrants,0,0,0,1,0,0,0,0,0,0,
Liechtenstein,Europe,Employment Preference,0,0,0,0,0,0,0,0,0,0,
Liechtenstein,Europe,Family Visas,0,3,0,0,0,0,0,1,0,0,
Liechtenstein,Europe,Special Immigrants,0,0,0,0,0,0,0,0,0,0,
Liechtenstein,Europe,Total,0,3,0,1,0,0,0,1,0,0,
Lithuania,Europe,Diversity Immigrants,114,95,119,161,125,139,149,162,90,94,107
Lithuania,Europe,Employment Preference,4,8,5,4,2,11,1,2,6,5,3
Lithuania,Europe,Family Visas,125,171,146,161,145,144,107,143,154,108,177
Lithuania,Europe,Special Immigrants,1,7,8,1,5,4,3,0,3,1,3
Lithuania,Europe,Total,244,281,278,327,277,298,260,307,253,208,290
Luxembourg,Europe,Diversity Immigrants,3,0,0,1,2,2,0,0,0,2,
Luxembourg,Europe,Employment Preference,1,0,0,0,0,0,0,0,1,0,
Luxembourg,Europe,Family Visas,4,8,4,5,3,11,3,4,2,2,3
Luxembourg,Europe,Special Immigrants,0,0,0,0,0,0,0,0,0,1,
Luxembourg,Europe,Total,8,8,4,6,5,13,3,4,3,5,3
Macau,Europe,Diversity Immigrants,10,1,7,1,3,4,3,15,7,1,2
Macau,Europe,Employment Preference,0,0,2,0,3,0,3,1,10,8,2
Macau,Europe,Family Visas,141,63,87,55,60,54,33,26,29,30,32
Macau,Europe,Special Immigrants,0,0,0,0,1,0,0,0,0,0,
Macau,Europe,Total,151,64,96,56,67,58,39,42,46,39,36
Macedonia,Europe,Diversity Immigrants,213,203,148,175,68,144,177,258,206,233,302
Macedonia,Europe,Employment Preference,8,7,8,11,5,12,18,19,3,5,6
Macedonia,Europe,Family Visas,488,517,471,495,466,356,329,425,498,402,495
Macedonia,Europe,Special Immigrants,0,0,2,3,3,1,2,3,1,5,2
Macedonia,Europe,Total,709,727,629,684,542,513,526,705,708,645,805
Madagascar,Africa,Diversity Immigrants,11,27,15,12,2,13,17,9,29,2,3
Madagascar,Africa,Employment Preference,15,0,3,5,7,13,4,4,8,7,15
Madagascar,Africa,Family Visas,12,19,18,20,13,20,11,21,15,13,8
Madagascar,Africa,Special Immigrants,0,0,0,0,0,0,0,0,0,0,3
Madagascar,Africa,Total,38,46,36,37,22,46,32,34,52,22,29
Malawi,Africa,Diversity Immigrants,16,10,14,10,1,15,6,9,0,8,3
Malawi,Africa,Employment Preference,2,0,3,3,2,1,3,1,0,0,5
Malawi,Africa,Family Visas,18,25,23,29,24,32,11,26,23,20,33
Malawi,Africa,Special Immigrants,1,0,1,0,0,1,0,0,0,0,2
Malawi,Africa,Total,37,35,41,42,27,49,20,36,23,28,43
Malaysia,Asia,Diversity Immigrants,35,27,37,39,24,15,35,13,41,25,35
Malaysia,Asia,Employment Preference,53,52,31,28,24,36,20,48,21,50,80
Malaysia,Asia,Family Visas,279,227,277,338,322,279,287,282,435,327,372
Malaysia,Asia,Special Immigrants,1,1,3,4,3,1,1,3,6,2,2
Malaysia,Asia,Total,368,307,348,409,373,331,343,346,503,404,489
Maldives,Asia,Diversity Immigrants,0,0,0,0,0,0,0,0,0,0,
Maldives,Asia,Employment Preference,1,0,0,0,0,0,0,0,0,0,
Maldives,Asia,Family Visas,1,1,0,1,1,0,0,4,1,1,2
Maldives,Asia,Special Immigrants,0,0,0,0,0,0,0,0,0,0,
Maldives,Asia,Total,2,1,0,1,1,0,0,4,1,1,2
Mali,Africa,Diversity Immigrants,22,39,32,18,17,27,18,22,39,15,21
Mali,Africa,Employment Preference,21,5,25,21,16,4,0,1,3,1,8
Mali,Africa,Family Visas,48,42,72,94,127,138,105,156,170,196,230
Mali,Africa,Special Immigrants,0,0,0,0,0,0,0,0,0,1,
Mali,Africa,Total,91,86,129,133,160,169,123,179,212,213,259
Malta,Europe,Diversity Immigrants,0,0,4,0,0,0,0,0,0,0,
Malta,Europe,Employment Preference,0,4,0,0,0,1,1,3,1,0,
Malta,Europe,Family Visas,7,14,4,5,9,8,4,4,10,11,8
Malta,Europe,Special Immigrants,0,0,0,1,0,0,0,1,0,0,
Malta,Europe,Total,7,18,8,6,9,9,5,8,11,11,8
Marshall Islands,Oceania,Diversity Immigrants,0,0,0,0,0,0,0,0,0,0,
Marshall Islands,Oceania,Employment Preference,0,0,0,0,0,0,0,0,0,0,
Marshall Islands,Oceania,Family Visas,6,25,19,20,16,18,30,21,11,10,8
Marshall Islands,Oceania,Special Immigrants,0,0,0,0,0,0,0,0,0,0,
Marshall Islands,Oceania,Total,6,25,19,20,16,18,30,21,11,10,8
Martinique,Europe,Diversity Immigrants,3,1,0,0,,,,,,,
Martinique,Europe,Employment Preference,1,0,0,0,,,,,,,
Martinique,Europe,Family Visas,6,9,0,0,,,,,,,
Martinique,Europe,Special Immigrants,0,0,0,0,,,,,,,
Martinique,Europe,Total,10,10,0,0,,,,,,,
Mauritania,Africa,Diversity Immigrants,3,8,2,11,3,7,0,6,6,12,8
Mauritania,Africa,Employment Preference,0,1,14,0,4,0,5,0,1,0,5
Mauritania,Africa,Family Visas,20,23,28,59,89,63,61,100,77,95,72
Mauritania,Africa,Special Immigrants,0,0,0,0,0,1,0,0,0,0,
Mauritania,Africa,Total,23,32,44,70,96,71,66,106,84,107,85
Mauritius,Africa,Diversity Immigrants,18,19,20,24,5,4,6,11,7,2,
Mauritius,Africa,Employment Preference,0,4,0,1,0,0,2,0,0,1,2
Mauritius,Africa,Family Visas,5,17,14,11,10,20,16,22,18,20,24
Mauritius,Africa,Special Immigrants,0,0,0,0,0,2,0,0,0,0,
Mauritius,Africa,Total,23,40,34,36,15,26,24,33,25,23,26
Mayotte,Europe,Diversity Immigrants,,,,0,0,0,,,,,
Mayotte,Europe,Employment Preference,,,,0,0,0,,,,,
Mayotte,Europe,Family Visas,,,,0,0,0,,,,,
Mayotte,Europe,Special Immigrants,,,,0,0,0,,,,,
Mayotte,Europe,Total,,,,0,0,0,,,,,
Mexico,North America,Diversity Immigrants,0,0,0,0,0,0,0,0,0,0,
Mexico,North America,Employment Preference,245,375,276,414,318,498,339,266,241,278,453
Mexico,North America,Family Visas,91230,74393,65345,69118,76075,63991,61133,82194,88956,83734,80676
Mexico,North America,Special Immigrants,0,1,0,0,13,9,48,16,37,33,12
Mexico,North America,Total,91475,74769,65621,69532,76406,64498,61520,82476,89234,84045,81141
"Micronesia, Federated States of",Oceania,Diversity Immigrants,0,0,0,0,0,0,0,0,0,0,
"Micronesia, Federated States of",Oceania,Employment Preference,0,0,0,0,0,0,0,0,0,0,
"Micronesia, Federated States of",Oceania,Family Visas,0,0,0,1,0,1,0,0,3,0,2
"Micronesia, Federated States of",Oceania,Special Immigrants,0,0,0,0,0,0,0,0,0,0,
"Micronesia, Federated States of",Oceania,Total,0,0,0,1,0,1,0,0,3,0,2
Moldova,Europe,Diversity Immigrants,270,264,370,563,674,889,1203,1561,1187,1359,545
Moldova,Europe,Employment Preference,7,5,10,9,0,2,6,2,2,18,6
Moldova,Europe,Family Visas,176,166,169,238,182,231,207,300,351,244,249
Moldova,Europe,Special Immigrants,0,1,0,5,4,3,5,4,3,4,8
Moldova,Europe,Total,453,436,549,815,860,1125,1421,1867,1543,1625,808
Monaco,Europe,Diversity Immigrants,1,0,0,0,0,0,4,0,0,0,
Monaco,Europe,Employment Preference,0,0,0,0,0,0,0,0,0,1,
Monaco,Europe,Family Visas,0,0,2,1,0,2,2,4,2,0,3
Monaco,Europe,Special Immigrants,0,0,0,0,0,0,0,0,0,0,
Monaco,Europe,Total,1,0,2,1,0,2,6,4,2,1,3
Mongolia,Asia,Diversity Immigrants,195,119,103,203,86,111,78,53,155,90,78
Mongolia,Asia,Employment Preference,6,7,9,14,6,14,26,10,3,11,23
Mongolia,Asia,Family Visas,82,91,80,95,75,89,91,130,133,120,98
Mongolia,Asia,Special Immigrants,0,0,0,1,6,0,5,1,1,5,8
Mongolia,Asia,Total,283,217,192,313,173,214,200,194,292,226,207
Montenegro,Europe,Diversity Immigrants,8,3,10,2,5,11,10,6,6,13,12
Montenegro,Europe,Employment Preference,0,0,4,0,1,1,3,0,0,4,5
Montenegro,Europe,Family Visas,150,194,152,159,171,162,115,161,220,168,155
Montenegro,Europe,Special Immigrants,0,0,0,0,1,0,0,0,0,0,
Montenegro,Europe,Total,158,197,166,161,178,174,128,167,226,185,172
Montserrat,Europe,Diversity Immigrants,0,0,0,0,0,0,0,0,0,0,
Montserrat,Europe,Employment Preference,0,0,0,0,0,0,0,0,0,0,
Montserrat,Europe,Family Visas,16,13,6,6,7,11,14,9,6,3,
Montserrat,Europe,Special Immigrants,0,0,0,0,0,0,0,1,1,0,
Montserrat,Europe,Total,16,13,6,6,7,11,14,10,7,3,
Morocco,Africa,Diversity Immigrants,2115,1991,1763,982,368,889,853,904,1110,1077,566
Morocco,Africa,Employment Preference,46,70,22,17,24,5,36,26,24,14,42
Morocco,Africa,Family Visas,1253,1532,1692,1810,1836,1581,1539,1891,2372,1680,1440
Morocco,Africa,Special Immigrants,3,1,4,5,2,4,5,9,8,9,12
Morocco,Africa,Total,3417,3594,3481,2814,2230,2479,2433,2830,3514,2780,2060
Mozambique,Africa,Diversity Immigrants,0,1,3,0,2,0,5,1,0,3,
Mozambique,Africa,Employment Preference,0,0,0,0,0,0,0,2,0,0,
Mozambique,Africa,Family Visas,15,9,21,15,22,11,6,13,15,13,24
Mozambique,Africa,Special Immigrants,0,0,0,0,0,0,0,1,0,0,
Mozambique,Africa,Total,15,10,24,15,24,11,11,17,15,16,24
Namibia,Africa,Diversity Immigrants,0,10,0,3,2,7,0,6,3,5,
Namibia,Africa,Employment Preference,1,0,0,3,0,0,1,1,1,0,2
Namibia,Africa,Family Visas,6,3,9,7,7,9,5,10,7,18,6
Namibia,Africa,Special Immigrants,0,0,0,0,0,0,1,0,0,0,
Namibia,Africa,Total,7,13,9,13,9,16,7,17,11,23,8
Nauru,Oceania,Diversity Immigrants,0,0,0,6,0,0,0,0,0,0,
Nauru,Oceania,Employment Preference,0,0,0,0,0,0,0,0,0,0,
Nauru,Oceania,Family Visas,0,0,0,0,0,0,0,1,0,0,2
Nauru,Oceania,Special Immigrants,0,0,0,0,0,0,0,0,0,0,
Nauru,Oceania,Total,0,0,0,6,0,0,0,1,0,0,2
Nepal,Asia,Diversity Immigrants,2040,1592,1902,1970,1896,3316,3437,3332,3210,3451,3459
Nepal,Asia,Employment Preference,146,84,199,160,141,91,90,124,132,170,218
Nepal,Asia,Family Visas,351,574,973,1140,1243,1514,1545,2246,3089,2684,2588
Nepal,Asia,Special Immigrants,1,1,2,7,15,10,14,9,13,21,14
Nepal,Asia,Total,2538,2251,3076,3277,3295,4931,5086,5711,6444,6326,6279
Netherlands,Europe,Diversity Immigrants,62,86,60,41,41,30,62,43,30,28,17
Netherlands,Europe,Employment Preference,25,17,21,22,21,25,17,18,17,13,35
Netherlands,Europe,Family Visas,170,174,159,185,134,128,117,228,195,134,147
Netherlands,Europe,Special Immigrants,3,1,1,0,3,1,2,2,2,0,
Netherlands,Europe,Total,260,278,241,248,199,184,198,291,244,175,199
Netherlands Antilles,Europe,Diversity Immigrants,0,12,0,0,,,,,,,
Netherlands Antilles,Europe,Employment Preference,0,0,2,1,,,,,,,
Netherlands Antilles,Europe,Family Visas,25,40,22,6,,,,,,,
Netherlands Antilles,Europe,Special Immigrants,0,0,0,0,,,,,,,
Netherlands Antilles,Europe,Total,25,52,24,7,,,,,,,
New Caledonia,Europe,Diversity Immigrants,0,0,0,0,0,0,1,0,0,0,
New Caledonia,Europe,Employment Preference,0,0,0,0,0,4,0,0,0,0,
New Caledonia,Europe,Family Visas,0,2,0,0,0,0,1,1,1,0,2
New Caledonia,Europe,Special Immigrants,0,0,0,0,0,0,0,0,0,0,
New Caledonia,Europe,Total,0,2,0,0,0,4,2,1,1,0,2
New Zealand,Oceania,Diversity Immigrants,103,66,70,81,70,109,114,124,52,121,95
New Zealand,Oceania,Employment Preference,13,12,22,15,22,20,18,12,19,17,36
New Zealand,Oceania,Family Visas,187,162,194,178,136,161,121,169,155,96,119
New Zealand,Oceania,Special Immigrants,0,3,8,6,5,4,2,2,4,3,2
New Zealand,Oceania,Total,303,243,294,280,233,294,255,307,230,237,252
Nicaragua,North America,Diversity Immigrants,14,19,16,22,7,28,2,4,4,3,6
Nicaragua,North America,Employment Preference,14,3,12,4,4,6,6,1,5,12,32
Nicaragua,North America,Family Visas,2169,2139,2087,1971,1814,1802,1579,2115,2098,1963,2403
Nicaragua,North America,Special Immigrants,9,4,0,5,8,9,11,10,8,5,
Nicaragua,North America,Total,2206,2165,2115,2002,1833,1845,1598,2130,2115,1983,2441
Niger,Africa,Diversity Immigrants,39,17,19,19,2,18,13,14,13,6,3
Niger,Africa,Employment Preference,3,8,6,9,2,1,4,7,2,17,2
Niger,Africa,Family Visas,19,15,11,21,47,37,55,58,92,89,86
Niger,Africa,Special Immigrants,0,0,0,0,0,0,0,0,0,0,
Niger,Africa,Total,61,40,36,49,51,56,72,79,107,112,91
Nigeria,Africa,Diversity Immigrants,3393,3240,2809,2787,1850,3252,2442,0,0,0,
Nigeria,Africa,Employment Preference,181,68,105,123,135,146,155,167,246,201,572
Nigeria,Africa,Family Visas,5637,5611,5645,4970,7023,6361,4742,6073,8681,6066,7191
Nigeria,Africa,Special Immigrants,1,8,41,36,38,23,57,42,61,46,75
Nigeria,Africa,Total,9212,8927,8600,7916,9046,9782,7396,6282,8988,6313,7838
Niue,Oceania,Diversity Immigrants,0,0,0,0,0,0,0,0,0,0,
Niue,Oceania,Employment Preference,0,0,0,0,0,0,0,0,0,0,
Niue,Oceania,Family Visas,0,0,0,0,0,0,0,0,0,1,
Niue,Oceania,Special Immigrants,0,0,0,0,0,0,0,0,0,0,
Niue,Oceania,Total,0,0,0,0,0,0,0,0,0,1,
Norfolk Island,Oceania,Diversity Immigrants,,,,0,0,0,0,5,0,0,
Norfolk Island,Oceania,Employment Preference,,,,0,0,0,0,0,0,0,
Norfolk Island,Oceania,Family Visas,,,,0,0,0,0,0,0,0,
Norfolk Island,Oceania,Special Immigrants,,,,0,0,0,0,0,0,0,
Norfolk Island,Oceania,Total,,,,0,0,0,0,5,0,0,
Northern Ireland (DV only),Europe,Diversity Immigrants,1,13,10,15,13,11,16,15,6,4,2
Northern Ireland (DV only),Europe,Employment Preference,0,0,0,0,0,0,0,0,0,0,
Northern Ireland (DV only),Europe,Family Visas,0,0,0,0,0,0,0,0,0,0,
Northern Ireland (DV only),Europe,Special Immigrants,0,0,0,0,0,0,0,0,0,0,
Northern Ireland (DV only),Europe,Total,1,13,10,15,13,11,16,15,6,4,2
Norway,Europe,Diversity Immigrants,9,10,12,11,4,15,0,1,3,8,9
Norway,Europe,Employment Preference,6,2,9,11,4,17,3,2,3,2,17
Norway,Europe,Family Visas,66,60,84,77,45,52,36,69,73,42,53
Norway,Europe,Special Immigrants,0,0,1,1,0,1,0,1,2,0,6
Norway,Europe,Total,81,72,106,100,53,85,39,73,81,52,85
Oman,Asia,Diversity Immigrants,5,1,2,0,2,1,2,1,4,6,3
Oman,Asia,Employment Preference,0,0,1,0,0,0,0,0,0,2,5
Oman,Asia,Family Visas,9,9,14,10,10,18,12,17,24,23,20
Oman,Asia,Special Immigrants,0,0,0,0,0,0,2,0,0,1,
Oman,Asia,Total,14,10,17,10,12,19,16,18,28,32,28
Pakistan,Asia,Diversity Immigrants,0,0,0,0,0,0,0,0,0,0,
Pakistan,Asia,Employment Preference,598,515,463,332,178,265,400,378,343,342,495
Pakistan,Asia,Family Visas,13159,14373,10812,9833,9903,8441,13467,13791,14554,11733,11066
Pakistan,Asia,Special Immigrants,40,47,42,27,20,41,50,51,62,68,78
Pakistan,Asia,Total,13797,14935,11317,10192,10101,8747,13917,14220,14959,12143,11639
Palau,Oceania,Diversity Immigrants,0,0,0,0,0,0,0,0,0,0,
Palau,Oceania,Employment Preference,0,0,0,0,0,1,0,2,0,0,
Palau,Oceania,Family Visas,3,4,6,3,1,1,2,4,0,3,
Palau,Oceania,Special Immigrants,0,0,0,0,0,1,0,0,0,0,
Palau,Oceania,Total,3,4,6,3,1,3,2,6,0,3,
Panama,North America,Diversity Immigrants,5,6,15,5,7,4,6,5,1,0,6
Panama,North America,Employment Preference,4,5,3,11,5,4,2,11,4,5,9
Panama,North America,Family Visas,564,553,457,468,434,394,332,362,353,328,393
Panama,North America,Special Immigrants,1,3,3,4,2,6,15,4,3,2,
Panama,North America,Total,574,567,478,488,448,408,355,382,361,335,408
Papua New Guinea,Oceania,Diversity Immigrants,2,12,7,1,0,7,1,1,0,1,
Papua New Guinea,Oceania,Employment Preference,0,0,0,0,0,0,0,0,0,0,
Papua New Guinea,Oceania,Family Visas,5,2,6,5,4,9,5,3,4,5,2
Papua New Guinea,Oceania,Special Immigrants,0,0,0,1,0,0,0,0,0,0,
Papua New Guinea,Oceania,Total,7,14,13,7,4,16,6,4,4,6,2
Paraguay,South America,Diversity Immigrants,3,1,16,4,5,4,1,2,2,2,
Paraguay,South America,Employment Preference,6,1,3,4,3,7,3,10,0,0,2
Paraguay,South America,Family Visas,112,95,88,152,82,102,83,114,116,106,132
Paraguay,South America,Special Immigrants,1,0,0,0,2,0,1,2,2,3,2
Paraguay,South America,Total,122,97,107,160,92,113,88,128,120,111,136
Peru,South America,Diversity Immigrants,0,0,0,0,0,0,0,0,0,0,
Peru,South America,Employment Preference,171,134,108,124,166,103,50,58,39,62,54
Peru,South America,Family Visas,5576,4860,5468,5188,5090,5049,4062,5419,5877,4884,5618
Peru,South America,Special Immigrants,14,16,22,32,49,46,37,37,47,51,36
Peru,South America,Total,5761,5010,5598,5344,5305,5198,4149,5514,5963,4997,5708
Philippines,Asia,Diversity Immigrants,0,0,0,0,0,0,0,0,0,0,
Philippines,Asia,Employment Preference,2608,2134,1093,1856,3393,4114,2662,3981,5664,4278,6011
Philippines,Asia,Family Visas,28036,33786,36173,32716,32913,31515,28909,32521,29391,25964,26951
Philippines,Asia,Special Immigrants,148,128,128,130,84,116,87,148,219,168,143
Philippines,Asia,Total,30792,36048,37394,34702,36390,35745,31658,36650,35274,30410,33105
Pitcairn,Europe,Diversity Immigrants,0,0,0,0,0,0,0,0,0,0,
Pitcairn,Europe,Employment Preference,0,0,0,0,0,0,0,0,0,0,
Pitcairn,Europe,Family Visas,0,0,0,0,0,0,0,0,0,0,
Pitcairn,Europe,Special Immigrants,0,0,0,0,0,0,0,0,0,0,
Pitcairn,Europe,Total,0,0,0,0,0,0,0,0,0,0,
Poland,Europe,Diversity Immigrants,0,0,0,0,0,752,455,368,305,282,215
Poland,Europe,Employment Preference,133,122,115,65,50,62,56,50,43,49,102
Poland,Europe,Family Visas,2149,1881,2005,1568,1474,1432,1140,1552,1591,1282,1392
Poland,Europe,Special Immigrants,17,25,15,13,14,29,7,19,23,12,18
Poland,Europe,Total,2299,2028,2135,1646,1538,2275,1658,1989,1962,1625,1727
Portugal,Europe,Diversity Immigrants,10,11,8,9,12,15,21,20,9,13,18
Portugal,Europe,Employment Preference,10,18,14,27,14,16,24,17,24,8,12
Portugal,Europe,Family Visas,124,139,131,156,138,143,97,131,151,145,129
Portugal,Europe,Special Immigrants,0,1,0,3,2,0,0,1,1,2,
Portugal,Europe,Total,144,169,153,195,166,174,142,169,185,168,159
Qatar,Asia,Diversity Immigrants,1,0,0,0,3,14,14,14,14,9,11
Qatar,Asia,Employment Preference,1,6,1,0,0,1,1,2,2,8,21
Qatar,Asia,Family Visas,37,36,58,50,37,66,45,73,105,68,71
Qatar,Asia,Special Immigrants,0,0,0,0,0,0,0,0,0,1,2
Qatar,Asia,Total,39,42,59,50,40,81,60,89,121,86,105
Reunion,Europe,Diversity Immigrants,0,1,0,0,,,,,,,
Reunion,Europe,Employment Preference,0,0,0,0,,,,,,,
Reunion,Europe,Family Visas,1,0,0,0,,,,,,,
Reunion,Europe,Special Immigrants,0,0,0,0,,,,,,,
Reunion,Europe,Total,1,1,0,0,,,,,,,
Romania,Europe,Diversity Immigrants,815,310,320,433,555,407,486,502,325,304,192
Romania,Europe,Employment Preference,54,50,35,36,37,39,28,39,7,25,63
Romania,Europe,Family Visas,858,974,929,939,901,839,587,779,820,670,596
Romania,Europe,Special Immigrants,8,10,18,25,37,25,28,30,29,12,24
Romania,Europe,Total,1735,1344,1302,1433,1530,1310,1129,1350,1181,1011,875
Russia,Europe,Diversity Immigrants,0,0,1004,1443,1014,1601,1837,1949,1327,1731,1953
Russia,Europe,Employment Preference,81,134,136,137,98,128,164,182,144,230,306
Russia,Europe,Family Visas,3482,3352,2946,2988,2747,2171,1556,2003,2207,1717,1794
Russia,Europe,Special Immigrants,24,21,19,40,21,31,25,23,16,11,12
Russia,Europe,Total,3587,3507,4105,4608,3880,3931,3582,4157,3694,3689,4065
Rwanda,Africa,Diversity Immigrants,43,31,64,63,41,155,138,198,240,158,233
Rwanda,Africa,Employment Preference,2,0,1,0,0,0,0,12,8,12,9
Rwanda,Africa,Family Visas,40,30,59,76,66,47,39,51,50,77,74
Rwanda,Africa,Special Immigrants,1,0,0,0,0,0,0,0,0,0,
Rwanda,Africa,Total,86,61,124,139,107,202,177,261,298,247,316
Saint Kitts and Nevis,North America,Diversity Immigrants,0,2,1,0,2,4,0,1,0,0,
Saint Kitts and Nevis,North America,Employment Preference,3,0,0,0,0,1,0,4,2,0,
Saint Kitts and Nevis,North America,Family Visas,209,179,204,209,212,164,147,135,144,154,204
Saint Kitts and Nevis,North America,Special Immigrants,1,0,0,0,0,0,0,0,0,0,
Saint Kitts and Nevis,North America,Total,213,181,205,209,214,169,147,140,146,154,204
Saint Lucia,North America,Diversity Immigrants,2,4,5,6,1,8,11,4,0,10,8
Saint Lucia,North America,Employment Preference,5,4,4,1,2,0,2,6,9,17,17
Saint Lucia,North America,Family Visas,296,296,281,280,316,319,289,337,307,365,381
Saint Lucia,North America,Special Immigrants,0,0,0,0,0,0,0,0,1,0,
Saint Lucia,North America,Total,303,304,290,287,319,327,302,347,317,392,406
Saint Martin,Europe,Diversity Immigrants,,,,0,0,0,0,0,0,0,
Saint Martin,Europe,Employment Preference,,,,0,0,0,0,0,0,0,
Saint Martin,Europe,Family Visas,,,,0,2,1,0,1,3,3,3
Saint Martin,Europe,Special Immigrants,,,,0,0,0,0,0,0,0,
Saint Martin,Europe,Total,,,,0,2,1,0,1,3,3,3
Saint Vincent and the Grenadines,North America,Diversity Immigrants,0,1,5,2,1,9,5,3,0,0,
Saint Vincent and the Grenadines,North America,Employment Preference,5,0,3,1,0,2,1,6,10,1,3
Saint Vincent and the Grenadines,North America,Family Visas,214,202,216,212,154,181,157,164,196,154,224
Saint Vincent and the Grenadines,North America,Special Immigrants,0,0,0,0,1,0,1,0,0,0,
Saint Vincent and the Grenadines,North America,Total,219,203,224,215,156,192,164,173,206,155,227
Samoa,Oceania,Diversity Immigrants,9,2,5,3,2,0,0,0,0,0,5
Samoa,Oceania,Employment Preference,1,1,0,0,0,0,0,0,0,0,
Samoa,Oceania,Family Visas,25,42,37,27,24,36,37,54,48,34,23
Samoa,Oceania,Special Immigrants,0,0,0,0,0,1,0,0,0,0,
Samoa,Oceania,Total,35,45,42,30,26,37,37,54,48,34,28
San Marino,Europe,Diversity Immigrants,0,0,0,0,0,0,0,0,0,0,
San Marino,Europe,Employment Preference,0,0,0,0,0,0,0,0,0,0,
San Marino,Europe,Family Visas,0,0,0,0,0,0,1,0,0,0,
San Marino,Europe,Special Immigrants,0,0,0,0,0,0,0,0,0,0,
San Marino,Europe,Total,0,0,0,0,0,0,1,0,0,0,
Sao Tome and Principe,Africa,Diversity Immigrants,0,0,0,0,0,0,0,0,0,0,
Sao Tome and Principe,Africa,Employment Preference,0,0,0,0,0,0,0,1,0,0,
Sao Tome and Principe,Africa,Family Visas,6,4,4,4,7,3,3,2,8,7,5
Sao Tome and Principe,Africa,Special Immigrants,0,0,0,0,0,0,0,0,0,0,
Sao Tome and Principe,Africa,Total,6,4,4,4,7,3,3,3,8,7,5
Saudi Arabia,Asia,Diversity Immigrants,21,34,27,39,52,81,104,88,123,103,95
Saudi Arabia,Asia,Employment Preference,9,14,8,12,16,17,31,39,45,42,60
Saudi Arabia,Asia,Family Visas,374,488,441,455,405,378,442,467,669,568,590
Saudi Arabia,Asia,Special Immigrants,1,4,0,1,3,8,1,7,1,8,9
Saudi Arabia,Asia,Total,405,540,476,507,476,484,578,601,838,721,754
Senegal,Africa,Diversity Immigrants,94,158,123,126,48,88,108,98,136,98,62
Senegal,Africa,Employment Preference,28,30,32,46,17,15,24,30,14,12,24
Senegal,Africa,Family Visas,352,416,415,477,674,498,451,526,674,793,744
Senegal,Africa,Special Immigrants,1,1,0,0,0,0,2,1,6,1,2
Senegal,Africa,Total,475,605,570,649,739,601,585,655,830,904,832
Serbia,Europe,Diversity Immigrants,323,196,152,149,114,159,197,210,210,306,219
Serbia,Europe,Employment Preference,11,4,10,17,11,9,12,2,3,15,35
Serbia,Europe,Family Visas,631,302,300,257,243,297,196,313,309,260,207
Serbia,Europe,Special Immigrants,0,1,1,0,1,0,3,1,1,2,2
Serbia,Europe,Total,965,503,463,423,369,465,408,526,523,583,463
Seychelles,Africa,Diversity Immigrants,0,3,0,0,1,0,0,0,0,0,
Seychelles,Africa,Employment Preference,0,0,0,0,0,0,0,0,0,0,
Seychelles,Africa,Family Visas,6,4,4,7,1,3,0,4,11,3,2
Seychelles,Africa,Special Immigrants,0,0,0,0,0,0,0,0,0,0,
Seychelles,Africa,Total,6,7,4,7,2,3,0,4,11,3,2
Sierra Leone,Africa,Diversity Immigrants,430,543,307,315,283,719,447,354,381,340,62
Sierra Leone,Africa,Employment Preference,9,8,33,25,14,6,34,27,5,5,2
Sierra Leone,Africa,Family Visas,466,479,667,750,676,640,569,696,793,1179,1038
Sierra Leone,Africa,Special Immigrants,0,2,1,0,1,4,6,2,1,1,
Sierra Leone,Africa,Total,905,1032,1008,1090,974,1369,1056,1079,1180,1525,1102
Singapore,Asia,Diversity Immigrants,18,12,8,11,9,5,23,1,10,9,8
Singapore,Asia,Employment Preference,12,8,14,14,10,14,21,21,42,20,78
Singapore,Asia,Family Visas,136,97,120,117,92,117,88,123,145,149,132
Singapore,Asia,Special Immigrants,0,2,0,0,0,5,2,1,0,2,5
Singapore,Asia,Total,166,119,142,142,111,141,134,146,197,180,223
Sint Maarten,Europe,Diversity Immigrants,,,,0,0,0,0,1,0,0,
Sint Maarten,Europe,Employment Preference,,,,0,0,0,0,0,0,0,
Sint Maarten,Europe,Family Visas,,,,18,20,23,21,24,25,8,15
Sint Maarten,Europe,Special Immigrants,,,,0,0,0,0,0,0,0,
Sint Maarten,Europe,Total,,,,18,20,23,21,25,25,8,15
Slovakia,Europe,Diversity Immigrants,62,41,38,33,14,25,32,41,25,28,21
Slovakia,Europe,Employment Preference,19,12,1,3,9,12,8,7,9,6,
Slovakia,Europe,Family Visas,59,77,64,87,82,55,46,55,76,50,72
Slovakia,Europe,Special Immigrants,0,0,0,3,1,1,0,2,1,1,
Slovakia,Europe,Total,140,130,103,126,106,93,86,105,111,85,93
Slovenia,Europe,Diversity Immigrants,4,6,4,2,2,4,0,4,4,9,5
Slovenia,Europe,Employment Preference,3,0,0,0,0,1,0,2,4,4,8
Slovenia,Europe,Family Visas,8,15,15,6,18,8,11,17,12,14,12
Slovenia,Europe,Special Immigrants,0,0,1,0,0,0,0,0,1,0,
Slovenia,Europe,Total,15,21,20,8,20,13,11,23,21,27,25
Solomon Islands,Oceania,Diversity Immigrants,0,0,0,0,0,0,0,0,0,0,
Solomon Islands,Oceania,Employment Preference,0,0,0,0,0,0,0,0,0,0,
Solomon Islands,Oceania,Family Visas,5,0,1,1,0,0,2,0,1,2,2
Solomon Islands,Oceania,Special Immigrants,0,0,0,0,1,0,0,0,0,0,
Solomon Islands,Oceania,Total,5,0,1,1,1,0,2,0,1,2,2
Somalia,Africa,Diversity Immigrants,40,70,71,52,28,78,46,59,104,56,11
Somalia,Africa,Employment Preference,8,0,6,3,1,10,1,0,3,0,9
Somalia,Africa,Family Visas,458,547,608,640,892,959,1653,1018,1689,1734,675
Somalia,Africa,Special Immigrants,4,2,5,3,0,0,5,1,1,1,5
Somalia,Africa,Total,510,619,690,698,921,1047,1705,1078,1797,1791,700
South Africa,Africa,Diversity Immigrants,210,277,278,266,211,285,211,178,162,209,123
South Africa,Africa,Employment Preference,24,78,84,53,71,74,80,79,86,110,273
South Africa,Africa,Family Visas,364,365,380,431,359,359,320,506,528,467,414
South Africa,Africa,Special Immigrants,3,3,2,16,21,14,6,10,11,5,5
South Africa,Africa,Total,601,723,744,766,662,732,617,773,787,791,815
South Georgia and the South Sandwich Islands,Europe,Diversity Immigrants,,,,0,0,0,0,0,0,0,
South Georgia and the South Sandwich Islands,Europe,Employment Preference,,,,0,0,0,0,0,0,0,
South Georgia and the South Sandwich Islands,Europe,Family Visas,,,,0,0,0,0,0,0,0,
South Georgia and the South Sandwich Islands,Europe,Special Immigrants,,,,0,0,0,0,0,0,0,
South Georgia and the South Sandwich Islands,Europe,Total,,,,0,0,0,0,0,0,0,
South Sudan,Africa,Diversity Immigrants,,,,0,0,0,0,1,10,6,2
South Sudan,Africa,Employment Preference,,,,0,0,0,0,0,0,0,
South Sudan,Africa,Family Visas,,,,0,18,71,41,73,88,113,98
South Sudan,Africa,Special Immigrants,,,,0,0,1,0,0,0,1,2
South Sudan,Africa,Total,,,,0,18,72,41,74,98,120,102
Spain,Europe,Diversity Immigrants,47,65,73,72,57,80,158,160,65,84,53
Spain,Europe,Employment Preference,19,35,15,14,19,33,21,28,32,40,95
Spain,Europe,Family Visas,235,244,359,425,297,346,293,403,395,333,375
Spain,Europe,Special Immigrants,7,9,10,6,6,10,4,7,3,8,8
Spain,Europe,Total,308,353,457,517,379,469,476,598,495,465,531
Sri Lanka,Asia,Diversity Immigrants,445,530,419,317,192,287,278,191,302,154,188
Sri Lanka,Asia,Employment Preference,91,57,43,65,57,40,18,27,17,33,33
Sri Lanka,Asia,Family Visas,368,355,461,473,448,434,462,544,620,524,477
Sri Lanka,Asia,Special Immigrants,0,2,2,3,5,5,3,6,0,5,6
Sri Lanka,Asia,Total,904,944,925,858,702,766,761,768,939,716,704
St. Barthelemy,Europe,Diversity Immigrants,,,,0,0,0,0,0,0,0,
St. Barthelemy,Europe,Employment Preference,,,,0,0,0,0,0,0,0,
St. Barthelemy,Europe,Family Visas,,,,0,0,0,0,0,0,0,
St. Barthelemy,Europe,Special Immigrants,,,,0,0,0,0,0,0,0,
St. Barthelemy,Europe,Total,,,,0,0,0,0,0,0,0,
St. Helena,Europe,Diversity Immigrants,0,0,0,0,0,0,0,0,0,0,
St. Helena,Europe,Employment Preference,0,0,0,0,0,0,0,0,0,0,
St. Helena,Europe,Family Visas,1,0,0,1,0,1,0,0,0,0,
St. Helena,Europe,Special Immigrants,0,0,0,0,0,0,0,0,0,0,
St. Helena,Europe,Total,1,0,0,1,0,1,0,0,0,0,
St. Pierre and Miquelon,Europe,Diversity Immigrants,0,0,0,0,0,0,0,0,0,0,
St. Pierre and Miquelon,Europe,Employment Preference,0,0,0,0,0,0,0,0,0,0,
St. Pierre and Miquelon,Europe,Family Visas,0,0,0,0,0,0,0,0,0,0,
St. Pierre and Miquelon,Europe,Special Immigrants,0,0,0,0,0,0,0,0,0,0,
St. Pierre and Miquelon,Europe,Total,0,0,0,0,0,0,0,0,0,0,
Sudan,Africa,Diversity Immigrants,495,585,553,565,304,435,959,1176,1830,1171,1260
Sudan,Africa,Employment Preference,3,0,10,11,5,15,10,18,12,9,27
Sudan,Africa,Family Visas,419,569,652,578,855,566,580,447,763,655,1026
Sudan,Africa,Special Immigrants,2,0,2,1,3,3,3,1,1,6,6
Sudan,Africa,Total,919,1154,1217,1155,1167,1019,1552,1642,2606,1841,2319
Suriname,South America,Diversity Immigrants,2,1,0,0,1,3,4,2,2,0,
Suriname,South America,Employment Preference,2,0,1,0,3,3,0,0,0,0,2
Suriname,South America,Family Visas,81,56,80,69,67,58,73,57,60,72,110
Suriname,South America,Special Immigrants,0,0,0,0,0,0,0,0,0,0,
Suriname,South America,Total,85,57,81,69,71,64,77,59,62,72,112
Svalbard,Europe,Diversity Immigrants,,,,0,0,0,0,0,0,0,
Svalbard,Europe,Employment Preference,,,,0,0,0,0,0,0,0,
Svalbard,Europe,Family Visas,,,,0,0,0,0,0,0,0,
Svalbard,Europe,Special Immigrants,,,,0,0,0,0,0,0,0,
Svalbard,Europe,Total,,,,0,0,0,0,0,0,0,
Swaziland,Africa,Diversity Immigrants,0,1,0,1,0,0,0,0,4,0,
Swaziland,Africa,Employment Preference,0,2,0,0,0,0,0,0,0,1,
Swaziland,Africa,Family Visas,5,19,10,5,10,3,3,4,4,3,6
Swaziland,Africa,Special Immigrants,0,0,0,0,0,0,0,0,0,0,
Swaziland,Africa,Total,5,22,10,6,10,3,3,4,8,4,6
Sweden,Europe,Diversity Immigrants,47,43,43,28,51,52,30,40,46,51,29
Sweden,Europe,Employment Preference,19,21,22,12,18,14,30,12,33,14,38
Sweden,Europe,Family Visas,170,151,205,172,132,151,109,160,168,151,167
Sweden,Europe,Special Immigrants,0,5,0,0,1,0,3,0,1,3,3
Sweden,Europe,Total,236,220,270,212,202,217,172,212,248,219,237
Switzerland,Europe,Diversity Immigrants,63,88,66,63,43,37,58,50,22,32,12
Switzerland,Europe,Employment Preference,16,14,15,15,21,6,9,9,3,7,5
Switzerland,Europe,Family Visas,75,98,76,104,101,79,60,97,92,69,84
Switzerland,Europe,Special Immigrants,0,0,1,1,2,3,2,1,1,0,2
Switzerland,Europe,Total,154,200,158,183,167,125,129,157,118,108,103
Syria,Asia,Diversity Immigrants,38,53,32,63,72,87,135,127,154,124,29
Syria,Asia,Employment Preference,66,63,47,85,79,75,66,47,47,91,80
Syria,Asia,Family Visas,1145,1315,1393,1487,1772,1993,1760,1712,2422,2327,822
Syria,Asia,Special Immigrants,11,5,6,6,3,24,23,15,10,9,3
Syria,Asia,Total,1260,1436,1478,1641,1926,2179,1984,1901,2633,2551,934
Tajikistan,Europe,Diversity Immigrants,66,73,110,169,141,200,239,333,231,413,690
Tajikistan,Europe,Employment Preference,2,1,14,21,4,19,23,36,12,5,9
Tajikistan,Europe,Family Visas,32,34,47,41,48,57,56,63,61,87,107
Tajikistan,Europe,Special Immigrants,0,0,1,0,0,0,2,3,1,4,
Tajikistan,Europe,Total,100,108,172,231,193,276,320,435,305,509,806
Tanzania,Africa,Diversity Immigrants,63,128,56,66,51,45,28,56,28,43,27
Tanzania,Africa,Employment Preference,3,9,9,5,13,16,8,3,7,24,24
Tanzania,Africa,Family Visas,190,140,224,172,186,142,124,193,243,209,209
Tanzania,Africa,Special Immigrants,0,1,1,0,0,0,1,0,1,1,2
Tanzania,Africa,Total,256,278,290,243,250,203,161,252,279,277,262
Thailand,Asia,Diversity Immigrants,37,43,23,28,17,21,16,18,26,17,23
Thailand,Asia,Employment Preference,65,47,47,44,56,31,34,43,20,44,69
Thailand,Asia,Family Visas,1080,1252,1321,1320,1389,1317,982,1314,1472,1271,1434
Thailand,Asia,Special Immigrants,3,3,5,4,7,3,14,10,9,5,8
Thailand,Asia,Total,1185,1347,1396,1396,1469,1372,1049,1385,1527,1337,1534
Timor-Leste,Asia,Diversity Immigrants,0,1,0,0,0,0,0,0,0,0,
Timor-Leste,Asia,Employment Preference,0,0,0,0,0,0,0,0,0,0,
Timor-Leste,Asia,Family Visas,1,2,0,1,2,0,0,4,2,0,3
Timor-Leste,Asia,Special Immigrants,0,0,0,0,0,0,0,0,0,0,
Timor-Leste,Asia,Total,1,3,0,1,2,0,0,4,2,0,3
Togo,Africa,Diversity Immigrants,464,476,505,524,279,511,564,545,685,504,539
Togo,Africa,Employment Preference,19,5,5,6,6,3,2,2,1,4,5
Togo,Africa,Family Visas,167,319,469,499,658,592,593,701,865,593,747
Togo,Africa,Special Immigrants,1,1,0,1,4,4,0,6,4,2,3
Togo,Africa,Total,651,801,979,1030,947,1110,1159,1254,1555,1103,1294
Tokelau,Oceania,Diversity Immigrants,,,,0,0,0,0,0,0,0,
Tokelau,Oceania,Employment Preference,,,,0,0,0,0,0,0,0,
Tokelau,Oceania,Family Visas,,,,0,0,0,0,0,0,0,
Tokelau,Oceania,Special Immigrants,,,,0,0,0,0,0,0,0,
Tokelau,Oceania,Total,,,,0,0,0,0,0,0,0,
Tonga,Oceania,Diversity Immigrants,26,27,20,9,1,11,1,15,1,24,15
Tonga,Oceania,Employment Preference,0,0,0,0,0,0,0,0,6,0,
Tonga,Oceania,Family Visas,149,93,95,130,58,117,130,129,96,97,89
Tonga,Oceania,Special Immigrants,0,1,1,1,0,3,0,1,0,0,
Tonga,Oceania,Total,175,121,116,140,59,131,131,145,103,121,104
Trinidad and Tobago,North America,Diversity Immigrants,46,69,91,43,37,43,57,46,20,14,27
Trinidad and Tobago,North America,Employment Preference,34,24,32,27,26,20,7,33,20,37,32
Trinidad and Tobago,North America,Family Visas,1548,1469,1489,1511,1555,1427,1049,1231,1314,1192,1299
Trinidad and Tobago,North America,Special Immigrants,7,7,5,2,7,5,5,8,2,4,3
Trinidad and Tobago,North America,Total,1635,1569,1617,1583,1625,1495,1118,1318,1356,1247,1361
Tunisia,Africa,Diversity Immigrants,37,47,62,40,22,40,37,37,97,60,41
Tunisia,Africa,Employment Preference,5,4,2,5,3,7,5,18,12,13,3
Tunisia,Africa,Family Visas,88,123,150,205,193,191,170,230,242,191,183
Tunisia,Africa,Special Immigrants,1,0,0,3,3,7,3,1,1,0,2
Tunisia,Africa,Total,131,174,214,253,221,245,215,286,352,264,229
Turkey,Europe,Diversity Immigrants,902,931,973,863,792,619,988,1164,737,1303,1658
Turkey,Europe,Employment Preference,100,198,120,124,89,95,96,113,103,137,233
Turkey,Europe,Family Visas,715,704,714,752,606,607,506,738,793,756,786
Turkey,Europe,Special Immigrants,5,7,1,8,9,12,13,16,22,10,11
Turkey,Europe,Total,1722,1840,1808,1747,1496,1333,1603,2031,1655,2206,2688
Turkmenistan,Europe,Diversity Immigrants,77,56,63,81,65,64,103,91,71,92,138
Turkmenistan,Europe,Employment Preference,0,4,4,3,0,1,3,8,1,0,6
Turkmenistan,Europe,Family Visas,30,31,25,44,33,33,37,37,47,57,54
Turkmenistan,Europe,Special Immigrants,0,0,0,0,0,0,2,1,0,0,
Turkmenistan,Europe,Total,107,91,92,128,98,98,145,137,119,149,198
Turks and Caicos Islands,Europe,Diversity Immigrants,0,0,0,0,0,0,0,0,0,0,
Turks and Caicos Islands,Europe,Employment Preference,0,0,0,0,0,1,0,0,0,2,
Turks and Caicos Islands,Europe,Family Visas,8,10,7,14,4,17,9,6,8,9,6
Turks and Caicos Islands,Europe,Special Immigrants,0,0,0,0,0,0,0,0,0,0,
Turks and Caicos Islands,Europe,Total,8,10,7,14,4,18,9,6,8,11,6
Tuvalu,Oceania,Diversity Immigrants,0,0,0,0,0,0,0,0,0,0,
Tuvalu,Oceania,Employment Preference,0,0,0,0,0,0,0,0,0,0,
Tuvalu,Oceania,Family Visas,0,1,0,0,0,0,0,0,0,1,
Tuvalu,Oceania,Special Immigrants,0,0,0,0,0,0,0,0,0,0,
Tuvalu,Oceania,Total,0,1,0,0,0,0,0,0,0,1,
Uganda,Africa,Diversity Immigrants,141,165,143,200,104,198,167,164,158,91,144
Uganda,Africa,Employment Preference,18,3,8,3,6,26,47,64,56,41,39
Uganda,Africa,Family Visas,274,300,252,402,498,586,470,526,469,454,489
Uganda,Africa,Special Immigrants,1,0,0,1,5,0,4,1,3,2,2
Uganda,Africa,Total,434,468,403,606,613,810,688,755,686,588,674
Ukraine,Europe,Diversity Immigrants,1880,1685,1772,1637,1421,1800,1759,1278,1762,2016,3305
Ukraine,Europe,Employment Preference,47,47,55,42,56,60,55,60,53,70,104
Ukraine,Europe,Family Visas,1755,1928,2064,2424,2076,2353,2409,2791,3308,2674,2664
Ukraine,Europe,Special Immigrants,3,12,1,7,14,7,22,37,8,20,21
Ukraine,Europe,Total,3685,3672,3892,4110,3567,4220,4245,4166,5131,4780,6094
United Arab Emirates,Asia,Diversity Immigrants,3,11,4,19,38,36,36,40,27,31,20
United Arab Emirates,Asia,Employment Preference,7,18,9,10,30,40,35,44,86,87,258
United Arab Emirates,Asia,Family Visas,216,238,270,262,292,290,304,384,444,374,425
United Arab Emirates,Asia,Special Immigrants,1,6,4,3,23,11,11,8,16,19,5
United Arab Emirates,Asia,Total,227,273,287,294,383,377,386,476,573,511,708
Uruguay,South America,Diversity Immigrants,6,7,5,1,3,1,9,5,8,7,9
Uruguay,South America,Employment Preference,2,11,14,4,7,7,7,4,7,7,14
Uruguay,South America,Family Visas,95,85,71,93,88,83,72,117,104,115,122
Uruguay,South America,Special Immigrants,0,1,0,0,3,4,4,0,1,1,
Uruguay,South America,Total,103,104,90,98,101,95,92,126,120,130,145
Uzbekistan,Europe,Diversity Immigrants,2243,2365,3324,3579,3205,3371,3019,2520,2366,3195,2762
Uzbekistan,Europe,Employment Preference,12,15,19,17,10,9,17,22,12,16,20
Uzbekistan,Europe,Family Visas,274,270,349,383,499,501,653,714,945,893,857
Uzbekistan,Europe,Special Immigrants,2,3,5,3,2,6,6,12,14,12,18
Uzbekistan,Europe,Total,2531,2653,3697,3982,3716,3887,3695,3268,3337,4116,3657
Vanuatu,Oceania,Diversity Immigrants,0,0,0,0,0,0,0,0,1,0,
Vanuatu,Oceania,Employment Preference,0,0,0,0,0,0,0,0,0,0,
Vanuatu,Oceania,Family Visas,2,4,0,2,2,1,1,5,1,0,3
Vanuatu,Oceania,Special Immigrants,0,0,0,0,0,0,0,0,0,0,
Vanuatu,Oceania,Total,2,4,0,2,2,1,1,5,2,0,3
Vatican City,Europe,Diversity Immigrants,0,0,0,0,0,0,0,0,0,0,
Vatican City,Europe,Employment Preference,0,0,0,0,0,0,0,0,0,0,
Vatican City,Europe,Family Visas,0,0,0,0,0,0,0,0,0,0,
Vatican City,Europe,Special Immigrants,0,0,0,0,0,0,0,0,0,0,
Vatican City,Europe,Total,0,0,0,0,0,0,0,0,0,0,
Venezuela,South America,Diversity Immigrants,121,227,339,406,410,503,749,672,639,1177,690
Venezuela,South America,Employment Preference,43,79,109,104,154,162,129,165,156,259,500
Venezuela,South America,Family Visas,918,1128,1352,1452,1363,1149,1021,1495,1665,1461,1962
Venezuela,South America,Special Immigrants,6,3,8,3,5,2,11,16,11,12,12
Venezuela,South America,Total,1088,1437,1808,1965,1932,1816,1910,2348,2471,2909,3164
Vietnam,Asia,Diversity Immigrants,0,0,0,0,0,0,0,0,0,0,
Vietnam,Asia,Employment Preference,31,24,74,105,52,68,149,523,563,665,1197
Vietnam,Asia,Family Visas,23442,19998,27450,26865,23988,23323,24286,26823,32352,27965,26130
Vietnam,Asia,Special Immigrants,9,11,10,27,18,21,44,32,49,53,23
Vietnam,Asia,Total,23559,20079,27557,27032,24133,23424,24489,27391,32970,28719,27350
Wallis and Futuna,Europe,Diversity Immigrants,0,0,0,0,0,0,0,0,0,0,
Wallis and Futuna,Europe,Employment Preference,0,0,0,0,0,0,0,0,0,0,
Wallis and Futuna,Europe,Family Visas,0,0,0,0,0,0,0,0,0,0,
Wallis and Futuna,Europe,Special Immigrants,0,0,0,0,0,0,0,0,0,0,
Wallis and Futuna,Europe,Total,0,0,0,0,0,0,0,0,0,0,
Western Sahara,Africa,Diversity Immigrants,,,,,,,0,0,0,0,
Western Sahara,Africa,Employment Preference,,,,,,,0,0,0,0,
Western Sahara,Africa,Family Visas,,,,,,,0,0,0,0,
Western Sahara,Africa,Special Immigrants,,,,,,,0,0,0,0,
Western Sahara,Africa,Total,,,,,,,0,0,0,0,
Western Sahara,Europe,Diversity Immigrants,0,0,0,0,0,0,,,,,
Western Sahara,Europe,Employment Preference,0,0,0,0,0,0,,,,,
Western Sahara,Europe,Family Visas,0,0,0,0,0,0,,,,,
Western Sahara,Europe,Special Immigrants,0,0,0,0,0,0,,,,,
Western Sahara,Europe,Total,0,0,0,0,0,0,,,,,
Yemen,Asia,Diversity Immigrants,22,49,33,40,64,194,200,171,396,264,21
Yemen,Asia,Employment Preference,19,15,12,10,16,31,35,4,30,18,12
Yemen,Asia,Family Visas,1228,2987,2368,2711,2595,2925,2694,2965,12563,5134,1217
Yemen,Asia,Special Immigrants,1,1,3,0,6,8,10,3,9,3,6
Yemen,Asia,Total,1270,3052,2416,2761,2681,3158,2939,3143,12998,5419,1256
Zambia,Africa,Diversity Immigrants,55,28,38,43,13,34,12,30,18,15,6
Zambia,Africa,Employment Preference,2,3,2,15,3,2,8,8,22,2,26
Zambia,Africa,Family Visas,84,95,85,111,100,83,95,119,91,103,95
Zambia,Africa,Special Immigrants,2,0,0,0,0,0,0,0,0,1,
Zambia,Africa,Total,143,126,125,169,116,119,115,157,131,121,127
Zimbabwe,Africa,Diversity Immigrants,44,79,53,72,37,60,24,43,79,43,41
Zimbabwe,Africa,Employment Preference,9,15,13,10,14,12,23,17,10,21,9
Zimbabwe,Africa,Family Visas,92,121,125,142,102,144,130,160,207,181,218
Zimbabwe,Africa,Special Immigrants,1,0,0,2,0,1,1,0,1,1,2
Zimbabwe,Africa,Total,146,215,191,226,153,217,178,220,297,246,270